source_GEOID,isolation_score,isolation_rank,county_name
36061,25.129315379378998,1,"New York County, New York"
36005,22.176308450134712,2,"Bronx County, New York"
36047,20.842282931468905,3,"Kings County, New York"
36081,15.73038621406046,4,"Queens County, New York"
06075,14.260788002964185,5,"San Francisco County, California"
35028,13.417727069299762,6,"Los Alamos County, New Mexico"
48261,12.97845769241683,7,"Kenedy County, Texas"
46102,12.703237312381606,8,"Oglala Lakota County, South Dakota"
48301,12.473068114964377,9,"Loving County, Texas"
34017,11.983916636761185,10,"Hudson County, New Jersey"
25025,11.728073583168147,11,"Suffolk County, Massachusetts"
13053,11.689892167684736,12,"Chattahoochee County, Georgia"
11001,11.331747480533592,13,"District of Columbia, District of Columbia"
13239,10.715952630678153,14,"Quitman County, Georgia"
16065,10.619170137270531,15,"Madison County, Idaho"
36085,10.51412626285145,16,"Richmond County, New York"
48105,10.331895415732276,17,"Crockett County, Texas"
48173,10.005371220277446,18,"Glasscock County, Texas"
46137,9.995602827495286,19,"Ziebach County, South Dakota"
42101,9.688798104499948,20,"Philadelphia County, Pennsylvania"
06003,9.685089467872682,21,"Alpine County, California"
35011,9.467426603489812,22,"De Baca County, New Mexico"
08097,9.45597061572074,23,"Pitkin County, Colorado"
46095,9.432108796126002,24,"Mellette County, South Dakota"
46121,9.251402254068203,25,"Todd County, South Dakota"
51013,9.225907077498185,26,"Arlington County, Virginia"
30103,9.223174634009144,27,"Treasure County, Montana"
38085,9.209377107876765,28,"Sioux County, North Dakota"
35033,9.20213536730055,29,"Mora County, New Mexico"
48247,8.918779474317432,30,"Jim Hogg County, Texas"
48319,8.918322050922484,31,"Mason County, Texas"
48377,8.827137892495747,32,"Presidio County, Texas"
13309,8.792640468768573,33,"Wheeler County, Georgia"
32015,8.617409907599352,34,"Lander County, Nevada"
46017,8.493032688024611,35,"Buffalo County, South Dakota"
04001,8.476878195938486,36,"Apache County, Arizona"
35021,8.468001389449869,37,"Harding County, New Mexico"
04012,8.438907947057363,38,"La Paz County, Arizona"
35003,8.43152989733751,39,"Catron County, New Mexico"
08053,8.344210288202577,40,"Hinsdale County, Colorado"
51610,8.088933696695046,41,"Falls Church city, Virginia"
48505,8.08530877725851,42,"Zapata County, Texas"
48311,8.083241248805129,43,"McMullen County, Texas"
48283,8.081497999487333,44,"La Salle County, Texas"
25019,8.067884195312919,45,"Nantucket County, Massachusetts"
46031,8.048570969300314,46,"Corson County, South Dakota"
48229,8.002369261043167,47,"Hudspeth County, Texas"
16025,7.9961883932982545,48,"Camas County, Idaho"
12086,7.916448397351144,49,"Miami-Dade County, Florida"
55078,7.915943439632323,50,"Menominee County, Wisconsin"
48243,7.903260447628804,51,"Jeff Davis County, Texas"
48109,7.838297422951217,52,"Culberson County, Texas"
06085,7.832604060674254,53,"Santa Clara County, California"
35031,7.808330573157032,54,"McKinley County, New Mexico"
13141,7.752469438783851,55,"Hancock County, Georgia"
46071,7.752384176821845,56,"Jackson County, South Dakota"
48421,7.730415018578563,57,"Sherman County, Texas"
36109,7.6881352517710635,58,"Tompkins County, New York"
48269,7.681843247191071,59,"King County, Texas"
48137,7.645490487914966,60,"Edwards County, Texas"
25007,7.597794681374247,61,"Dukes County, Massachusetts"
51510,7.597321792857091,62,"Alexandria city, Virginia"
48427,7.573950088725842,63,"Starr County, Texas"
34013,7.5737421046595514,64,"Essex County, New Jersey"
32017,7.543845015038013,65,"Lincoln County, Nevada"
49029,7.526790045208867,66,"Morgan County, Utah"
38079,7.502898054242906,67,"Rolette County, North Dakota"
51685,7.44848885632735,68,"Manassas Park city, Virginia"
01105,7.448208785149503,69,"Perry County, Alabama"
30003,7.435278849886558,70,"Big Horn County, Montana"
08111,7.429344746642031,71,"San Juan County, Colorado"
08033,7.355362172410711,72,"Dolores County, Colorado"
28055,7.344327880494705,73,"Issaquena County, Mississippi"
36119,7.3257770860525255,74,"Westchester County, New York"
08113,7.303291443155032,75,"San Miguel County, Colorado"
53031,7.29275625060626,76,"Jefferson County, Washington"
48131,7.2870932534997275,77,"Duval County, Texas"
06081,7.220874445782347,78,"San Mateo County, California"
22091,7.198591790942609,79,"St. Helena Parish, Louisiana"
13049,7.174359817572591,80,"Charlton County, Georgia"
08079,7.156074225823907,81,"Mineral County, Colorado"
49031,7.143307263300048,82,"Piute County, Utah"
51678,7.104771742827422,83,"Lexington city, Virginia"
53033,7.080369393762314,84,"King County, Washington"
48433,7.053505225218416,85,"Stonewall County, Texas"
13063,7.0394110610063425,86,"Clayton County, Georgia"
48033,6.965842745614066,87,"Borden County, Texas"
51107,6.954471940196134,88,"Loudoun County, Virginia"
39075,6.915304653857354,89,"Holmes County, Ohio"
16077,6.913540094677402,90,"Power County, Idaho"
26083,6.885330752768402,91,"Keweenaw County, Michigan"
48165,6.866218610914489,92,"Gaines County, Texas"
32011,6.851445221427094,93,"Eureka County, Nevada"
22023,6.80438419674595,94,"Cameron Parish, Louisiana"
16033,6.799711158862899,95,"Clark County, Idaho"
06041,6.7988863775997315,96,"Marin County, California"
06091,6.796044006165387,97,"Sierra County, California"
05077,6.79235782087424,98,"Lee County, Arkansas"
13271,6.790654803425693,99,"Telfair County, Georgia"
46041,6.76633545741311,100,"Dewey County, South Dakota"
21237,6.748548511642959,101,"Wolfe County, Kentucky"
48385,6.7260145934103335,102,"Real County, Texas"
37095,6.721360713346061,103,"Hyde County, North Carolina"
17013,6.71035651570674,104,"Calhoun County, Illinois"
12087,6.701952358791309,105,"Monroe County, Florida"
32009,6.673241403079546,106,"Esmeralda County, Nevada"
46007,6.667052092922683,107,"Bennett County, South Dakota"
48507,6.662821841413078,108,"Zavala County, Texas"
35053,6.659507705251111,109,"Socorro County, New Mexico"
48101,6.63746046602671,110,"Cottle County, Texas"
08019,6.634534953692054,111,"Clear Creek County, Colorado"
18087,6.6174484983171995,112,"LaGrange County, Indiana"
36059,6.60176473967559,113,"Nassau County, New York"
38005,6.599616005973585,114,"Benson County, North Dakota"
08051,6.598100400417856,115,"Gunnison County, Colorado"
48413,6.571153293743363,116,"Schleicher County, Texas"
30011,6.564854091826511,117,"Carter County, Montana"
48323,6.560415568105576,118,"Maverick County, Texas"
48111,6.5517784528483896,119,"Dallam County, Texas"
35019,6.5497571993143975,120,"Guadalupe County, New Mexico"
48127,6.5329567050965975,121,"Dimmit County, Texas"
28051,6.529711405289608,122,"Holmes County, Mississippi"
48431,6.514091577004458,123,"Sterling County, Texas"
01063,6.500277721512621,124,"Greene County, Alabama"
30079,6.49959647004387,125,"Prairie County, Montana"
48495,6.492939023899464,126,"Winkler County, Texas"
08037,6.491690129127792,127,"Eagle County, Colorado"
08117,6.469709497100754,128,"Summit County, Colorado"
35059,6.467847421604364,129,"Union County, New Mexico"
08035,6.4626985394051415,130,"Douglas County, Colorado"
30037,6.458624183833119,131,"Golden Valley County, Montana"
53055,6.451413812728181,132,"San Juan County, Washington"
48357,6.419007095328106,133,"Ochiltree County, Texas"
04023,6.401367409427647,134,"Santa Cruz County, Arizona"
47095,6.400007995314638,135,"Lake County, Tennessee"
06105,6.39934132524826,136,"Trinity County, California"
48263,6.396815242434363,137,"Kent County, Texas"
51735,6.391219467446671,138,"Poquoson city, Virginia"
49049,6.3841250486003815,139,"Utah County, Utah"
56039,6.38043425952058,140,"Teton County, Wyoming"
30051,6.373768638078502,141,"Liberty County, Montana"
48443,6.371236177965556,142,"Terrell County, Texas"
08093,6.346715630565086,143,"Park County, Colorado"
46075,6.331335000711564,144,"Jones County, South Dakota"
51091,6.330695774219104,145,"Highland County, Virginia"
53069,6.3256458561707225,146,"Wahkiakum County, Washington"
32029,6.32438869095847,147,"Storey County, Nevada"
06025,6.323672936192003,148,"Imperial County, California"
22035,6.309120145457845,149,"East Carroll Parish, Louisiana"
48215,6.307335486438798,150,"Hidalgo County, Texas"
06001,6.307207619533558,151,"Alameda County, California"
28021,6.2957072411487465,152,"Claiborne County, Mississippi"
08021,6.279650241824587,153,"Conejos County, Colorado"
30085,6.279626259855981,154,"Roosevelt County, Montana"
04011,6.276730249138771,155,"Greenlee County, Arizona"
51720,6.255210169174979,156,"Norton city, Virginia"
32007,6.232585248756124,157,"Elko County, Nevada"
48155,6.229225197739229,158,"Foard County, Texas"
49009,6.217740122037965,159,"Daggett County, Utah"
08065,6.197559496600485,160,"Lake County, Colorado"
30033,6.188061680706386,161,"Garfield County, Montana"
32027,6.175394907760824,162,"Pershing County, Nevada"
40025,6.166936633357499,163,"Cimarron County, Oklahoma"
22071,6.157714274089456,164,"Orleans Parish, Louisiana"
24510,6.1560487434862186,165,"Baltimore city, Maryland"
24031,6.148559562120158,166,"Montgomery County, Maryland"
38087,6.1473963085969165,167,"Slope County, North Dakota"
48327,6.146691474813827,168,"Menard County, Texas"
48087,6.125399565683772,169,"Collingsworth County, Texas"
31007,6.119069821005834,170,"Banner County, Nebraska"
53061,6.118243391712465,171,"Snohomish County, Washington"
32013,6.114779403017487,172,"Humboldt County, Nevada"
49037,6.110390695859708,173,"San Juan County, Utah"
17031,6.108782056403822,174,"Cook County, Illinois"
48501,6.1086974864771335,175,"Yoakum County, Texas"
32033,6.103531997267733,176,"White Pine County, Nevada"
22087,6.094060747378465,177,"St. Bernard Parish, Louisiana"
12051,6.093780049454083,178,"Hendry County, Florida"
49043,6.078720097974981,179,"Summit County, Utah"
06053,6.076696391492797,180,"Monterey County, California"
48103,6.050426437381879,181,"Crane County, Texas"
48489,6.048718817083376,182,"Willacy County, Texas"
30035,6.045224349951063,183,"Glacier County, Montana"
42053,6.015278235516681,184,"Forest County, Pennsylvania"
32021,6.002803310851331,185,"Mineral County, Nevada"
35039,6.001999703380638,186,"Rio Arriba County, New Mexico"
31091,5.998480087682522,187,"Hooker County, Nebraska"
27031,5.9951298715655685,188,"Cook County, Minnesota"
48163,5.989652264895623,189,"Frio County, Texas"
34003,5.987258623296975,190,"Bergen County, New Jersey"
48235,5.980875127002576,191,"Irion County, Texas"
28119,5.978003173483448,192,"Quitman County, Mississippi"
48383,5.970452379579999,193,"Reagan County, Texas"
36087,5.969569394296246,194,"Rockland County, New York"
51540,5.965488018008779,195,"Charlottesville city, Virginia"
08047,5.962800459782726,196,"Gilpin County, Colorado"
08013,5.961865648824838,197,"Boulder County, Colorado"
12119,5.958750268475657,198,"Sumter County, Florida"
53007,5.944526011352326,199,"Chelan County, Washington"
47007,5.94420927520389,200,"Bledsoe County, Tennessee"
16037,5.936618183417849,201,"Custer County, Idaho"
48295,5.9359968001010746,202,"Lipscomb County, Texas"
53073,5.934209937397153,203,"Whatcom County, Washington"
16085,5.933391227740334,204,"Valley County, Idaho"
38065,5.9272778575729745,205,"Oliver County, North Dakota"
08011,5.917924647668031,206,"Bent County, Colorado"
08057,5.914519279146374,207,"Jackson County, Colorado"
08091,5.909790899162847,208,"Ouray County, Colorado"
13191,5.898505246046604,209,"McIntosh County, Georgia"
13117,5.892462229622315,210,"Forsyth County, Georgia"
48045,5.891808600772548,211,"Briscoe County, Texas"
08023,5.88738970131845,212,"Costilla County, Colorado"
55079,5.883506520543287,213,"Milwaukee County, Wisconsin"
22021,5.870126753271922,214,"Caldwell Parish, Louisiana"
06107,5.863830366949248,215,"Tulare County, California"
51530,5.861696664610274,216,"Buena Vista city, Virginia"
31005,5.842052323986483,217,"Arthur County, Nebraska"
28053,5.84125462331299,218,"Humphreys County, Mississippi"
17097,5.840615862610731,219,"Lake County, Illinois"
51600,5.839354645575395,220,"Fairfax city, Virginia"
26089,5.829494181260194,221,"Leelanau County, Michigan"
20075,5.820237335990105,222,"Hamilton County, Kansas"
08109,5.813459209976808,223,"Saguache County, Colorado"
35006,5.81009862443156,224,"Cibola County, New Mexico"
48389,5.807367807995848,225,"Reeves County, Texas"
29203,5.804826296596057,226,"Shannon County, Missouri"
08025,5.803915223048282,227,"Crowley County, Colorado"
08039,5.799624599960423,228,"Elbert County, Colorado"
30005,5.797031915002236,229,"Blaine County, Montana"
48271,5.793656031803375,230,"Kinney County, Texas"
06071,5.793237530489202,231,"San Bernardino County, California"
51059,5.79023685960334,232,"Fairfax County, Virginia"
41021,5.78863108886367,233,"Gilliam County, Oregon"
24033,5.786094234422065,234,"Prince George's County, Maryland"
22027,5.78142112882806,235,"Claiborne Parish, Louisiana"
31009,5.777305230343251,236,"Blaine County, Nebraska"
32023,5.776134099857799,237,"Nye County, Nevada"
48479,5.771296680510719,238,"Webb County, Texas"
41049,5.769921293551354,239,"Morrow County, Oregon"
12043,5.766375180135179,240,"Glades County, Florida"
51683,5.761342055970872,241,"Manassas city, Virginia"
29510,5.746753051468196,242,"St. Louis city, Missouri"
45005,5.7454897095339765,243,"Allendale County, South Carolina"
08055,5.739363371279698,244,"Huerfano County, Colorado"
01087,5.734177307864494,245,"Macon County, Alabama"
08015,5.728906871949306,246,"Chaffee County, Colorado"
49051,5.726336506088364,247,"Wasatch County, Utah"
06083,5.722315786497856,248,"Santa Barbara County, California"
48095,5.721203437755876,249,"Concho County, Texas"
26097,5.708757904212813,250,"Mackinac County, Michigan"
48043,5.706469215086301,251,"Brewster County, Texas"
56035,5.704913590266622,252,"Sublette County, Wyoming"
28063,5.698515459832505,253,"Jefferson County, Mississippi"
04017,5.6963161554706945,254,"Navajo County, Arizona"
08014,5.691484979869535,255,"Broomfield County, Colorado"
46063,5.688949465850567,256,"Harding County, South Dakota"
08031,5.688054550056783,257,"Denver County, Colorado"
12011,5.6795372339060854,258,"Broward County, Florida"
48393,5.673188098230654,259,"Roberts County, Texas"
31171,5.672038829133492,260,"Thomas County, Nebraska"
41027,5.671507555734968,261,"Hood River County, Oregon"
08027,5.656741826630221,262,"Custer County, Colorado"
41057,5.643941007318298,263,"Tillamook County, Oregon"
56001,5.642809642890963,264,"Albany County, Wyoming"
48169,5.63779377496698,265,"Garza County, Texas"
34039,5.635941649942183,266,"Union County, New Jersey"
21075,5.626781859586732,267,"Fulton County, Kentucky"
28041,5.62092218137455,268,"Greene County, Mississippi"
51830,5.616624371220986,269,"Williamsburg city, Virginia"
41015,5.615576641674603,270,"Curry County, Oregon"
06037,5.608023224120218,271,"Los Angeles County, California"
28125,5.604948482153114,272,"Sharkey County, Mississippi"
51115,5.604059333581517,273,"Mathews County, Virginia"
48061,5.599059779631783,274,"Cameron County, Texas"
30059,5.597289051314668,275,"Meagher County, Montana"
16015,5.596455216012494,276,"Boise County, Idaho"
16023,5.596107962878557,277,"Butte County, Idaho"
31037,5.592781751912444,278,"Colfax County, Nebraska"
06039,5.579974588681584,279,"Madera County, California"
06051,5.578278391858896,280,"Mono County, California"
06059,5.577266187930492,281,"Orange County, California"
53001,5.574092141694125,282,"Adams County, Washington"
31173,5.573550988107414,283,"Thurston County, Nebraska"
20187,5.571502111081585,284,"Stanton County, Kansas"
51133,5.565594654734313,285,"Northumberland County, Virginia"
06069,5.564343958607951,286,"San Benito County, California"
30007,5.553318270082303,287,"Broadwater County, Montana"
54013,5.548033707936878,288,"Calhoun County, West Virginia"
16021,5.543310835875708,289,"Boundary County, Idaho"
13093,5.542116339527781,290,"Dooly County, Georgia"
53057,5.5375357141825505,291,"Skagit County, Washington"
16013,5.533588859242785,292,"Blaine County, Idaho"
13307,5.53318417833921,293,"Webster County, Georgia"
16051,5.53093190470653,294,"Jefferson County, Idaho"
49005,5.530195615349233,295,"Cache County, Utah"
48017,5.509900717587233,296,"Bailey County, Texas"
44001,5.5090233432039755,297,"Bristol County, Rhode Island"
51131,5.503487216458454,298,"Northampton County, Virginia"
29197,5.4993724152805425,299,"Schuyler County, Missouri"
08045,5.498615012506157,300,"Garfield County, Colorado"
48023,5.493036519155936,301,"Baylor County, Texas"
12021,5.4886274852116355,302,"Collier County, Florida"
37177,5.486820760985653,303,"Tyrrell County, North Carolina"
09190,5.483556222108741,304,"Western Connecticut Planning Region, Connecticut"
48435,5.482326472204978,305,"Sutton County, Texas"
35051,5.48046750735799,306,"Sierra County, New Mexico"
06111,5.480175612831667,307,"Ventura County, California"
35057,5.470086185172313,308,"Torrance County, New Mexico"
28009,5.4673938540681,309,"Benton County, Mississippi"
29103,5.460058553178219,310,"Knox County, Missouri"
26003,5.457114910470358,311,"Alger County, Michigan"
20203,5.454922300948558,312,"Wichita County, Kansas"
54047,5.4533460876960955,313,"McDowell County, West Virginia"
48071,5.45114633614312,314,"Chambers County, Texas"
13281,5.450279937674364,315,"Towns County, Georgia"
49033,5.442977644173722,316,"Rich County, Utah"
34031,5.442185721235057,317,"Passaic County, New Jersey"
30107,5.439911295068559,318,"Wheatland County, Montana"
06015,5.43837395135026,319,"Del Norte County, California"
49045,5.437850056635845,320,"Tooele County, Utah"
08119,5.434749071092557,321,"Teller County, Colorado"
48047,5.430066088861911,322,"Brooks County, Texas"
51045,5.424869787903699,323,"Craig County, Virginia"
19167,5.418291309865362,324,"Sioux County, Iowa"
53023,5.418117752127442,325,"Garfield County, Washington"
28143,5.41336550245801,326,"Tunica County, Mississippi"
13259,5.408566886439815,327,"Stewart County, Georgia"
01085,5.404317504222744,328,"Lowndes County, Alabama"
48291,5.394054018579934,329,"Liberty County, Texas"
26131,5.391764797031778,330,"Ontonagon County, Michigan"
48157,5.391021541523187,331,"Fort Bend County, Texas"
06013,5.390043187819887,332,"Contra Costa County, California"
22107,5.386201773087845,333,"Tensas Parish, Louisiana"
41069,5.370693430597886,334,"Wheeler County, Oregon"
48211,5.366083445953521,335,"Hemphill County, Texas"
30069,5.364043455635634,336,"Petroleum County, Montana"
51103,5.355894173866558,337,"Lancaster County, Virginia"
20067,5.348544168778935,338,"Grant County, Kansas"
36103,5.346503438861379,339,"Suffolk County, New York"
48317,5.341580346415005,340,"Martin County, Texas"
48195,5.338855995919306,341,"Hansford County, Texas"
24027,5.336665737452907,342,"Howard County, Maryland"
12027,5.333276932772194,343,"DeSoto County, Florida"
46085,5.33050812208471,344,"Lyman County, South Dakota"
17069,5.330137036855395,345,"Hardin County, Illinois"
30045,5.319365384932991,346,"Judith Basin County, Montana"
30077,5.3180205975154005,347,"Powell County, Montana"
21129,5.31204746269457,348,"Lee County, Kentucky"
16059,5.309331158697484,349,"Lemhi County, Idaho"
19101,5.305603014619149,350,"Jefferson County, Iowa"
06065,5.303113842068261,351,"Riverside County, California"
55089,5.302791063799517,352,"Ozaukee County, Wisconsin"
41055,5.300229284236151,353,"Sherman County, Oregon"
53009,5.296663561924204,354,"Clallam County, Washington"
53059,5.293170875848289,355,"Skamania County, Washington"
12029,5.289583193860244,356,"Dixie County, Florida"
51750,5.2861486904757085,357,"Radford city, Virginia"
46061,5.276877060831986,358,"Hanson County, South Dakota"
35055,5.2750172293151945,359,"Taos County, New Mexico"
30075,5.273691141322619,360,"Powder River County, Montana"
49055,5.257808427336156,361,"Wayne County, Utah"
22059,5.2563290305146,362,"LaSalle Parish, Louisiana"
48007,5.25541438991329,363,"Aransas County, Texas"
34023,5.2417658707974155,364,"Middlesex County, New Jersey"
46049,5.240387444527755,365,"Faulk County, South Dakota"
35049,5.237703779597207,366,"Santa Fe County, New Mexico"
12103,5.23701465921619,367,"Pinellas County, Florida"
49023,5.2345125664942,368,"Juab County, Utah"
37189,5.233621477865762,369,"Watauga County, North Carolina"
53049,5.2280009696809815,370,"Pacific County, Washington"
24017,5.2271677339241895,371,"Charles County, Maryland"
16081,5.22038736361583,372,"Teton County, Idaho"
13125,5.219071103043064,373,"Glascock County, Georgia"
25001,5.216861185083789,374,"Barnstable County, Massachusetts"
48461,5.216011974167754,375,"Upton County, Texas"
38091,5.208424652539375,376,"Steele County, North Dakota"
06031,5.203988676636057,377,"Kings County, California"
54075,5.2035893170868555,378,"Pocahontas County, West Virginia"
30031,5.197996648184448,379,"Gallatin County, Montana"
06019,5.193764231353117,380,"Fresno County, California"
48359,5.191679358289998,381,"Oldham County, Texas"
51680,5.187499023349362,382,"Lynchburg city, Virginia"
51153,5.182112016104583,383,"Prince William County, Virginia"
25017,5.1799945167995105,384,"Middlesex County, Massachusetts"
31103,5.1775702120865414,385,"Keya Paha County, Nebraska"
20175,5.167762862748866,386,"Seward County, Kansas"
13193,5.163519714314292,387,"Macon County, Georgia"
48417,5.157666052163681,388,"Shackelford County, Texas"
21159,5.147880864133147,389,"Martin County, Kentucky"
51157,5.147696179153909,390,"Rappahannock County, Virginia"
22125,5.143859869162501,391,"West Feliciana Parish, Louisiana"
09120,5.14261880466311,392,"Greater Bridgeport Planning Region, Connecticut"
25021,5.131003885504905,393,"Norfolk County, Massachusetts"
40059,5.12980200310819,394,"Harper County, Oklahoma"
22123,5.121873291113537,395,"West Carroll Parish, Louisiana"
41063,5.121344880383298,396,"Wallowa County, Oregon"
08107,5.120543258741964,397,"Routt County, Colorado"
17151,5.119610566912608,398,"Pope County, Illinois"
30061,5.117331061844955,399,"Mineral County, Montana"
47157,5.111184470618376,400,"Shelby County, Tennessee"
49011,5.107462467200312,401,"Davis County, Utah"
08059,5.104010618843283,402,"Jefferson County, Colorado"
30025,5.103636565570895,403,"Fallon County, Montana"
13121,5.102691852209108,404,"Fulton County, Georgia"
20105,5.100400300672176,405,"Lincoln County, Kansas"
38075,5.099993254639842,406,"Renville County, North Dakota"
26095,5.093102214476028,407,"Luce County, Michigan"
08001,5.090232396225211,408,"Adams County, Colorado"
35047,5.086879581381493,409,"San Miguel County, New Mexico"
41051,5.085906703407818,410,"Multnomah County, Oregon"
26001,5.082939084130176,411,"Alcona County, Michigan"
13065,5.080921649405224,412,"Clinch County, Georgia"
28083,5.078799937310965,413,"Leflore County, Mississippi"
13265,5.076290653985234,414,"Taliaferro County, Georgia"
05079,5.076283617547067,415,"Lincoln County, Arkansas"
28005,5.072773869295847,416,"Amite County, Mississippi"
49001,5.069279295756218,417,"Beaver County, Utah"
53047,5.067866936810468,418,"Okanogan County, Washington"
51097,5.059983968825492,419,"King and Queen County, Virginia"
28157,5.059124955303631,420,"Wilkinson County, Mississippi"
28135,5.058217724446287,421,"Tallahatchie County, Mississippi"
08049,5.057511888629166,422,"Grand County, Colorado"
30089,5.052565695055014,423,"Sanders County, Montana"
06077,5.047397105232555,424,"San Joaquin County, California"
53077,5.0451625751508775,425,"Yakima County, Washington"
06023,5.044672547643416,426,"Humboldt County, California"
06073,5.043240011995069,427,"San Diego County, California"
54017,5.0423738351016,428,"Doddridge County, West Virginia"
37073,5.042092793381676,429,"Gates County, North Carolina"
39035,5.041939280393318,430,"Cuyahoga County, Ohio"
12099,5.0316889313399935,431,"Palm Beach County, Florida"
06087,5.028356423140223,432,"Santa Cruz County, California"
55029,5.025100474889139,433,"Door County, Wisconsin"
31117,5.016026092657104,434,"McPherson County, Nebraska"
13263,5.013374425347642,435,"Talbot County, Georgia"
28027,5.012576015033494,436,"Coahoma County, Mississippi"
30055,5.009782557537829,437,"McCone County, Montana"
28129,5.009076808929786,438,"Smith County, Mississippi"
17003,5.007341201328038,439,"Alexander County, Illinois"
06049,5.00418017209672,440,"Modoc County, California"
49021,5.003831965713382,441,"Iron County, Utah"
54007,5.003598203888693,442,"Braxton County, West Virginia"
22075,5.003048155784732,443,"Plaquemines Parish, Louisiana"
31183,5.001217520795913,444,"Wheeler County, Nebraska"
01119,4.998681143471247,445,"Sumter County, Alabama"
26141,4.99538331479964,446,"Presque Isle County, Michigan"
27087,4.995156554999656,447,"Mahnomen County, Minnesota"
48141,4.99392952498473,448,"El Paso County, Texas"
20055,4.993343149824987,449,"Finney County, Kansas"
37173,4.990732747105836,450,"Swain County, North Carolina"
04027,4.987142579151392,451,"Yuma County, Arizona"
12109,4.986051597629215,452,"St. Johns County, Florida"
48341,4.985938492098263,453,"Moore County, Texas"
16007,4.9807301700780515,454,"Bear Lake County, Idaho"
53045,4.979060861834274,455,"Mason County, Washington"
31075,4.976102896005736,456,"Grant County, Nebraska"
30057,4.972530045686318,457,"Madison County, Montana"
20081,4.971633678854575,458,"Haskell County, Kansas"
06047,4.97116220057748,459,"Merced County, California"
22065,4.970637110221952,460,"Madison Parish, Louisiana"
08005,4.967912326895646,461,"Arapahoe County, Colorado"
08007,4.96728052910834,462,"Archuleta County, Colorado"
48465,4.966046643586177,463,"Val Verde County, Texas"
40139,4.960184085866404,464,"Texas County, Oklahoma"
51730,4.959562221379778,465,"Petersburg city, Virginia"
53029,4.959494878885724,466,"Island County, Washington"
29223,4.958880467219273,467,"Wayne County, Missouri"
37053,4.953802559047736,468,"Currituck County, North Carolina"
31085,4.949723744313577,469,"Hayes County, Nebraska"
48299,4.948321546237883,470,"Llano County, Texas"
20171,4.945710509604824,471,"Scott County, Kansas"
54101,4.945451025669889,472,"Webster County, West Virginia"
13101,4.943273541335073,473,"Echols County, Georgia"
47187,4.9431739348019494,474,"Williamson County, Tennessee"
53021,4.942074765580817,475,"Franklin County, Washington"
51021,4.936148173319242,476,"Bland County, Virginia"
48257,4.931615007324276,477,"Kaufman County, Texas"
17153,4.923355221402636,478,"Pulaski County, Illinois"
49019,4.912973170970008,479,"Grand County, Utah"
48205,4.9106705606046095,480,"Hartley County, Texas"
53027,4.909479923376158,481,"Grays Harbor County, Washington"
06043,4.909379233006918,482,"Mariposa County, California"
48241,4.909061820109798,483,"Jasper County, Texas"
53019,4.908750645711271,484,"Ferry County, Washington"
35045,4.908444856053417,485,"San Juan County, New Mexico"
06055,4.908408616041581,486,"Napa County, California"
30053,4.904293337700633,487,"Lincoln County, Montana"
50013,4.903059284213422,488,"Grand Isle County, Vermont"
35007,4.902973608056233,489,"Colfax County, New Mexico"
48345,4.902856070049781,490,"Motley County, Texas"
28151,4.902413130987696,491,"Washington County, Mississippi"
49035,4.899075667130478,492,"Salt Lake County, Utah"
12017,4.89407514806871,493,"Citrus County, Florida"
35029,4.892037138442539,494,"Luna County, New Mexico"
48425,4.891554957958277,495,"Somervell County, Texas"
40057,4.89049592537129,496,"Harmon County, Oklahoma"
48351,4.887220210221181,497,"Newton County, Texas"
53075,4.886253018227711,498,"Whitman County, Washington"
20007,4.870719069917888,499,"Barber County, Kansas"
29085,4.868371176538019,500,"Hickory County, Missouri"
30065,4.867759324861676,501,"Musselshell County, Montana"
22101,4.86652672832154,502,"St. Mary Parish, Louisiana"
12037,4.862415024243438,503,"Franklin County, Florida"
46055,4.859059337356823,504,"Haakon County, South Dakota"
51580,4.855058634827911,505,"Covington city, Virginia"
48449,4.853312580755903,506,"Titus County, Texas"
49053,4.8492249292241425,507,"Washington County, Utah"
48003,4.842417225071574,508,"Andrews County, Texas"
06033,4.841048813124176,509,"Lake County, California"
04005,4.84029315709724,510,"Coconino County, Arizona"
06027,4.840076813892149,511,"Inyo County, California"
28105,4.83688945475983,512,"Oktibbeha County, Mississippi"
51199,4.835681785268171,513,"York County, Virginia"
30039,4.835590908472946,514,"Granite County, Montana"
48197,4.83118220731783,515,"Hardeman County, Texas"
21147,4.830703160168367,516,"McCreary County, Kentucky"
48115,4.829005252396889,517,"Dawson County, Texas"
46023,4.827536876465594,518,"Charles Mix County, South Dakota"
44005,4.827287640774563,519,"Newport County, Rhode Island"
51001,4.826560994535568,520,"Accomack County, Virginia"
51760,4.826358325192018,521,"Richmond city, Virginia"
48371,4.825967989624748,522,"Pecos County, Texas"
22051,4.824760805531056,523,"Jefferson Parish, Louisiana"
29169,4.8232172076413145,524,"Pulaski County, Missouri"
35023,4.820594839238823,525,"Hidalgo County, New Mexico"
26061,4.817638921054873,526,"Houghton County, Michigan"
30063,4.81555554649982,527,"Missoula County, Montana"
13089,4.814735528055391,528,"DeKalb County, Georgia"
48453,4.81392592291244,529,"Travis County, Texas"
56045,4.812703442010273,530,"Weston County, Wyoming"
13037,4.811665928511805,531,"Calhoun County, Georgia"
16003,4.811083641504954,532,"Adams County, Idaho"
51630,4.80733335962361,533,"Fredericksburg city, Virginia"
49013,4.807033259145909,534,"Duchesne County, Utah"
54059,4.804519050468972,535,"Mingo County, West Virginia"
19021,4.803304389344871,536,"Buena Vista County, Iowa"
48201,4.803240925062271,537,"Harris County, Texas"
21153,4.802716628268079,538,"Magoffin County, Kentucky"
05123,4.800274489413401,539,"St. Francis County, Arkansas"
35025,4.799438090474284,540,"Lea County, New Mexico"
16041,4.797194148423953,541,"Franklin County, Idaho"
37055,4.793658246483381,542,"Dare County, North Carolina"
35037,4.78901471385082,543,"Quay County, New Mexico"
49039,4.7883541878355205,544,"Sanpete County, Utah"
47137,4.787822135874271,545,"Pickett County, Tennessee"
51179,4.784276710070873,546,"Stafford County, Virginia"
13017,4.7836879666830745,547,"Ben Hill County, Georgia"
48129,4.781869875478126,548,"Donley County, Texas"
06029,4.781015441054786,549,"Kern County, California"
48075,4.778498473858596,550,"Childress County, Texas"
12115,4.77609540504626,551,"Sarasota County, Florida"
32003,4.773946186430759,552,"Clark County, Nevada"
08069,4.769888493815545,553,"Larimer County, Colorado"
30067,4.7698054216736026,554,"Park County, Montana"
13007,4.769241763205144,555,"Baker County, Georgia"
08099,4.76792753035889,556,"Prowers County, Colorado"
12049,4.76150873553235,557,"Hardee County, Florida"
48085,4.759421343382174,558,"Collin County, Texas"
21165,4.759052251366763,559,"Menifee County, Kentucky"
20093,4.755156624381202,560,"Kearny County, Kansas"
48397,4.754603565839098,561,"Rockwall County, Texas"
41037,4.754336178689584,562,"Lake County, Oregon"
20071,4.752644207882836,563,"Greeley County, Kansas"
21189,4.751316492096823,564,"Owsley County, Kentucky"
48329,4.7424846286664675,565,"Midland County, Texas"
54021,4.736312916416738,566,"Gilmer County, West Virginia"
30087,4.732428603607181,567,"Rosebud County, Montana"
48079,4.731821883757102,568,"Cochran County, Texas"
06095,4.723700942538855,569,"Solano County, California"
13167,4.720108440536936,570,"Johnson County, Georgia"
08103,4.718746670767419,571,"Rio Blanco County, Colorado"
04015,4.715470464587962,572,"Mohave County, Arizona"
48135,4.714391582550798,573,"Ector County, Texas"
48117,4.710809179077859,574,"Deaf Smith County, Texas"
18025,4.710424386983404,575,"Crawford County, Indiana"
06097,4.708484866494908,576,"Sonoma County, California"
38105,4.708291358113484,577,"Williams County, North Dakota"
48191,4.70687195162061,578,"Hall County, Texas"
48335,4.706436098596337,579,"Mitchell County, Texas"
20039,4.70548205707212,580,"Decatur County, Kansas"
46073,4.704535355990992,581,"Jerauld County, South Dakota"
24037,4.6984153378784015,582,"St. Mary's County, Maryland"
29035,4.695996331858141,583,"Carter County, Missouri"
13133,4.695575993480147,584,"Greene County, Georgia"
08123,4.694647019982739,585,"Weld County, Colorado"
16049,4.692786797907723,586,"Idaho County, Idaho"
06035,4.691857558417296,587,"Lassen County, California"
48057,4.691696088317057,588,"Calhoun County, Texas"
13289,4.691500528591619,589,"Twiggs County, Georgia"
08041,4.6904337156262415,590,"El Paso County, Colorado"
56041,4.6890746701218395,591,"Uinta County, Wyoming"
16063,4.684474248769588,592,"Lincoln County, Idaho"
06113,4.675924259983878,593,"Yolo County, California"
20181,4.675002150713903,594,"Sherman County, Kansas"
17059,4.673468032333319,595,"Gallatin County, Illinois"
54071,4.669167218343696,596,"Pendleton County, West Virginia"
35061,4.667678412787375,597,"Valencia County, New Mexico"
41003,4.666685709379587,598,"Benton County, Oregon"
47169,4.6661736563909315,599,"Trousdale County, Tennessee"
54015,4.663658259811168,600,"Clay County, West Virginia"
08003,4.661676262453815,601,"Alamosa County, Colorado"
54089,4.661004051159588,602,"Summers County, West Virginia"
06099,4.658762372354489,603,"Stanislaus County, California"
48069,4.6569537575035245,604,"Castro County, Texas"
22045,4.656314565096043,605,"Iberia Parish, Louisiana"
13135,4.656150410231347,606,"Gwinnett County, Georgia"
45065,4.65548346959911,607,"McCormick County, South Carolina"
32005,4.653783249665921,608,"Douglas County, Nevada"
40001,4.653317854720176,609,"Adair County, Oklahoma"
51149,4.6529718690374455,610,"Prince George County, Virginia"
48249,4.652706918691423,611,"Jim Wells County, Texas"
26069,4.650891050161545,612,"Iosco County, Michigan"
24039,4.641646056229637,613,"Somerset County, Maryland"
48113,4.641120573128098,614,"Dallas County, Texas"
31017,4.640017292142279,615,"Brown County, Nebraska"
16073,4.638459472708892,616,"Owyhee County, Idaho"
38053,4.634794432806558,617,"McKenzie County, North Dakota"
16071,4.634211337237986,618,"Oneida County, Idaho"
06063,4.632824883977385,619,"Plumas County, California"
31045,4.632424913838947,620,"Dawes County, Nebraska"
21095,4.63206432561012,621,"Harlan County, Kentucky"
56027,4.631464844613528,622,"Niobrara County, Wyoming"
53017,4.630156346359527,623,"Douglas County, Washington"
29181,4.6283985121262425,624,"Ripley County, Missouri"
46119,4.6281873792137365,625,"Sully County, South Dakota"
12131,4.62803013067482,626,"Walton County, Florida"
51660,4.62505626664734,627,"Harrisonburg city, Virginia"
20069,4.623255308755194,628,"Gray County, Kansas"
48437,4.619825518458916,629,"Swisher County, Texas"
05013,4.617988292728761,630,"Calhoun County, Arkansas"
01025,4.60671555315662,631,"Clarke County, Alabama"
08043,4.6048614921211195,632,"Fremont County, Colorado"
42045,4.604654118134386,633,"Delaware County, Pennsylvania"
48491,4.60401693452171,634,"Williamson County, Texas"
28163,4.602277892487204,635,"Yazoo County, Mississippi"
31165,4.600356233858141,636,"Sioux County, Nebraska"
38023,4.597797029352248,637,"Divide County, North Dakota"
24009,4.597752655740802,638,"Calvert County, Maryland"
30095,4.5974610170254895,639,"Stillwater County, Montana"
23013,4.594687689356935,640,"Knox County, Maine"
51181,4.594670007780228,641,"Surry County, Virginia"
06011,4.594428336127942,642,"Colusa County, California"
29149,4.5942290953691955,643,"Oregon County, Missouri"
48447,4.593051896978944,644,"Throckmorton County, Texas"
37061,4.592332006603418,645,"Duplin County, North Carolina"
49057,4.592236687062106,646,"Weber County, Utah"
04007,4.589705468574551,647,"Gila County, Arizona"
26139,4.587401032173071,648,"Ottawa County, Michigan"
13183,4.587294189470311,649,"Long County, Georgia"
12071,4.586918398290494,650,"Lee County, Florida"
21013,4.586785255544625,651,"Bell County, Kentucky"
22029,4.585612813772199,652,"Concordia Parish, Louisiana"
49027,4.58511107404747,653,"Millard County, Utah"
16039,4.584814359916139,654,"Elmore County, Idaho"
38095,4.582126081361582,655,"Towner County, North Dakota"
30043,4.581672305594265,656,"Jefferson County, Montana"
49041,4.581017530633925,657,"Sevier County, Utah"
31069,4.580419214418226,658,"Garden County, Nebraska"
06109,4.576801344171034,659,"Tuolumne County, California"
35027,4.576330555226046,660,"Lincoln County, New Mexico"
40067,4.574786491913278,661,"Jefferson County, Oklahoma"
40129,4.564225053971197,662,"Roger Mills County, Oklahoma"
46083,4.561335608960569,663,"Lincoln County, South Dakota"
29155,4.559918984820806,664,"Pemiscot County, Missouri"
08067,4.555530424446924,665,"La Plata County, Colorado"
48019,4.5553079859715915,666,"Bandera County, Texas"
12097,4.553520821465079,667,"Osceola County, Florida"
08029,4.553177447633792,668,"Delta County, Colorado"
48369,4.552650509168938,669,"Parmer County, Texas"
08105,4.54679663072998,670,"Rio Grande County, Colorado"
37187,4.544083621344377,671,"Washington County, North Carolina"
05101,4.541947538252537,672,"Newton County, Arkansas"
28033,4.540604658005666,673,"DeSoto County, Mississippi"
51075,4.5405506987967,674,"Goochland County, Virginia"
45009,4.539973661655931,675,"Bamberg County, South Carolina"
08073,4.533711037664973,676,"Lincoln County, Colorado"
47067,4.529766730351955,677,"Hancock County, Tennessee"
05107,4.5283718509423165,678,"Phillips County, Arkansas"
22013,4.526565451922635,679,"Bienville Parish, Louisiana"
37099,4.521392641592025,680,"Jackson County, North Carolina"
13181,4.517843504993566,681,"Lincoln County, Georgia"
38007,4.517004998767864,682,"Billings County, North Dakota"
08061,4.512672476655026,683,"Kiowa County, Colorado"
48259,4.510568528107696,684,"Kendall County, Texas"
37135,4.5097150101082555,685,"Orange County, North Carolina"
19039,4.507382232658839,686,"Clarke County, Iowa"
20161,4.505847860582449,687,"Riley County, Kansas"
28091,4.5056348433859625,688,"Marion County, Mississippi"
38037,4.500174666278327,689,"Grant County, North Dakota"
32019,4.500065313611218,690,"Lyon County, Nevada"
51147,4.499166172253396,691,"Prince Edward County, Virginia"
32031,4.498348401070599,692,"Washoe County, Nevada"
48153,4.496512553383791,693,"Floyd County, Texas"
28069,4.495748194575798,694,"Kemper County, Mississippi"
30093,4.495599489005783,695,"Silver Bow County, Montana"
31113,4.4949776827885595,696,"Logan County, Nebraska"
25009,4.494153367418825,697,"Essex County, Massachusetts"
13243,4.489505092450097,698,"Randolph County, Georgia"
48379,4.487576877375844,699,"Rains County, Texas"
29153,4.484966410453766,700,"Ozark County, Missouri"
41017,4.483215750641694,701,"Deschutes County, Oregon"
55061,4.480821969241761,702,"Kewaunee County, Wisconsin"
41013,4.48062019925129,703,"Crook County, Oregon"
51036,4.478341866527201,704,"Charles City County, Virginia"
06079,4.476120119279106,705,"San Luis Obispo County, California"
34021,4.476071502055208,706,"Mercer County, New Jersey"
01131,4.47597578939512,707,"Wilcox County, Alabama"
37131,4.47595419133558,708,"Northampton County, North Carolina"
37137,4.475375299746022,709,"Pamlico County, North Carolina"
16029,4.475324893360231,710,"Caribou County, Idaho"
20135,4.474474326542686,711,"Ness County, Kansas"
21201,4.473673647357924,712,"Robertson County, Kentucky"
22109,4.473646390543812,713,"Terrebonne Parish, Louisiana"
41033,4.473545947979719,714,"Josephine County, Oregon"
08009,4.472116700757166,715,"Baca County, Colorado"
19051,4.470812826857386,716,"Davis County, Iowa"
28133,4.470784533230917,717,"Sunflower County, Mississippi"
41023,4.4695573739020125,718,"Grant County, Oregon"
12015,4.469347986048484,719,"Charlotte County, Florida"
53025,4.4680590122224855,720,"Grant County, Washington"
46027,4.464432034506482,721,"Clay County, South Dakota"
53053,4.46380080888956,722,"Pierce County, Washington"
30023,4.4636736150516025,723,"Deer Lodge County, Montana"
12125,4.463065370482333,724,"Union County, Florida"
48273,4.460784953958585,725,"Kleberg County, Texas"
12123,4.460339211452081,726,"Taylor County, Florida"
50001,4.46025208894906,727,"Addison County, Vermont"
31043,4.457244304545207,728,"Dakota County, Nebraska"
12047,4.455888550647661,729,"Hamilton County, Florida"
04021,4.455289721564748,730,"Pinal County, Arizona"
37037,4.454331753412781,731,"Chatham County, North Carolina"
41025,4.452754361051455,732,"Harney County, Oregon"
05133,4.45189898516449,733,"Sevier County, Arkansas"
56007,4.451142910557172,734,"Carbon County, Wyoming"
12045,4.448093233463926,735,"Gulf County, Florida"
37031,4.445700614713135,736,"Carteret County, North Carolina"
49047,4.44387901261915,737,"Uintah County, Utah"
51810,4.441976693085656,738,"Virginia Beach city, Virginia"
48107,4.441434566023677,739,"Crosby County, Texas"
05039,4.440802518534728,740,"Dallas County, Arkansas"
05147,4.438854225698248,741,"Woodruff County, Arkansas"
06045,4.437738943472417,742,"Mendocino County, California"
20101,4.4364738279905005,743,"Lane County, Kansas"
51017,4.435594757811835,744,"Bath County, Virginia"
48125,4.435025517197296,745,"Dickens County, Texas"
39121,4.4318292487185325,746,"Noble County, Ohio"
36079,4.4294504356603746,747,"Putnam County, New York"
49003,4.42864782138882,748,"Box Elder County, Utah"
48473,4.424269714491064,749,"Waller County, Texas"
34027,4.4218522143069245,750,"Morris County, New Jersey"
27053,4.418443996109288,751,"Hennepin County, Minnesota"
08125,4.416887593088471,752,"Yuma County, Colorado"
46021,4.415944110922753,753,"Campbell County, South Dakota"
36071,4.415320190209786,754,"Orange County, New York"
30001,4.4115475717944745,755,"Beaverhead County, Montana"
20057,4.408618338434135,756,"Ford County, Kansas"
13219,4.40632706587247,757,"Oconee County, Georgia"
56005,4.406159400793755,758,"Campbell County, Wyoming"
04013,4.405269786608303,759,"Maricopa County, Arizona"
51119,4.403317640429784,760,"Middlesex County, Virginia"
21121,4.40328811541415,761,"Knox County, Kentucky"
19103,4.402414920493471,762,"Johnson County, Iowa"
51111,4.400573641229886,763,"Lunenburg County, Virginia"
42103,4.400077582737926,764,"Pike County, Pennsylvania"
13085,4.399443776030248,765,"Dawson County, Georgia"
46079,4.398687659677466,766,"Lake County, South Dakota"
56023,4.396246334574024,767,"Lincoln County, Wyoming"
32510,4.394407226701795,768,"Carson City, Nevada"
54085,4.394293220164075,769,"Ritchie County, West Virginia"
34025,4.393689370904211,770,"Monmouth County, New Jersey"
37063,4.392402782035481,771,"Durham County, North Carolina"
12085,4.39228272416989,772,"Martin County, Florida"
27123,4.392237774356922,773,"Ramsey County, Minnesota"
55059,4.3922201547351865,774,"Kenosha County, Wisconsin"
29133,4.391466246792725,775,"Mississippi County, Missouri"
53013,4.390251168778851,776,"Columbia County, Washington"
34035,4.390005245405022,777,"Somerset County, New Jersey"
49015,4.385016729956328,778,"Emery County, Utah"
48297,4.382409107096719,779,"Live Oak County, Texas"
06057,4.381824815698246,780,"Nevada County, California"
37129,4.379965841050394,781,"New Hanover County, North Carolina"
55003,4.379056931485463,782,"Ashland County, Wisconsin"
06101,4.376277999709322,783,"Sutter County, California"
21057,4.375412851870303,784,"Cumberland County, Kentucky"
48209,4.372518717395532,785,"Hays County, Texas"
17093,4.372096337497233,786,"Kendall County, Illinois"
38025,4.370986407626494,787,"Dunn County, North Dakota"
35035,4.368624880996356,788,"Otero County, New Mexico"
12055,4.367779220605702,789,"Highlands County, Florida"
08095,4.364154919831303,790,"Phillips County, Colorado"
08115,4.362038368148485,791,"Sedgwick County, Colorado"
49017,4.361927213584305,792,"Garfield County, Utah"
29199,4.361845859362446,793,"Scotland County, Missouri"
51027,4.361514513794055,794,"Buchanan County, Virginia"
48011,4.361183978840446,795,"Armstrong County, Texas"
35009,4.360082265291365,796,"Curry County, New Mexico"
13273,4.359907231330861,797,"Terrell County, Georgia"
13163,4.357427022802507,798,"Jefferson County, Georgia"
28065,4.35725147814423,799,"Jefferson Davis County, Mississippi"
28093,4.355394103909622,800,"Marshall County, Mississippi"
51710,4.352694709843633,801,"Norfolk city, Virginia"
30009,4.351586785012517,802,"Carbon County, Montana"
40007,4.350008648796568,803,"Beaver County, Oklahoma"
31105,4.349507966134271,804,"Kimball County, Nebraska"
08017,4.3456383287724245,805,"Cheyenne County, Colorado"
48457,4.345143607481407,806,"Tyler County, Texas"
38083,4.344966184508188,807,"Sheridan County, North Dakota"
56037,4.344939632710118,808,"Sweetwater County, Wyoming"
38061,4.344935382821941,809,"Mountrail County, North Dakota"
41005,4.344274658562113,810,"Clackamas County, Oregon"
35017,4.342638383775792,811,"Grant County, New Mexico"
22081,4.338456633164859,812,"Red River Parish, Louisiana"
51121,4.338092692793826,813,"Montgomery County, Virginia"
06021,4.3368052360721645,814,"Glenn County, California"
16031,4.333916852137238,815,"Cassia County, Idaho"
37091,4.333630544663603,816,"Hertford County, North Carolina"
51029,4.3332853373357185,817,"Buckingham County, Virginia"
48151,4.3328554119812654,818,"Fisher County, Texas"
48463,4.3315780037682465,819,"Uvalde County, Texas"
01129,4.330541012816536,820,"Washington County, Alabama"
22003,4.330405655210493,821,"Allen Parish, Louisiana"
22095,4.328995982169026,822,"St. John the Baptist Parish, Louisiana"
35015,4.328002058822784,823,"Eddy County, New Mexico"
28077,4.325593436944276,824,"Lawrence County, Mississippi"
51700,4.32449353230722,825,"Newport News city, Virginia"
01023,4.324350194560831,826,"Choctaw County, Alabama"
16043,4.323969927648862,827,"Fremont County, Idaho"
12067,4.321866106470774,828,"Lafayette County, Florida"
48091,4.321439103134071,829,"Comal County, Texas"
48207,4.3197069459466935,830,"Haskell County, Texas"
48307,4.319525357880271,831,"McCulloch County, Texas"
48403,4.317250892495402,832,"Sabine County, Texas"
56013,4.314282844502751,833,"Fremont County, Wyoming"
06061,4.31410452936143,834,"Placer County, California"
08089,4.312838235495392,835,"Otero County, Colorado"
55025,4.312020622055195,836,"Dane County, Wisconsin"
51650,4.311989410344815,837,"Hampton city, Virginia"
04009,4.311142457610012,838,"Graham County, Arizona"
51125,4.310152866432583,839,"Nelson County, Virginia"
40009,4.309442293908729,840,"Beckham County, Oklahoma"
46059,4.309163353480862,841,"Hand County, South Dakota"
20179,4.309156394723817,842,"Sheridan County, Kansas"
06067,4.308850371226572,843,"Sacramento County, California"
46089,4.307836150005546,844,"McPherson County, South Dakota"
23005,4.303517860346242,845,"Cumberland County, Maine"
26063,4.30066674700313,846,"Huron County, Michigan"
16019,4.300390155887834,847,"Bonneville County, Idaho"
37029,4.296625657542168,848,"Camden County, North Carolina"
38011,4.295401623729285,849,"Bowman County, North Dakota"
13113,4.294491087626169,850,"Fayette County, Georgia"
08081,4.294332608870945,851,"Moffat County, Colorado"
34019,4.292606121669765,852,"Hunterdon County, New Jersey"
29211,4.291557122333135,853,"Sullivan County, Missouri"
13179,4.291441895063824,854,"Liberty County, Georgia"
37133,4.289716426832189,855,"Onslow County, North Carolina"
51061,4.287785052508133,856,"Fauquier County, Virginia"
48483,4.2861377532297675,857,"Wheeler County, Texas"
45033,4.285107469468314,858,"Dillon County, South Carolina"
48407,4.284614249045556,859,"San Jacinto County, Texas"
20061,4.283221757895625,860,"Geary County, Kansas"
31015,4.282722855481094,861,"Boyd County, Nebraska"
16053,4.28130102613216,862,"Jerome County, Idaho"
13315,4.281238535973459,863,"Wilcox County, Georgia"
40043,4.280659184641562,864,"Dewey County, Oklahoma"
29017,4.279618476077878,865,"Bollinger County, Missouri"
48227,4.2772244246478115,866,"Howard County, Texas"
31083,4.275229402523217,867,"Harlan County, Nebraska"
50007,4.274133131086815,868,"Chittenden County, Vermont"
29001,4.273917839781244,869,"Adair County, Missouri"
34011,4.270432537109043,870,"Cumberland County, New Jersey"
46069,4.2696356974578284,871,"Hyde County, South Dakota"
47037,4.26942584023079,872,"Davidson County, Tennessee"
04019,4.267891677936525,873,"Pima County, Arizona"
09170,4.267141476862229,874,"South Central Connecticut Planning Region, Connecticut"
51670,4.264384652860783,875,"Hopewell city, Virginia"
19049,4.263583591368658,876,"Dallas County, Iowa"
13291,4.2630291791919674,877,"Union County, Georgia"
46047,4.262547376913662,878,"Fall River County, South Dakota"
34009,4.260779410329811,879,"Cape May County, New Jersey"
48255,4.258345880979158,880,"Karnes County, Texas"
37183,4.257577584794514,881,"Wake County, North Carolina"
26073,4.257454359754697,882,"Isabella County, Michigan"
48099,4.256424556266014,883,"Coryell County, Texas"
48355,4.255604473902596,884,"Nueces County, Texas"
35001,4.253660031123547,885,"Bernalillo County, New Mexico"
41009,4.2523844478758575,886,"Columbia County, Oregon"
24029,4.251388752171042,887,"Kent County, Maryland"
13099,4.250186393989763,888,"Early County, Georgia"
20165,4.250030200673058,889,"Rush County, Kansas"
54063,4.249046313082456,890,"Monroe County, West Virginia"
13301,4.248984007537752,891,"Warren County, Georgia"
16087,4.248983752579589,892,"Washington County, Idaho"
22007,4.24897824035594,893,"Assumption Parish, Louisiana"
27105,4.248171728102518,894,"Nobles County, Minnesota"
28137,4.248099209549541,895,"Tate County, Mississippi"
50003,4.24685186245023,896,"Bennington County, Vermont"
16045,4.2455788554759755,897,"Gem County, Idaho"
17109,4.245116370358632,898,"McDonough County, Illinois"
13241,4.244440055346688,899,"Rabun County, Georgia"
13235,4.2439280139235205,900,"Pulaski County, Georgia"
13003,4.243906469890021,901,"Atkinson County, Georgia"
21205,4.243053190604573,902,"Rowan County, Kentucky"
26029,4.242230283008906,903,"Charlevoix County, Michigan"
01011,4.241390414773816,904,"Bullock County, Alabama"
49007,4.2412552243725665,905,"Carbon County, Utah"
30047,4.238699963583202,906,"Lake County, Montana"
48321,4.238293291449231,907,"Matagorda County, Texas"
31047,4.237623906825926,908,"Dawson County, Nebraska"
55007,4.237616355127908,909,"Bayfield County, Wisconsin"
51740,4.236844657903997,910,"Portsmouth city, Virginia"
31149,4.236484811121839,911,"Rock County, Nebraska"
26085,4.236483576836111,912,"Lake County, Michigan"
17043,4.2351970657454245,913,"DuPage County, Illinois"
56011,4.233804025979889,914,"Crook County, Wyoming"
39009,4.233270703640699,915,"Athens County, Ohio"
30015,4.233117996118197,916,"Chouteau County, Montana"
19169,4.232524124653276,917,"Story County, Iowa"
13061,4.231730530849826,918,"Clay County, Georgia"
49025,4.227905794355015,919,"Kane County, Utah"
36123,4.227422485685378,920,"Yates County, New York"
24019,4.227242569713961,921,"Dorchester County, Maryland"
21063,4.2260254141796425,922,"Elliott County, Kentucky"
35043,4.2238018481946815,923,"Sandoval County, New Mexico"
22115,4.223543610497662,924,"Vernon Parish, Louisiana"
30049,4.223539048676143,925,"Lewis and Clark County, Montana"
06009,4.222733605328366,926,"Calaveras County, California"
53039,4.220787571582049,927,"Klickitat County, Washington"
21119,4.2203775662096135,928,"Knott County, Kentucky"
22119,4.220246980917857,929,"Webster Parish, Louisiana"
22093,4.220098850126574,930,"St. James Parish, Louisiana"
48083,4.2195006443267005,931,"Coleman County, Texas"
53037,4.219344721202556,932,"Kittitas County, Washington"
48055,4.216044742079957,933,"Caldwell County, Texas"
18057,4.215374983765057,934,"Hamilton County, Indiana"
39041,4.214395139459998,935,"Delaware County, Ohio"
48121,4.2140130871123045,936,"Denton County, Texas"
12035,4.212652049624512,937,"Flagler County, Florida"
22041,4.212321391033088,938,"Franklin Parish, Louisiana"
22037,4.21182500660911,939,"East Feliciana Parish, Louisiana"
28049,4.211167635831206,940,"Hinds County, Mississippi"
26013,4.209355996469788,941,"Baraga County, Michigan"
22039,4.208254798131707,942,"Evangeline Parish, Louisiana"
46091,4.208222694828961,943,"Marshall County, South Dakota"
30073,4.207086062271333,944,"Pondera County, Montana"
16057,4.206031679790984,945,"Latah County, Idaho"
21131,4.205044934982334,946,"Leslie County, Kentucky"
23015,4.2039272514954,947,"Lincoln County, Maine"
48179,4.20381755738221,948,"Gray County, Texas"
48471,4.203386012479369,949,"Walker County, Texas"
26161,4.202224313451838,950,"Washtenaw County, Michigan"
41041,4.201448443531059,951,"Lincoln County, Oregon"
24003,4.20100297893769,952,"Anne Arundel County, Maryland"
13201,4.199236443095912,953,"Miller County, Georgia"
13059,4.197611313723815,954,"Clarke County, Georgia"
30081,4.196945667173677,955,"Ravalli County, Montana"
04025,4.196768030606717,956,"Yavapai County, Arizona"
48279,4.1907512323610625,957,"Lamb County, Texas"
48237,4.190681420816728,958,"Jack County, Texas"
06017,4.1881615015530524,959,"El Dorado County, California"
34029,4.187926941136858,960,"Ocean County, New Jersey"
08071,4.187457804551553,961,"Las Animas County, Colorado"
45049,4.187337154979107,962,"Hampton County, South Carolina"
20137,4.187315651295538,963,"Norton County, Kansas"
47091,4.185518274913198,964,"Johnson County, Tennessee"
46043,4.185282962007988,965,"Douglas County, South Dakota"
39085,4.184226398152381,966,"Lake County, Ohio"
20119,4.183622127907161,967,"Meade County, Kansas"
36055,4.1816749879391235,968,"Monroe County, New York"
56029,4.180837558041751,969,"Park County, Wyoming"
46081,4.180579603444155,970,"Lawrence County, South Dakota"
51595,4.17958543100869,971,"Emporia city, Virginia"
05073,4.178883302345665,972,"Lafayette County, Arkansas"
46033,4.178675591674666,973,"Custer County, South Dakota"
37113,4.178336179018285,974,"Macon County, North Carolina"
51105,4.178251282311298,975,"Lee County, Virginia"
05041,4.176673765807061,976,"Desha County, Arkansas"
06093,4.176185280214017,977,"Siskiyou County, California"
20189,4.17524040644557,978,"Stevens County, Kansas"
40015,4.172680223251386,979,"Caddo County, Oklahoma"
26019,4.172584091105191,980,"Benzie County, Michigan"
37143,4.17108834134742,981,"Perquimans County, North Carolina"
37019,4.171039476374304,982,"Brunswick County, North Carolina"
13267,4.167662436521793,983,"Tattnall County, Georgia"
30019,4.167290786300714,984,"Daniels County, Montana"
05099,4.1669842925914065,985,"Nevada County, Arkansas"
53051,4.166660846478795,986,"Pend Oreille County, Washington"
29063,4.16651303888388,987,"DeKalb County, Missouri"
51183,4.162940886989586,988,"Sussex County, Virginia"
48391,4.1623947797357665,989,"Refugio County, Texas"
38039,4.16158840203025,990,"Griggs County, North Dakota"
16047,4.161400426449875,991,"Gooding County, Idaho"
40003,4.157941784205072,992,"Alfalfa County, Oklahoma"
38103,4.15788321987489,993,"Wells County, North Dakota"
21045,4.1576967330048635,994,"Casey County, Kentucky"
48445,4.15720443790468,995,"Terry County, Texas"
12095,4.153807094265956,996,"Orange County, Florida"
16027,4.1529653245713645,997,"Canyon County, Idaho"
22117,4.15274685157096,998,"Washington Parish, Louisiana"
56017,4.152125504310042,999,"Hot Springs County, Wyoming"
12077,4.151210992704602,1000,"Liberty County, Florida"
37043,4.14874726799569,1001,"Clay County, North Carolina"
48245,4.147962816827363,1002,"Jefferson County, Texas"
30097,4.147894552239666,1003,"Sweet Grass County, Montana"
53015,4.147401372046498,1004,"Cowlitz County, Washington"
40151,4.146098241133347,1005,"Woods County, Oklahoma"
48175,4.143861504141771,1006,"Goliad County, Texas"
51187,4.14381894211945,1007,"Warren County, Virginia"
55117,4.1434448747161365,1008,"Sheboygan County, Wisconsin"
53035,4.143022311218835,1009,"Kitsap County, Washington"
06103,4.142434434825711,1010,"Tehama County, California"
48031,4.142098155274258,1011,"Blanco County, Texas"
54105,4.1390418449540025,1012,"Wirt County, West Virginia"
37119,4.138166918350883,1013,"Mecklenburg County, North Carolina"
12033,4.134895158907646,1014,"Escambia County, Florida"
38041,4.134598870468909,1015,"Hettinger County, North Dakota"
38031,4.133819666516612,1016,"Foster County, North Dakota"
16017,4.130398628906397,1017,"Bonner County, Idaho"
24041,4.130164904513782,1018,"Talbot County, Maryland"
01107,4.126587933124857,1019,"Pickens County, Alabama"
41031,4.1224969763104005,1020,"Jefferson County, Oregon"
32001,4.1176195738800185,1021,"Churchill County, Nevada"
38049,4.115781544552861,1022,"McHenry County, North Dakota"
41067,4.1156290416823955,1023,"Washington County, Oregon"
48081,4.112109816023771,1024,"Coke County, Texas"
19191,4.110091777482141,1025,"Winneshiek County, Iowa"
21051,4.1098887322299955,1026,"Clay County, Kentucky"
48021,4.108928920894471,1027,"Bastrop County, Texas"
20097,4.1084272474885575,1028,"Kiowa County, Kansas"
13317,4.108183458201214,1029,"Wilkes County, Georgia"
20145,4.1066165327941135,1030,"Pawnee County, Kansas"
05049,4.1052164660321635,1031,"Fulton County, Arkansas"
42119,4.105134505142228,1032,"Union County, Pennsylvania"
20193,4.104797311513135,1033,"Thomas County, Kansas"
40119,4.104266665249343,1034,"Payne County, Oklahoma"
12111,4.103396679394016,1035,"St. Lucie County, Florida"
01035,4.101339668120081,1036,"Conecuh County, Alabama"
48275,4.0998048634102515,1037,"Knox County, Texas"
12005,4.098708197071794,1038,"Bay County, Florida"
26143,4.098351332417214,1039,"Roscommon County, Michigan"
51620,4.096939544625086,1040,"Franklin city, Virginia"
20129,4.09594276760237,1041,"Morton County, Kansas"
12001,4.094676358933235,1042,"Alachua County, Florida"
45019,4.093429932178924,1043,"Charleston County, South Carolina"
38013,4.0930851687579,1044,"Burke County, North Dakota"
28147,4.0915337821258,1045,"Walthall County, Mississippi"
13051,4.091141877768509,1046,"Chatham County, Georgia"
39123,4.088842321477703,1047,"Ottawa County, Ohio"
28015,4.088078699819618,1048,"Carroll County, Mississippi"
50015,4.087991156609915,1049,"Lamoille County, Vermont"
36041,4.082579535106906,1050,"Hamilton County, New York"
38033,4.081432412629506,1051,"Golden Valley County, North Dakota"
51101,4.0799607963374696,1052,"King William County, Virginia"
20083,4.07681485941876,1053,"Hodgeman County, Kansas"
08075,4.076548996572373,1054,"Logan County, Colorado"
13303,4.076542694291791,1055,"Washington County, Georgia"
51640,4.076190895302425,1056,"Galax city, Virginia"
16061,4.076167551689163,1057,"Lewis County, Idaho"
01089,4.075266920088691,1058,"Madison County, Alabama"
53005,4.074206458853779,1059,"Benton County, Washington"
46057,4.073137678986736,1060,"Hamlin County, South Dakota"
41065,4.073043918887984,1061,"Wasco County, Oregon"
08085,4.072300407442724,1062,"Montrose County, Colorado"
27075,4.071220550171942,1063,"Lake County, Minnesota"
48405,4.0690180863125835,1064,"San Augustine County, Texas"
51193,4.068964704460261,1065,"Westmoreland County, Virginia"
16001,4.067688104768228,1066,"Ada County, Idaho"
30029,4.064146815920998,1067,"Flathead County, Montana"
12117,4.063565867598966,1068,"Seminole County, Florida"
01037,4.063252011312159,1069,"Coosa County, Alabama"
48439,4.063063219690621,1070,"Tarrant County, Texas"
13173,4.061731867177355,1071,"Lanier County, Georgia"
17077,4.059877296643646,1072,"Jackson County, Illinois"
13251,4.057737267568644,1073,"Screven County, Georgia"
16075,4.056736683282932,1074,"Payette County, Idaho"
51007,4.056278369129303,1075,"Amelia County, Virginia"
55071,4.05539836716133,1076,"Manitowoc County, Wisconsin"
48333,4.055181490083423,1077,"Mills County, Texas"
28037,4.054357748847183,1078,"Franklin County, Mississippi"
16067,4.052881555499691,1079,"Minidoka County, Idaho"
54065,4.052380074981824,1080,"Morgan County, West Virginia"
42109,4.050250754139198,1081,"Snyder County, Pennsylvania"
16005,4.050088659258028,1082,"Bannock County, Idaho"
33003,4.049349212476682,1083,"Carroll County, New Hampshire"
21219,4.048025877535685,1084,"Todd County, Kentucky"
53003,4.0477423693935055,1085,"Asotin County, Washington"
26103,4.047480586456991,1086,"Marquette County, Michigan"
26163,4.047162067801495,1087,"Wayne County, Michigan"
51840,4.045904015245335,1088,"Winchester city, Virginia"
48315,4.045569011645016,1089,"Marion County, Texas"
13079,4.044865915640798,1090,"Crawford County, Georgia"
44009,4.04478245075826,1091,"Washington County, Rhode Island"
12073,4.042926396089431,1092,"Leon County, Florida"
38051,4.041323576648164,1093,"McIntosh County, North Dakota"
51159,4.03806344863278,1094,"Richmond County, Virginia"
35005,4.037194091953929,1095,"Chaves County, New Mexico"
12129,4.036460662897317,1096,"Wakulla County, Florida"
48193,4.034498322066152,1097,"Hamilton County, Texas"
51049,4.033618904182815,1098,"Cumberland County, Virginia"
48189,4.0325732319411,1099,"Hale County, Texas"
45069,4.027940123067542,1100,"Marlboro County, South Carolina"
30099,4.027150364410455,1101,"Teton County, Montana"
13165,4.025690296966321,1102,"Jenkins County, Georgia"
13287,4.024753493453662,1103,"Turner County, Georgia"
48267,4.024569815904899,1104,"Kimble County, Texas"
29227,4.024060423389309,1105,"Worth County, Missouri"
26021,4.023336695680419,1106,"Berrien County, Michigan"
38017,4.021611670584746,1107,"Cass County, North Dakota"
53043,4.0159231294959605,1108,"Lincoln County, Washington"
28011,4.01400715293934,1109,"Bolivar County, Mississippi"
06005,4.013662575970425,1110,"Amador County, California"
41035,4.012382163763981,1111,"Klamath County, Oregon"
28103,4.01178482165954,1112,"Noxubee County, Mississippi"
04003,4.009994686534583,1113,"Cochise County, Arizona"
20089,4.009801869719599,1114,"Jewell County, Kansas"
42023,4.008008634070545,1115,"Cameron County, Pennsylvania"
24021,4.007261654422909,1116,"Frederick County, Maryland"
16035,4.003942255934038,1117,"Clearwater County, Idaho"
46117,4.0034449277210635,1118,"Stanley County, South Dakota"
42003,4.002310101116983,1119,"Allegheny County, Pennsylvania"
31115,4.001385787453623,1120,"Loup County, Nebraska"
26153,4.0010026747656955,1121,"Schoolcraft County, Michigan"
37007,3.99881113417831,1122,"Anson County, North Carolina"
20209,3.996293989309491,1123,"Wyandotte County, Kansas"
50025,3.9934171399551976,1124,"Windham County, Vermont"
08083,3.9932019469633415,1125,"Montezuma County, Colorado"
30027,3.990665201623019,1126,"Fergus County, Montana"
51081,3.9898508968106743,1127,"Greensville County, Virginia"
13095,3.9897938769965142,1128,"Dougherty County, Georgia"
48253,3.9877472651245514,1129,"Jones County, Texas"
13159,3.987235205646643,1130,"Jasper County, Georgia"
20199,3.9865824487096364,1131,"Wallace County, Kansas"
47069,3.9856942376329414,1132,"Hardeman County, Tennessee"
37117,3.9856545906948226,1133,"Martin County, North Carolina"
45013,3.9845293550507,1134,"Beaufort County, South Carolina"
17009,3.982425471313185,1135,"Brown County, Illinois"
56019,3.9814478682084307,1136,"Johnson County, Wyoming"
22111,3.981172393832662,1137,"Union Parish, Louisiana"
41045,3.980973058042667,1138,"Malheur County, Oregon"
48039,3.979956692449729,1139,"Brazoria County, Texas"
27019,3.979522958781688,1140,"Carver County, Minnesota"
48497,3.9786784657171306,1141,"Wise County, Texas"
27149,3.9780431685019577,1142,"Stevens County, Minnesota"
42113,3.976826371063927,1143,"Sullivan County, Pennsylvania"
46109,3.9767297797404293,1144,"Roberts County, South Dakota"
17019,3.976365176705039,1145,"Champaign County, Illinois"
38043,3.9727580100543554,1146,"Kidder County, North Dakota"
51095,3.9727530892545375,1147,"James City County, Virginia"
22061,3.972662883519121,1148,"Lincoln Parish, Louisiana"
06007,3.972589830512189,1149,"Butte County, California"
40011,3.9725199464100935,1150,"Blaine County, Oklahoma"
16055,3.9721567106318956,1151,"Kootenai County, Idaho"
54005,3.9718857756553123,1152,"Boone County, West Virginia"
05097,3.9706046637893415,1153,"Montgomery County, Arkansas"
28061,3.9698934094535576,1154,"Jasper County, Mississippi"
48373,3.96800431769907,1155,"Polk County, Texas"
08087,3.9664329690012283,1156,"Morgan County, Colorado"
22085,3.966329463442915,1157,"Sabine Parish, Louisiana"
48475,3.964639798666103,1158,"Ward County, Texas"
05011,3.9635914609676997,1159,"Bradley County, Arkansas"
48171,3.96249620366249,1160,"Gillespie County, Texas"
18011,3.960055816637938,1161,"Boone County, Indiana"
28031,3.9599873214497543,1162,"Covington County, Mississippi"
30091,3.9592652298020456,1163,"Sheridan County, Montana"
41001,3.9587870978602924,1164,"Baker County, Oregon"
35013,3.9586094433840486,1165,"Doña Ana County, New Mexico"
51003,3.953440281571812,1166,"Albemarle County, Virginia"
26033,3.952809226604429,1167,"Chippewa County, Michigan"
29141,3.950721387601168,1168,"Morgan County, Missouri"
55037,3.949566792742807,1169,"Florence County, Wisconsin"
26101,3.947518922372616,1170,"Manistee County, Michigan"
28071,3.947465271234868,1171,"Lafayette County, Mississippi"
20005,3.943346861619539,1172,"Atchison County, Kansas"
24035,3.9432264361897027,1173,"Queen Anne's County, Maryland"
35041,3.9428266094210866,1174,"Roosevelt County, New Mexico"
26047,3.942783491895592,1175,"Emmet County, Michigan"
37041,3.940860159189034,1176,"Chowan County, North Carolina"
08121,3.938249133795781,1177,"Washington County, Colorado"
13253,3.9349954732210835,1178,"Seminole County, Georgia"
45067,3.9334572633659275,1179,"Marion County, South Carolina"
13103,3.933215651632497,1180,"Effingham County, Georgia"
48305,3.9325746389427882,1181,"Lynn County, Texas"
05017,3.9323046091475073,1182,"Chicot County, Arkansas"
27103,3.931806425600611,1183,"Nicollet County, Minnesota"
22025,3.93138195404793,1184,"Catahoula Parish, Louisiana"
13029,3.9285971430524516,1185,"Bryan County, Georgia"
18027,3.928221006696322,1186,"Daviess County, Indiana"
13033,3.9281244307123333,1187,"Burke County, Georgia"
13111,3.9280362746201347,1188,"Fannin County, Georgia"
48375,3.927612750062608,1189,"Potter County, Texas"
40055,3.9266315200918154,1190,"Greer County, Oklahoma"
48013,3.9245708367234315,1191,"Atascosa County, Texas"
18105,3.9197214865472048,1192,"Monroe County, Indiana"
48239,3.9193092886571335,1193,"Jackson County, Texas"
36073,3.9187777448245935,1194,"Orleans County, New York"
08101,3.9172829714316304,1195,"Pueblo County, Colorado"
21105,3.915008625230642,1196,"Hickman County, Kentucky"
54045,3.9128066513288378,1197,"Logan County, West Virginia"
37155,3.9127003797119873,1198,"Robeson County, North Carolina"
41039,3.912695692851804,1199,"Lane County, Oregon"
51057,3.9126083474498388,1200,"Essex County, Virginia"
01099,3.9117000970206437,1201,"Monroe County, Alabama"
48347,3.9103924334665336,1202,"Nacogdoches County, Texas"
56003,3.909210094960986,1203,"Big Horn County, Wyoming"
41029,3.907871947158371,1204,"Jackson County, Oregon"
38047,3.9064883491206612,1205,"Logan County, North Dakota"
13249,3.9039606487246976,1206,"Schley County, Georgia"
54027,3.9033853290788065,1207,"Hampshire County, West Virginia"
22089,3.9022359392540595,1208,"St. Charles Parish, Louisiana"
48041,3.9022264932708417,1209,"Brazos County, Texas"
48455,3.901864674593726,1210,"Trinity County, Texas"
05009,3.9013359738164612,1211,"Boone County, Arkansas"
16069,3.90090358081084,1212,"Nez Perce County, Idaho"
51099,3.900294929427396,1213,"King George County, Virginia"
21181,3.8998925830332745,1214,"Nicholas County, Kentucky"
48353,3.898988463733088,1215,"Nolan County, Texas"
46011,3.898589752188351,1216,"Brookings County, South Dakota"
13097,3.897709360845639,1217,"Douglas County, Georgia"
13217,3.8971026910850037,1218,"Newton County, Georgia"
13081,3.896337749500233,1219,"Crisp County, Georgia"
54109,3.8939756128046485,1220,"Wyoming County, West Virginia"
48415,3.893106357516362,1221,"Scurry County, Texas"
37011,3.8922224204360942,1222,"Avery County, North Carolina"
21109,3.8914447055630816,1223,"Jackson County, Kentucky"
37017,3.8913301282411945,1224,"Bladen County, North Carolina"
34001,3.8893988266782795,1225,"Atlantic County, New Jersey"
31031,3.889056941936054,1226,"Cherry County, Nebraska"
13209,3.8883996830935335,1227,"Montgomery County, Georgia"
42027,3.88762481387727,1228,"Centre County, Pennsylvania"
18001,3.8870354024638516,1229,"Adams County, Indiana"
48139,3.8869984906313038,1230,"Ellis County, Texas"
27109,3.8867478205911525,1231,"Olmsted County, Minnesota"
13067,3.885050859755891,1232,"Cobb County, Georgia"
48399,3.8849766350313395,1233,"Runnels County, Texas"
53065,3.8810197066742256,1234,"Stevens County, Washington"
25023,3.876251709177181,1235,"Plymouth County, Massachusetts"
05093,3.8759868896740333,1236,"Mississippi County, Arkansas"
37149,3.8757151566897905,1237,"Polk County, North Carolina"
20051,3.87507083689117,1238,"Ellis County, Kansas"
12057,3.87255496795851,1239,"Hillsborough County, Florida"
37015,3.8709963269929606,1240,"Bertie County, North Carolina"
53011,3.870534971548423,1241,"Clark County, Washington"
56015,3.8701058564094017,1242,"Goshen County, Wyoming"
12007,3.8687860871700215,1243,"Bradford County, Florida"
13151,3.8672248412307777,1244,"Henry County, Georgia"
13083,3.866612547997548,1245,"Dade County, Georgia"
27131,3.8653788452395283,1246,"Rice County, Minnesota"
44007,3.8634702723643155,1247,"Providence County, Rhode Island"
55101,3.8624553426838486,1248,"Racine County, Wisconsin"
12089,3.860916568564431,1249,"Nassau County, Florida"
05035,3.8599186165390886,1250,"Crittenden County, Arkansas"
20049,3.8595375276828627,1251,"Elk County, Kansas"
13283,3.8590628250274697,1252,"Treutlen County, Georgia"
42091,3.857810008548857,1253,"Montgomery County, Pennsylvania"
13057,3.857197692776157,1254,"Cherokee County, Georgia"
56009,3.856343701083413,1255,"Converse County, Wyoming"
17197,3.855022112167921,1256,"Will County, Illinois"
13247,3.8519475564197454,1257,"Rockdale County, Georgia"
27139,3.851787202307566,1258,"Scott County, Minnesota"
51177,3.8515269003584303,1259,"Spotsylvania County, Virginia"
26041,3.8479328446959644,1260,"Delta County, Michigan"
42049,3.846797946710981,1261,"Erie County, Pennsylvania"
45087,3.844376321076133,1262,"Union County, South Carolina"
21225,3.8442504459559785,1263,"Union County, Kentucky"
51127,3.8425178517660674,1264,"New Kent County, Virginia"
12039,3.8416102793855633,1265,"Gadsden County, Florida"
21047,3.841595495474985,1266,"Christian County, Kentucky"
26043,3.8411184707724666,1267,"Dickinson County, Michigan"
05149,3.8401531558664637,1268,"Yell County, Arkansas"
05067,3.8393431945972267,1269,"Jackson County, Arkansas"
12093,3.8380716377065665,1270,"Okeechobee County, Florida"
06115,3.8363438195129564,1271,"Yuba County, California"
12061,3.8355369312756067,1272,"Indian River County, Florida"
48219,3.835174827635327,1273,"Hockley County, Texas"
28161,3.834133317438751,1274,"Yalobusha County, Mississippi"
38069,3.832934409742313,1275,"Pierce County, North Dakota"
30071,3.832896587285343,1276,"Phillips County, Montana"
47153,3.8328793026931915,1277,"Sequatchie County, Tennessee"
28089,3.831695771395705,1278,"Madison County, Mississippi"
12081,3.831239956393269,1279,"Manatee County, Florida"
41007,3.829286459904387,1280,"Clatsop County, Oregon"
48025,3.8287892599745694,1281,"Bee County, Texas"
37075,3.827362135931237,1282,"Graham County, North Carolina"
29095,3.826991865583455,1283,"Jackson County, Missouri"
48343,3.8258225004706428,1284,"Morris County, Texas"
25003,3.8253410221187703,1285,"Berkshire County, Massachusetts"
46025,3.824069560447034,1286,"Clark County, South Dakota"
05137,3.8225146494337197,1287,"Stone County, Arkansas"
53071,3.822480335922706,1288,"Walla Walla County, Washington"
26135,3.819476847524506,1289,"Oscoda County, Michigan"
28057,3.8167802854429502,1290,"Itawamba County, Mississippi"
34007,3.816019847180675,1291,"Camden County, New Jersey"
31129,3.816002874623312,1292,"Nuckolls County, Nebraska"
05095,3.8150453728749807,1293,"Monroe County, Arkansas"
56021,3.812247708997676,1294,"Laramie County, Wyoming"
48411,3.811987776906291,1295,"San Saba County, Texas"
20109,3.8113630685868976,1296,"Logan County, Kansas"
41047,3.8110367493932027,1297,"Marion County, Oregon"
56043,3.810920352023286,1298,"Washakie County, Wyoming"
40105,3.8080767834796383,1299,"Nowata County, Oklahoma"
37021,3.8079812979930066,1300,"Buncombe County, North Carolina"
22121,3.8067211253274755,1301,"West Baton Rouge Parish, Louisiana"
16011,3.8066673388621814,1302,"Bingham County, Idaho"
13313,3.805627992260581,1303,"Whitfield County, Georgia"
28059,3.80439476285607,1304,"Jackson County, Mississippi"
13109,3.802625653830748,1305,"Evans County, Georgia"
40075,3.8014707533871115,1306,"Kiowa County, Oklahoma"
13221,3.8012533839892484,1307,"Oglethorpe County, Georgia"
55125,3.8010970936276007,1308,"Vilas County, Wisconsin"
12101,3.7992554043913462,1309,"Pasco County, Florida"
19135,3.798310481696686,1310,"Monroe County, Iowa"
08063,3.796361341476751,1311,"Kit Carson County, Colorado"
25015,3.795114226093089,1312,"Hampshire County, Massachusetts"
48065,3.7945120672118264,1313,"Carson County, Texas"
28001,3.794063217511231,1314,"Adams County, Mississippi"
48367,3.7939758930287604,1315,"Parker County, Texas"
23023,3.792679642957367,1316,"Sagadahoc County, Maine"
21011,3.790801900197665,1317,"Bath County, Kentucky"
48009,3.789038101101215,1318,"Archer County, Texas"
28029,3.787538083157227,1319,"Copiah County, Mississippi"
55113,3.7871830577537193,1320,"Sawyer County, Wisconsin"
29171,3.7864652715505684,1321,"Putnam County, Missouri"
26053,3.7852475448041742,1322,"Gogebic County, Michigan"
20047,3.785113312800196,1323,"Edwards County, Kansas"
51019,3.784323514764239,1324,"Bedford County, Virginia"
16079,3.7837207675909648,1325,"Shoshone County, Idaho"
37079,3.783304168849212,1326,"Greene County, North Carolina"
13199,3.7827644618612832,1327,"Meriwether County, Georgia"
41043,3.7823315190708655,1328,"Linn County, Oregon"
20017,3.7819269262470026,1329,"Chase County, Kansas"
37103,3.781362392938644,1330,"Jones County, North Carolina"
47047,3.7797068751368785,1331,"Fayette County, Tennessee"
46105,3.778605123403682,1332,"Perkins County, South Dakota"
21081,3.7757921146729228,1333,"Grant County, Kentucky"
26127,3.7753596891142465,1334,"Oceana County, Michigan"
54103,3.7730907974491648,1335,"Wetzel County, West Virginia"
08077,3.7729349813869204,1336,"Mesa County, Colorado"
12091,3.7720609655405752,1337,"Okaloosa County, Florida"
27071,3.7711743574893855,1338,"Koochiching County, Minnesota"
26151,3.770058921373627,1339,"Sanilac County, Michigan"
40063,3.769709377677234,1340,"Hughes County, Oklahoma"
45027,3.7692294213875,1341,"Clarendon County, South Carolina"
51195,3.7691952309367376,1342,"Wise County, Virginia"
27163,3.7684052174396823,1343,"Washington County, Minnesota"
13139,3.7652461151264984,1344,"Hall County, Georgia"
50009,3.765136294860789,1345,"Essex County, Vermont"
47135,3.7641970268840743,1346,"Perry County, Tennessee"
20153,3.762037692324017,1347,"Rawlins County, Kansas"
39115,3.760744267270484,1348,"Morgan County, Ohio"
47171,3.7585505549390152,1349,"Unicoi County, Tennessee"
41011,3.758467307104015,1350,"Coos County, Oregon"
42029,3.758319094707003,1351,"Chester County, Pennsylvania"
05061,3.756021079601165,1352,"Howard County, Arkansas"
29179,3.7558592608252805,1353,"Reynolds County, Missouri"
38029,3.7553308452517893,1354,"Emmons County, North Dakota"
37115,3.755253211709454,1355,"Madison County, North Carolina"
13197,3.7549800724731,1356,"Marion County, Georgia"
12013,3.751528590224719,1357,"Calhoun County, Florida"
22127,3.7504976055112853,1358,"Winn Parish, Louisiana"
21053,3.750182142039892,1359,"Clinton County, Kentucky"
54001,3.7491694920234715,1360,"Barbour County, West Virginia"
26007,3.7484619911800277,1361,"Alpena County, Michigan"
26119,3.747451467358515,1362,"Montmorency County, Michigan"
50027,3.7467337831718304,1363,"Windsor County, Vermont"
28131,3.7466759114012684,1364,"Stone County, Mississippi"
54061,3.7459136563234745,1365,"Monongalia County, West Virginia"
27077,3.7454951202066162,1366,"Lake of the Woods County, Minnesota"
51590,3.7449477199853356,1367,"Danville city, Virginia"
38057,3.7435433600333834,1368,"Mercer County, North Dakota"
48221,3.7422233234316993,1369,"Hood County, Texas"
55019,3.7414132332278567,1370,"Clark County, Wisconsin"
13237,3.7390620889313246,1371,"Putnam County, Georgia"
48265,3.7367528596277086,1372,"Kerr County, Texas"
13261,3.7355327080468417,1373,"Sumter County, Georgia"
38063,3.734288359423982,1374,"Nelson County, North Dakota"
53041,3.734020606522419,1375,"Lewis County, Washington"
20149,3.7336685880732885,1376,"Pottawatomie County, Kansas"
13055,3.7320270330468865,1377,"Chattooga County, Georgia"
31151,3.7298306808146258,1378,"Saline County, Nebraska"
28079,3.729436524958034,1379,"Leake County, Mississippi"
42089,3.7280208524597787,1380,"Monroe County, Pennsylvania"
12003,3.7278611897259615,1381,"Baker County, Florida"
30041,3.72742145300972,1382,"Hill County, Montana"
40107,3.7246968893836208,1383,"Okfuskee County, Oklahoma"
13187,3.724501879277609,1384,"Lumpkin County, Georgia"
46115,3.7215571412364348,1385,"Spink County, South Dakota"
17071,3.7210750386367213,1386,"Henderson County, Illinois"
33009,3.7198951002729332,1387,"Grafton County, New Hampshire"
34037,3.719886483321155,1388,"Sussex County, New Jersey"
21135,3.719634268948774,1389,"Lewis County, Kentucky"
40053,3.7187693597915272,1390,"Grant County, Oklahoma"
28111,3.717594415895113,1391,"Perry County, Mississippi"
12009,3.714229338197669,1392,"Brevard County, Florida"
22057,3.7129092579540353,1393,"Lafourche Parish, Louisiana"
48339,3.712156923591639,1394,"Montgomery County, Texas"
51145,3.711155016915296,1395,"Powhatan County, Virginia"
26105,3.7094943420800908,1396,"Mason County, Michigan"
45029,3.7092795075046783,1397,"Colleton County, South Carolina"
31097,3.7061304957288215,1398,"Johnson County, Nebraska"
13077,3.7057499994093477,1399,"Coweta County, Georgia"
46097,3.7050366274322304,1400,"Miner County, South Dakota"
48159,3.7047671601774677,1401,"Franklin County, Texas"
13127,3.7035604787846803,1402,"Glynn County, Georgia"
39043,3.702942129956343,1403,"Erie County, Ohio"
37175,3.702222982245709,1404,"Transylvania County, North Carolina"
13223,3.702076510097848,1405,"Paulding County, Georgia"
30109,3.7009130364089677,1406,"Wibaux County, Montana"
21133,3.6994408804181362,1407,"Letcher County, Kentucky"
29045,3.697962255830719,1408,"Clark County, Missouri"
31049,3.6978995189341526,1409,"Deuel County, Nebraska"
13107,3.697819392442972,1410,"Emanuel County, Georgia"
19157,3.6977166783960613,1411,"Poweshiek County, Iowa"
51690,3.6963296953723908,1412,"Martinsville city, Virginia"
20033,3.695165130222327,1413,"Comanche County, Kansas"
38089,3.691216919584402,1414,"Stark County, North Dakota"
22001,3.69030814964799,1415,"Acadia Parish, Louisiana"
12065,3.689674207049049,1416,"Jefferson County, Florida"
38093,3.6891866661615613,1417,"Stutsman County, North Dakota"
40039,3.6880352095504736,1418,"Custer County, Oklahoma"
41059,3.687874882955961,1419,"Umatilla County, Oregon"
51073,3.687157287576493,1420,"Gloucester County, Virginia"
16083,3.6855023730236356,1421,"Twin Falls County, Idaho"
31127,3.6848895403028754,1422,"Nemaha County, Nebraska"
13231,3.6841121141801234,1423,"Pike County, Georgia"
45039,3.6838012221515792,1424,"Fairfield County, South Carolina"
48233,3.682495391005901,1425,"Hutchinson County, Texas"
48145,3.6814943706015426,1426,"Falls County, Texas"
20091,3.680700060019302,1427,"Johnson County, Kansas"
17101,3.6802372227057565,1428,"Lawrence County, Illinois"
37185,3.679002064684283,1429,"Warren County, North Carolina"
30101,3.6788417298687115,1430,"Toole County, Montana"
37165,3.678273885870263,1431,"Scotland County, North Carolina"
54087,3.6773890955829085,1432,"Roane County, West Virginia"
46123,3.6767499855307326,1433,"Tripp County, South Dakota"
45081,3.676067389649637,1434,"Saluda County, South Carolina"
51520,3.6750995887732607,1435,"Bristol city, Virginia"
40031,3.6741776382035436,1436,"Comanche County, Oklahoma"
36027,3.6738509242188706,1437,"Dutchess County, New York"
26011,3.6728809111702283,1438,"Arenac County, Michigan"
48185,3.672019923434512,1439,"Grimes County, Texas"
22047,3.6701094441744537,1440,"Iberville Parish, Louisiana"
01059,3.669309070067838,1441,"Franklin County, Alabama"
48429,3.669247689496952,1442,"Stephens County, Texas"
46045,3.6655312123012633,1443,"Edmunds County, South Dakota"
46019,3.6647059586824593,1444,"Butte County, South Dakota"
12113,3.6646670532194685,1445,"Santa Rosa County, Florida"
47075,3.6634070328183883,1446,"Haywood County, Tennessee"
23029,3.6632738856588,1447,"Washington County, Maine"
39159,3.6630973815288366,1448,"Union County, Ohio"
01047,3.6622650881375063,1449,"Dallas County, Alabama"
06089,3.6619953270290178,1450,"Shasta County, California"
20107,3.6617179137707963,1451,"Linn County, Kansas"
40127,3.66129314938886,1452,"Pushmataha County, Oklahoma"
13269,3.6599870117411717,1453,"Taylor County, Georgia"
05117,3.6598563994323343,1454,"Prairie County, Arkansas"
18157,3.6598469656254884,1455,"Tippecanoe County, Indiana"
29151,3.6598382510831655,1456,"Osage County, Missouri"
12075,3.657789460144601,1457,"Levy County, Florida"
22083,3.655113539407795,1458,"Richland Parish, Louisiana"
12105,3.6543187039739764,1459,"Polk County, Florida"
47027,3.652851785793926,1460,"Clay County, Tennessee"
17029,3.65002431376908,1461,"Coles County, Illinois"
48387,3.649231100690391,1462,"Red River County, Texas"
33015,3.646388945816515,1463,"Rockingham County, New Hampshire"
56033,3.6463235511104095,1464,"Sheridan County, Wyoming"
29129,3.642859580567937,1465,"Mercer County, Missouri"
10005,3.6424531168486025,1466,"Sussex County, Delaware"
01091,3.6412273515235283,1467,"Marengo County, Alabama"
48167,3.641052540941064,1468,"Galveston County, Texas"
28013,3.6407298119180607,1469,"Calhoun County, Mississippi"
48029,3.6391366944103862,1470,"Bexar County, Texas"
54067,3.638106288171283,1471,"Nicholas County, West Virginia"
20023,3.6376458558928353,1472,"Cheyenne County, Kansas"
48381,3.6338892013966033,1473,"Randall County, Texas"
21001,3.633312395163317,1474,"Adair County, Kentucky"
21187,3.628985017834019,1475,"Owen County, Kentucky"
27007,3.6286721224573393,1476,"Beltrami County, Minnesota"
48143,3.6279489061199715,1477,"Erath County, Texas"
13001,3.6278422509706134,1478,"Appling County, Georgia"
12079,3.6265036417968917,1479,"Madison County, Florida"
17087,3.625884239776881,1480,"Johnson County, Illinois"
40045,3.6257540406545274,1481,"Ellis County, Oklahoma"
54095,3.6241881566333882,1482,"Tyler County, West Virginia"
47041,3.6204704108358507,1483,"DeKalb County, Tennessee"
13169,3.6202756407488508,1484,"Jones County, Georgia"
31057,3.6194764593620286,1485,"Dundy County, Nebraska"
48251,3.6185781685418523,1486,"Johnson County, Texas"
51135,3.618116656034105,1487,"Nottoway County, Virginia"
40091,3.6154120791036335,1488,"McIntosh County, Oklahoma"
17089,3.6152097883285044,1489,"Kane County, Illinois"
48493,3.614908470363418,1490,"Wilson County, Texas"
50023,3.613379201729046,1491,"Washington County, Vermont"
48349,3.6129373548963453,1492,"Navarro County, Texas"
46015,3.6126669411900965,1493,"Brule County, South Dakota"
51037,3.611996870318319,1494,"Charlotte County, Virginia"
37093,3.6099142878520896,1495,"Hoke County, North Carolina"
05057,3.6089333250499926,1496,"Hempstead County, Arkansas"
20027,3.608861972675723,1497,"Clay County, Kansas"
51083,3.6081817050147578,1498,"Halifax County, Virginia"
16009,3.6074519767767304,1499,"Benewah County, Idaho"
31063,3.606936112263685,1500,"Frontier County, Nebraska"
47125,3.6063254499572617,1501,"Montgomery County, Tennessee"
22063,3.60566929087473,1502,"Livingston Parish, Louisiana"
05065,3.6048028893503865,1503,"Izard County, Arkansas"
31071,3.604205153608309,1504,"Garfield County, Nebraska"
56031,3.6041301194414745,1505,"Platte County, Wyoming"
48051,3.6036060144739577,1506,"Burleson County, Texas"
28123,3.602113082434434,1507,"Scott County, Mississippi"
22077,3.6020420884751263,1508,"Pointe Coupee Parish, Louisiana"
21031,3.600887288450559,1509,"Butler County, Kentucky"
38027,3.600720018777674,1510,"Eddy County, North Dakota"
45079,3.5983259576130546,1511,"Richland County, South Carolina"
48409,3.5982940712653124,1512,"San Patricio County, Texas"
17065,3.598150817478831,1513,"Hamilton County, Illinois"
01003,3.5977723423375574,1514,"Baldwin County, Alabama"
18013,3.595247118449439,1515,"Brown County, Indiana"
34033,3.595231715916794,1516,"Salem County, New Jersey"
12031,3.5948853642046603,1517,"Duval County, Florida"
31013,3.5941075599427377,1518,"Box Butte County, Nebraska"
51043,3.593100797766525,1519,"Clarke County, Virginia"
27165,3.592479914769,1520,"Watonwan County, Minnesota"
12127,3.59206384535461,1521,"Volusia County, Florida"
01041,3.5914496547054235,1522,"Crenshaw County, Alabama"
05089,3.5907449787160832,1523,"Marion County, Arkansas"
13021,3.5904336785264737,1524,"Bibb County, Georgia"
28113,3.5898043361085885,1525,"Pike County, Mississippi"
18097,3.588196949823919,1526,"Marion County, Indiana"
48059,3.5873248715085064,1527,"Callahan County, Texas"
26125,3.586960717779614,1528,"Oakland County, Michigan"
51079,3.5861204665272632,1529,"Greene County, Virginia"
05027,3.5839103301449,1530,"Columbia County, Arkansas"
41061,3.5830899100074745,1531,"Union County, Oregon"
31179,3.5815861477733986,1532,"Wayne County, Nebraska"
13031,3.5813741296197605,1533,"Bulloch County, Georgia"
33019,3.5813002208353595,1534,"Sullivan County, New Hampshire"
30105,3.579662222046991,1535,"Valley County, Montana"
39095,3.5794941646924823,1536,"Lucas County, Ohio"
30017,3.5786293041228117,1537,"Custer County, Montana"
37039,3.5786074694220678,1538,"Cherokee County, North Carolina"
05069,3.5780497226032457,1539,"Jefferson County, Arkansas"
48503,3.577766768290215,1540,"Young County, Texas"
40033,3.5775656761613885,1541,"Cotton County, Oklahoma"
27003,3.576789748025583,1542,"Anoka County, Minnesota"
21221,3.5755798137867245,1543,"Trigg County, Kentucky"
48001,3.574256699510255,1544,"Anderson County, Texas"
20163,3.574160513662932,1545,"Rooks County, Kansas"
22033,3.573754457007757,1546,"East Baton Rouge Parish, Louisiana"
46129,3.5729082281251956,1547,"Walworth County, South Dakota"
29143,3.571846140828279,1548,"New Madrid County, Missouri"
45053,3.57176063952949,1549,"Jasper County, South Carolina"
41053,3.570365218557163,1550,"Polk County, Oregon"
38001,3.5686557937148553,1551,"Adams County, North Dakota"
48293,3.5681363589996695,1552,"Limestone County, Texas"
22053,3.56733206857078,1553,"Jefferson Davis Parish, Louisiana"
36063,3.5667734862758125,1554,"Niagara County, New York"
48089,3.564969184778859,1555,"Colorado County, Texas"
31029,3.564457346607769,1556,"Chase County, Nebraska"
31125,3.5640923939872096,1557,"Nance County, Nebraska"
20111,3.5640248821313976,1558,"Lyon County, Kansas"
55041,3.563686561908947,1559,"Forest County, Wisconsin"
27037,3.562347712867686,1560,"Dakota County, Minnesota"
46107,3.562116025340124,1561,"Potter County, South Dakota"
18155,3.5614728780973457,1562,"Switzerland County, Indiana"
05001,3.5611103287808725,1563,"Arkansas County, Arkansas"
37121,3.5592922851516744,1564,"Mitchell County, North Carolina"
21143,3.556494212841509,1565,"Lyon County, Kentucky"
45043,3.5561782834228506,1566,"Georgetown County, South Carolina"
21065,3.5552723572486307,1567,"Estill County, Kentucky"
27171,3.554445544479248,1568,"Wright County, Minnesota"
05007,3.55430676607845,1569,"Benton County, Arkansas"
22113,3.5521116532483963,1570,"Vermilion Parish, Louisiana"
48027,3.551495285414259,1571,"Bell County, Texas"
28141,3.5505378492302775,1572,"Tishomingo County, Mississippi"
48313,3.5499025305499496,1573,"Madison County, Texas"
38019,3.549619451211256,1574,"Cavalier County, North Dakota"
55051,3.548977539718858,1575,"Iron County, Wisconsin"
46053,3.5489055829404803,1576,"Gregory County, South Dakota"
40093,3.5487309932357376,1577,"Major County, Oklahoma"
18121,3.5485930764095692,1578,"Parke County, Indiana"
12053,3.5484413024203483,1579,"Hernando County, Florida"
13211,3.5480576870435625,1580,"Morgan County, Georgia"
13039,3.5477789574863188,1581,"Camden County, Georgia"
22055,3.5466771006327136,1582,"Lafayette Parish, Louisiana"
40017,3.5452741009343103,1583,"Canadian County, Oklahoma"
20201,3.5450189572292703,1584,"Washington County, Kansas"
51113,3.544643058469917,1585,"Madison County, Virginia"
55133,3.543938979186284,1586,"Waukesha County, Wisconsin"
29147,3.5423230704185587,1587,"Nodaway County, Missouri"
20025,3.5421825086803858,1588,"Clark County, Kansas"
27141,3.5413565112853127,1589,"Sherburne County, Minnesota"
37199,3.5408144282871175,1590,"Yancey County, North Carolina"
12083,3.540503711342328,1591,"Marion County, Florida"
05103,3.5398630133977043,1592,"Ouachita County, Arkansas"
13123,3.539152421099132,1593,"Gilmer County, Georgia"
01007,3.5382543122399226,1594,"Bibb County, Alabama"
42067,3.5380605550850026,1595,"Juniata County, Pennsylvania"
54037,3.5377401403538316,1596,"Jefferson County, West Virginia"
17037,3.53713826790076,1597,"DeKalb County, Illinois"
31137,3.5366282172919328,1598,"Phelps County, Nebraska"
54019,3.535488043930564,1599,"Fayette County, West Virginia"
30013,3.5337889396184066,1600,"Cascade County, Montana"
24047,3.533327316516711,1601,"Worcester County, Maryland"
01053,3.5324050692122055,1602,"Escambia County, Alabama"
29209,3.53150723939779,1603,"Stone County, Missouri"
13073,3.530243978116072,1604,"Columbia County, Georgia"
19127,3.5301561839935487,1605,"Marshall County, Iowa"
13009,3.527996689285275,1606,"Baldwin County, Georgia"
48077,3.5279946839228047,1607,"Clay County, Texas"
05003,3.527691524782352,1608,"Ashley County, Arkansas"
38071,3.526805900039026,1609,"Ramsey County, North Dakota"
17127,3.5231301855154027,1610,"Massac County, Illinois"
01083,3.522570085060525,1611,"Limestone County, Alabama"
13071,3.5222464941132974,1612,"Colquitt County, Georgia"
36089,3.521425757268517,1613,"St. Lawrence County, New York"
09110,3.521222424248099,1614,"Capitol Planning Region, Connecticut"
28045,3.520083918059297,1615,"Hancock County, Mississippi"
37087,3.519283355932197,1616,"Haywood County, North Carolina"
51023,3.519126882058279,1617,"Botetourt County, Virginia"
29069,3.5186787499453587,1618,"Dunklin County, Missouri"
40035,3.5184838028323164,1619,"Craig County, Oklahoma"
01065,3.5181626376335826,1620,"Hale County, Alabama"
01075,3.5175147779717957,1621,"Lamar County, Alabama"
20065,3.516927312658266,1622,"Graham County, Kansas"
05143,3.5154648474726184,1623,"Washington County, Arkansas"
46003,3.514702590200531,1624,"Aurora County, South Dakota"
48487,3.514546656336915,1625,"Wilbarger County, Texas"
54073,3.5137159770227395,1626,"Pleasants County, West Virginia"
51025,3.5131991008349743,1627,"Brunswick County, Virginia"
20123,3.512588615438736,1628,"Mitchell County, Kansas"
12041,3.512278292788243,1629,"Gilchrist County, Florida"
48053,3.512240235177918,1630,"Burnet County, Texas"
47083,3.5122006499621428,1631,"Houston County, Tennessee"
54025,3.512168039356715,1632,"Greenbrier County, West Virginia"
10003,3.5113972846100303,1633,"New Castle County, Delaware"
40073,3.5099134195447395,1634,"Kingfisher County, Oklahoma"
05105,3.509048903258447,1635,"Perry County, Arkansas"
09160,3.508190272433878,1636,"Northwest Hills Planning Region, Connecticut"
05015,3.507418891391656,1637,"Carroll County, Arkansas"
51051,3.5069373356828297,1638,"Dickenson County, Virginia"
48123,3.506234655934688,1639,"DeWitt County, Texas"
31161,3.5059833979162813,1640,"Sheridan County, Nebraska"
47149,3.5055024567634745,1641,"Rutherford County, Tennessee"
13177,3.5044063581614777,1642,"Lee County, Georgia"
01117,3.502624466576542,1643,"Shelby County, Alabama"
51065,3.5024312933034096,1644,"Fluvanna County, Virginia"
48187,3.5019870151583246,1645,"Guadalupe County, Texas"
26035,3.5006556680394745,1646,"Clare County, Michigan"
27155,3.5006339696099746,1647,"Traverse County, Minnesota"
54023,3.5005626210378793,1648,"Grant County, West Virginia"
51139,3.500393736610455,1649,"Page County, Virginia"
45017,3.498267449797456,1650,"Calhoun County, South Carolina"
53067,3.497909047393056,1651,"Thurston County, Washington"
12069,3.4977101336262963,1652,"Lake County, Florida"
17187,3.494930406109997,1653,"Warren County, Illinois"
20045,3.4941211266365375,1654,"Douglas County, Kansas"
31073,3.493521637264896,1655,"Gosper County, Nebraska"
31011,3.492350186000691,1656,"Boone County, Nebraska"
38081,3.491807335327742,1657,"Sargent County, North Dakota"
13245,3.4890349485988135,1658,"Richmond County, Georgia"
13157,3.488684148019482,1659,"Jackson County, Georgia"
31033,3.48774949304691,1660,"Cheyenne County, Nebraska"
05141,3.4864073689550175,1661,"Van Buren County, Arkansas"
21215,3.485620457308732,1662,"Spencer County, Kentucky"
27029,3.485275718388981,1663,"Clearwater County, Minnesota"
38021,3.4830040417109873,1664,"Dickey County, North Dakota"
29111,3.4828685779399993,1665,"Lewis County, Missouri"
51161,3.482150788770246,1666,"Roanoke County, Virginia"
48441,3.481661513903794,1667,"Taylor County, Texas"
13255,3.4815497273481406,1668,"Spalding County, Georgia"
28099,3.4796678855849557,1669,"Neshoba County, Mississippi"
26121,3.4792065312750844,1670,"Muskegon County, Michigan"
29185,3.478965689238714,1671,"St. Clair County, Missouri"
51117,3.4788266743218728,1672,"Mecklenburg County, Virginia"
23009,3.4780172819556743,1673,"Hancock County, Maine"
31145,3.47740470992706,1674,"Red Willow County, Nebraska"
31079,3.476130238296111,1675,"Hall County, Nebraska"
22103,3.4753578560417973,1676,"St. Tammany Parish, Louisiana"
51071,3.471798906426454,1677,"Giles County, Virginia"
13005,3.4706211640080196,1678,"Bacon County, Georgia"
17007,3.4698120622937654,1679,"Boone County, Illinois"
36045,3.4681493978763203,1680,"Jefferson County, New York"
40069,3.4680599192574135,1681,"Johnston County, Oklahoma"
48361,3.467928092209311,1682,"Orange County, Texas"
37163,3.4669174629407107,1683,"Sampson County, North Carolina"
31087,3.464982972526307,1684,"Hitchcock County, Nebraska"
29015,3.464942947251143,1685,"Benton County, Missouri"
34005,3.4649178696100393,1686,"Burlington County, New Jersey"
19047,3.4648768870017954,1687,"Crawford County, Iowa"
05087,3.4625113775921967,1688,"Madison County, Arkansas"
13233,3.4600084181048905,1689,"Polk County, Georgia"
26071,3.4594917507977705,1690,"Iron County, Michigan"
45089,3.4591764792653135,1691,"Williamsburg County, South Carolina"
56025,3.4583237285293236,1692,"Natrona County, Wyoming"
48467,3.458003937006577,1693,"Van Zandt County, Texas"
13145,3.45742770977286,1694,"Harris County, Georgia"
48287,3.4569801185319218,1695,"Lee County, Texas"
05127,3.4557127757148676,1696,"Scott County, Arkansas"
51085,3.4547193934914233,1697,"Hanover County, Virginia"
55123,3.4547030584383918,1698,"Vernon County, Wisconsin"
47121,3.4525749519029176,1699,"Meigs County, Tennessee"
18089,3.4510876480294472,1700,"Lake County, Indiana"
47023,3.4504478309336646,1701,"Chester County, Tennessee"
37005,3.4497986778977654,1702,"Alleghany County, North Carolina"
21197,3.4494220858217566,1703,"Powell County, Kentucky"
37101,3.4487527792501114,1704,"Johnston County, North Carolina"
21235,3.4459145656258174,1705,"Whitley County, Kentucky"
05043,3.4443284023231873,1706,"Drew County, Arkansas"
26039,3.4440204897166193,1707,"Crawford County, Michigan"
48395,3.4418012549495667,1708,"Robertson County, Texas"
28047,3.441339822003725,1709,"Harrison County, Mississippi"
13013,3.440535662387403,1710,"Barrow County, Georgia"
22067,3.4404596007425163,1711,"Morehouse Parish, Louisiana"
17061,3.4404045275976105,1712,"Greene County, Illinois"
31153,3.440235195019841,1713,"Sarpy County, Nebraska"
37083,3.4382024953207044,1714,"Halifax County, North Carolina"
37125,3.4381156470621392,1715,"Moore County, North Carolina"
13149,3.43697414859218,1716,"Heard County, Georgia"
45051,3.4364868785329645,1717,"Horry County, South Carolina"
30021,3.436369402719606,1718,"Dawson County, Montana"
47115,3.4359875943937714,1719,"Marion County, Tennessee"
31061,3.435813491589259,1720,"Franklin County, Nebraska"
28007,3.434022574249321,1721,"Attala County, Mississippi"
36105,3.432113977940495,1722,"Sullivan County, New York"
28039,3.4320916460935,1723,"George County, Mississippi"
25011,3.4314165937917,1724,"Franklin County, Massachusetts"
13319,3.431410524991342,1725,"Wilkinson County, Georgia"
51800,3.4311755865952427,1726,"Suffolk city, Virginia"
38101,3.4301277241357724,1727,"Ward County, North Dakota"
28101,3.4297732455342156,1728,"Newton County, Mississippi"
47097,3.428692078599404,1729,"Lauderdale County, Tennessee"
42093,3.4277429797652754,1730,"Montour County, Pennsylvania"
17063,3.427659685784732,1731,"Grundy County, Illinois"
40077,3.4276085447966578,1732,"Latimer County, Oklahoma"
26055,3.427012943385293,1733,"Grand Traverse County, Michigan"
41019,3.426567633658441,1734,"Douglas County, Oregon"
28153,3.426307322309012,1735,"Wayne County, Mississippi"
38059,3.4261316314781176,1736,"Morton County, North Dakota"
51820,3.4259474254200395,1737,"Waynesboro city, Virginia"
46009,3.423915837845595,1738,"Bon Homme County, South Dakota"
55013,3.4235066113196075,1739,"Burnett County, Wisconsin"
51033,3.4219073601437895,1740,"Caroline County, Virginia"
39055,3.420910944315443,1741,"Geauga County, Ohio"
22097,3.420121852365318,1742,"St. Landry Parish, Louisiana"
51005,3.4197333517192074,1743,"Alleghany County, Virginia"
47129,3.419038252045618,1744,"Morgan County, Tennessee"
09130,3.417147232926883,1745,"Lower Connecticut River Valley Planning Region, Connecticut"
54083,3.4141977499443215,1746,"Randolph County, West Virginia"
01005,3.4105410204235302,1747,"Barbour County, Alabama"
27001,3.4099464909933292,1748,"Aitkin County, Minnesota"
01029,3.409391161251031,1749,"Cleburne County, Alabama"
51770,3.4081500838281746,1750,"Roanoke city, Virginia"
37051,3.4081155379645156,1751,"Cumberland County, North Carolina"
37065,3.40760086996774,1752,"Edgecombe County, North Carolina"
47113,3.4067644201771716,1753,"Madison County, Tennessee"
36111,3.4052254666073134,1754,"Ulster County, New York"
51041,3.4045892697623765,1755,"Chesterfield County, Virginia"
13227,3.4044469377816964,1756,"Pickens County, Georgia"
47029,3.4039387879273093,1757,"Cocke County, Tennessee"
53063,3.4038931906077265,1758,"Spokane County, Washington"
37025,3.402325653505856,1759,"Cabarrus County, North Carolina"
13025,3.401727332352228,1760,"Brantley County, Georgia"
12107,3.400051684970547,1761,"Putnam County, Florida"
51141,3.3990334520446424,1762,"Patrick County, Virginia"
54043,3.398809381623518,1763,"Lincoln County, West Virginia"
48149,3.3985049220506007,1764,"Fayette County, Texas"
01027,3.397747514320613,1765,"Clay County, Alabama"
51550,3.3976232883588877,1766,"Chesapeake city, Virginia"
22049,3.395465050986203,1767,"Jackson Parish, Louisiana"
38009,3.3948603011207297,1768,"Bottineau County, North Dakota"
21203,3.394441408386332,1769,"Rockcastle County, Kentucky"
29221,3.3938786734114963,1770,"Washington County, Missouri"
17017,3.393294028321777,1771,"Cass County, Illinois"
40029,3.3931067826529864,1772,"Coal County, Oklahoma"
48481,3.392997612922037,1773,"Wharton County, Texas"
05113,3.3927030789479087,1774,"Polk County, Arkansas"
46005,3.392543595035906,1775,"Beadle County, South Dakota"
26065,3.388703561862332,1776,"Ingham County, Michigan"
46111,3.387791298249517,1777,"Sanborn County, South Dakota"
31185,3.386839336097505,1778,"York County, Nebraska"
40023,3.3859943113276425,1779,"Choctaw County, Oklahoma"
22009,3.3851600125812515,1780,"Avoyelles Parish, Louisiana"
51087,3.3848852634764706,1781,"Henrico County, Virginia"
36053,3.3830155760072924,1782,"Madison County, New York"
31175,3.3821165887800904,1783,"Valley County, Nebraska"
51175,3.382108482664374,1784,"Southampton County, Virginia"
19059,3.3807235425212157,1785,"Dickinson County, Iowa"
17111,3.380247540976381,1786,"McHenry County, Illinois"
22011,3.37901560418362,1787,"Beauregard Parish, Louisiana"
28017,3.374926479514432,1788,"Chickasaw County, Mississippi"
28085,3.37377286192838,1789,"Lincoln County, Mississippi"
39105,3.3730474834175497,1790,"Meigs County, Ohio"
01013,3.372473195232768,1791,"Butler County, Alabama"
13299,3.372078302913594,1792,"Ware County, Georgia"
48177,3.3718049536730783,1793,"Gonzales County, Texas"
45015,3.371284713232802,1794,"Berkeley County, South Carolina"
05019,3.369685299954582,1795,"Clark County, Arkansas"
28107,3.369520085440063,1796,"Panola County, Mississippi"
23031,3.369293767183861,1797,"York County, Maine"
29061,3.3683121904622246,1798,"Daviess County, Missouri"
45031,3.367986757626671,1799,"Darlington County, South Carolina"
29119,3.3671312202235315,1800,"McDonald County, Missouri"
22005,3.366337792310527,1801,"Ascension Parish, Louisiana"
47173,3.3659763223973016,1802,"Union County, Tennessee"
21193,3.364071301833824,1803,"Perry County, Kentucky"
12059,3.363771213827317,1804,"Holmes County, Florida"
29093,3.3625249246864826,1805,"Iron County, Missouri"
05129,3.3623737606439774,1806,"Searcy County, Arkansas"
29089,3.358551491357054,1807,"Howard County, Missouri"
51093,3.3569247598159153,1808,"Isle of Wight County, Virginia"
20159,3.3549296899192975,1809,"Rice County, Kansas"
05005,3.3546362893145516,1810,"Baxter County, Arkansas"
26159,3.35351552709333,1811,"Van Buren County, Michigan"
54031,3.35304900998294,1812,"Hardy County, West Virginia"
33011,3.3529843752807666,1813,"Hillsborough County, New Hampshire"
28025,3.352688109619839,1814,"Clay County, Mississippi"
31135,3.3523234853754342,1815,"Perkins County, Nebraska"
48285,3.3488710495803846,1816,"Lavaca County, Texas"
33017,3.346650102644744,1817,"Strafford County, New Hampshire"
10001,3.3466264949585423,1818,"Kent County, Delaware"
20147,3.3453779952781875,1819,"Phillips County, Kansas"
51109,3.342703194448729,1820,"Louisa County, Virginia"
39007,3.3404439182800942,1821,"Ashtabula County, Ohio"
50011,3.3402335197627004,1822,"Franklin County, Vermont"
47061,3.34019840749063,1823,"Grundy County, Tennessee"
45075,3.3401629110042594,1824,"Orangeburg County, South Carolina"
48309,3.339964823156224,1825,"McLennan County, Texas"
47127,3.339200523041561,1826,"Moore County, Tennessee"
28149,3.3391967809434564,1827,"Warren County, Mississippi"
29059,3.3381934866847334,1828,"Dallas County, Missouri"
26009,3.3368149748839393,1829,"Antrim County, Michigan"
54053,3.3358696414651385,1830,"Mason County, West Virginia"
21025,3.3347704261686335,1831,"Breathitt County, Kentucky"
37147,3.3337846552657613,1832,"Pitt County, North Carolina"
19007,3.333527955598058,1833,"Appanoose County, Iowa"
40153,3.3323224641859555,1834,"Woodward County, Oklahoma"
20063,3.3323142801606287,1835,"Gove County, Kansas"
48289,3.3321691716931094,1836,"Leon County, Texas"
37181,3.332143358414508,1837,"Vance County, North Carolina"
37139,3.3295535729223245,1838,"Pasquotank County, North Carolina"
51137,3.3289183773561897,1839,"Orange County, Virginia"
55085,3.328087375289909,1840,"Oneida County, Wisconsin"
41071,3.3280756029641267,1841,"Yamhill County, Oregon"
29165,3.3268969312317185,1842,"Platte County, Missouri"
55109,3.3266729166462228,1843,"St. Croix County, Wisconsin"
09140,3.3263761823430342,1844,"Naugatuck Valley Planning Region, Connecticut"
54093,3.3253970687363212,1845,"Tucker County, West Virginia"
36033,3.323878674571219,1846,"Franklin County, New York"
21111,3.3234148767310767,1847,"Jefferson County, Kentucky"
13027,3.3221741571727823,1848,"Brooks County, Georgia"
26005,3.322125439173289,1849,"Allegan County, Michigan"
48325,3.3188020591973224,1850,"Medina County, Texas"
28019,3.3177183537407235,1851,"Choctaw County, Mississippi"
36003,3.3173784859530375,1852,"Allegany County, New York"
22043,3.31719043489256,1853,"Grant Parish, Louisiana"
39049,3.3165401860799237,1854,"Franklin County, Ohio"
47151,3.314695202754042,1855,"Scott County, Tennessee"
22017,3.313172862587271,1856,"Caddo Parish, Louisiana"
36021,3.3122236900153115,1857,"Columbia County, New York"
38003,3.3110322695849677,1858,"Barnes County, North Dakota"
50005,3.3096377441646903,1859,"Caledonia County, Vermont"
29219,3.308563599586919,1860,"Warren County, Missouri"
36001,3.307876251166376,1861,"Albany County, New York"
13091,3.307721461154893,1862,"Dodge County, Georgia"
36113,3.306602165111545,1863,"Warren County, New York"
37089,3.3060962710326103,1864,"Henderson County, North Carolina"
05053,3.3060306880853116,1865,"Grant County, Arkansas"
01081,3.3045566531824218,1866,"Lee County, Alabama"
24005,3.3034397640172446,1867,"Baltimore County, Maryland"
05037,3.3030506070265386,1868,"Cross County, Arkansas"
47139,3.3022066826694183,1869,"Polk County, Tennessee"
21139,3.3019265992608418,1870,"Livingston County, Kentucky"
42057,3.3001584110648667,1871,"Fulton County, Pennsylvania"
51790,3.2986125345045294,1872,"Staunton city, Virginia"
40099,3.298544197990225,1873,"Murray County, Oklahoma"
23007,3.2981592961034862,1874,"Franklin County, Maine"
40141,3.2978454719900445,1875,"Tillman County, Oklahoma"
39093,3.2977365282966318,1876,"Lorain County, Ohio"
51169,3.2972917025870503,1877,"Scott County, Virginia"
46065,3.2957062975437976,1878,"Hughes County, South Dakota"
37123,3.2949382205219293,1879,"Montgomery County, North Carolina"
48451,3.2946692966504383,1880,"Tom Green County, Texas"
13213,3.2944857534365237,1881,"Murray County, Georgia"
51165,3.294468311278976,1882,"Rockingham County, Virginia"
18063,3.292638402359091,1883,"Hendricks County, Indiana"
29067,3.292482885912092,1884,"Douglas County, Missouri"
48199,3.2922873804835646,1885,"Hardin County, Texas"
21017,3.291597914837639,1886,"Bourbon County, Kentucky"
36075,3.291357559005302,1887,"Oswego County, New York"
20167,3.2886800252858066,1888,"Russell County, Kansas"
47065,3.2883738823325266,1889,"Hamilton County, Tennessee"
30083,3.287058374644864,1890,"Richland County, Montana"
47111,3.286930947646502,1891,"Macon County, Tennessee"
48499,3.2866437668461836,1892,"Wood County, Texas"
51167,3.284169010924132,1893,"Russell County, Virginia"
37179,3.2839535413501877,1894,"Union County, North Carolina"
18101,3.2839268058054163,1895,"Martin County, Indiana"
31039,3.2836855748876843,1896,"Cuming County, Nebraska"
38055,3.283631486325863,1897,"McLean County, North Dakota"
24015,3.282556029281533,1898,"Cecil County, Maryland"
20195,3.2824145416942767,1899,"Trego County, Kansas"
12133,3.282342443988678,1900,"Washington County, Florida"
51053,3.281164437932572,1901,"Dinwiddie County, Virginia"
31055,3.279866540979749,1902,"Douglas County, Nebraska"
46103,3.278578586387179,1903,"Pennington County, South Dakota"
47161,3.277627097397407,1904,"Stewart County, Tennessee"
26109,3.2775621016178524,1905,"Menominee County, Michigan"
37013,3.277315896739957,1906,"Beaufort County, North Carolina"
37047,3.27450404888074,1907,"Columbus County, North Carolina"
28159,3.2742476440159205,1908,"Winston County, Mississippi"
25005,3.274128126689013,1909,"Bristol County, Massachusetts"
01101,3.272967217629054,1910,"Montgomery County, Alabama"
42087,3.270404208545337,1911,"Mifflin County, Pennsylvania"
48303,3.26887245922663,1912,"Lubbock County, Texas"
40041,3.268603985000389,1913,"Delaware County, Oklahoma"
12019,3.268319110571201,1914,"Clay County, Florida"
31181,3.264720042617049,1915,"Webster County, Nebraska"
42017,3.264603406647241,1916,"Bucks County, Pennsylvania"
23021,3.2643136291144703,1917,"Piscataquis County, Maine"
17185,3.264086656492709,1918,"Wabash County, Illinois"
31065,3.2616478465273984,1919,"Furnas County, Nebraska"
26129,3.261605347057258,1920,"Ogemaw County, Michigan"
38035,3.260733911027516,1921,"Grand Forks County, North Dakota"
31141,3.2582662371145803,1922,"Platte County, Nebraska"
20185,3.2581084321544234,1923,"Stafford County, Kansas"
51063,3.2575990198184863,1924,"Floyd County, Virginia"
24013,3.2562090328319924,1925,"Carroll County, Maryland"
29075,3.256004847723026,1926,"Gentry County, Missouri"
36007,3.2557001884113212,1927,"Broome County, New York"
29029,3.2556010719246693,1928,"Camden County, Missouri"
31133,3.253675866734495,1929,"Pawnee County, Nebraska"
36031,3.2527405649435814,1930,"Essex County, New York"
18111,3.2509779657133557,1931,"Newton County, Indiana"
50017,3.250967276121578,1932,"Orange County, Vermont"
51570,3.2498429751936078,1933,"Colonial Heights city, Virginia"
13011,3.2493951129702663,1934,"Banks County, Georgia"
29189,3.248736513003699,1935,"St. Louis County, Missouri"
45061,3.24697515555968,1936,"Lee County, South Carolina"
01125,3.246627908209057,1937,"Tuscaloosa County, Alabama"
47155,3.245265447476058,1938,"Sevier County, Tennessee"
20037,3.244370050586059,1939,"Crawford County, Kansas"
40065,3.2439311465951506,1940,"Jackson County, Oklahoma"
13207,3.242105401603202,1941,"Monroe County, Georgia"
47181,3.2419028521408633,1942,"Wayne County, Tennessee"
28043,3.2405487524846737,1943,"Grenada County, Mississippi"
13161,3.239749251089022,1944,"Jeff Davis County, Georgia"
13087,3.2396530546277824,1945,"Decatur County, Georgia"
47019,3.238205736918947,1946,"Carter County, Tennessee"
40149,3.238127294740133,1947,"Washita County, Oklahoma"
34041,3.2377618815139555,1948,"Warren County, New Jersey"
39131,3.236448771412603,1949,"Pike County, Ohio"
22099,3.2355572438835303,1950,"St. Martin Parish, Louisiana"
20003,3.2352337455699467,1951,"Anderson County, Kansas"
23017,3.234881835890677,1952,"Oxford County, Maine"
01109,3.2346671780224563,1953,"Pike County, Alabama"
51191,3.2342017158261087,1954,"Washington County, Virginia"
36117,3.2341817194299347,1955,"Wayne County, New York"
45023,3.2338091333688346,1956,"Chester County, South Carolina"
36013,3.2337878238356264,1957,"Chautauqua County, New York"
40087,3.2336382031137236,1958,"McClain County, Oklahoma"
40021,3.2333265633892068,1959,"Cherokee County, Oklahoma"
28115,3.233171179259612,1960,"Pontotoc County, Mississippi"
13189,3.232792652927215,1961,"McDuffie County, Georgia"
29079,3.2323479218271607,1962,"Grundy County, Missouri"
22031,3.232267505495162,1963,"De Soto Parish, Louisiana"
37145,3.227900324397571,1964,"Person County, North Carolina"
17095,3.227240889933314,1965,"Knox County, Illinois"
30111,3.2271925734318576,1966,"Yellowstone County, Montana"
51775,3.2259220816452627,1967,"Salem city, Virginia"
21087,3.225377000128107,1968,"Green County, Kentucky"
29019,3.225219250300449,1969,"Boone County, Missouri"
45035,3.2240310026966386,1970,"Dorchester County, South Carolina"
24011,3.2235416435447557,1971,"Caroline County, Maryland"
47143,3.2229948610675865,1972,"Rhea County, Tennessee"
13023,3.222285339954731,1973,"Bleckley County, Georgia"
26107,3.222068703537602,1974,"Mecosta County, Michigan"
51009,3.221590417326229,1975,"Amherst County, Virginia"
29229,3.220970016672486,1976,"Wright County, Missouri"
01133,3.2203547505717207,1977,"Winston County, Alabama"
29195,3.2195656048623995,1978,"Saline County, Missouri"
01113,3.218374332046336,1979,"Russell County, Alabama"
31001,3.2181324470047636,1980,"Adams County, Nebraska"
13171,3.2174992456976934,1981,"Lamar County, Georgia"
19119,3.217200409227668,1982,"Lyon County, Iowa"
26093,3.2164615351781523,1983,"Livingston County, Michigan"
05025,3.2121297950762857,1984,"Cleveland County, Arkansas"
17169,3.211899237969963,1985,"Schuyler County, Illinois"
40049,3.2113464566500376,1986,"Garvin County, Oklahoma"
45011,3.210474147142003,1987,"Barnwell County, South Carolina"
40133,3.209374939339414,1988,"Seminole County, Oklahoma"
26017,3.2086958061247155,1989,"Bay County, Michigan"
33005,3.208395943083504,1990,"Cheshire County, New Hampshire"
26099,3.208263921765859,1991,"Macomb County, Michigan"
20073,3.208121704945253,1992,"Greenwood County, Kansas"
21005,3.208013910237881,1993,"Anderson County, Kentucky"
27061,3.207895234192491,1994,"Itasca County, Minnesota"
01093,3.2074588566017748,1995,"Marion County, Alabama"
47025,3.206988623200255,1996,"Claiborne County, Tennessee"
31051,3.206843260328648,1997,"Dixon County, Nebraska"
34015,3.2065210667623147,1998,"Gloucester County, New Jersey"
37009,3.206347820293,1999,"Ashe County, North Carolina"
37153,3.2058840537586915,2000,"Richmond County, North Carolina"
48035,3.2056850938690484,2001,"Bosque County, Texas"
19177,3.203955405866496,2002,"Van Buren County, Iowa"
28075,3.203765469472868,2003,"Lauderdale County, Mississippi"
38045,3.2037202557836735,2004,"LaMoure County, North Dakota"
51047,3.202461846891151,2005,"Culpeper County, Virginia"
47101,3.2019103937870588,2006,"Lewis County, Tennessee"
19089,3.2019055335328432,2007,"Howard County, Iowa"
05119,3.1999721942836055,2008,"Pulaski County, Arkansas"
01057,3.1990725843287042,2009,"Fayette County, Alabama"
27069,3.1983938694254634,2010,"Kittson County, Minnesota"
20157,3.1971386433607227,2011,"Republic County, Kansas"
21231,3.196334090958055,2012,"Wayne County, Kentucky"
13205,3.1955893044552877,2013,"Mitchell County, Georgia"
24025,3.1947773805409327,2014,"Harford County, Maryland"
05021,3.193594363907207,2015,"Clay County, Arkansas"
31163,3.1929487748709224,2016,"Sherman County, Nebraska"
13035,3.192912289859989,2017,"Butts County, Georgia"
13175,3.1926387619266023,2018,"Laurens County, Georgia"
13321,3.192236500538476,2019,"Worth County, Georgia"
48005,3.190296458866088,2020,"Angelina County, Texas"
54003,3.1900729787554023,2021,"Berkeley County, West Virginia"
29005,3.1897292267274473,2022,"Atchison County, Missouri"
50021,3.18967559357871,2023,"Rutland County, Vermont"
48073,3.1894329372782475,2024,"Cherokee County, Texas"
54091,3.1885713425254223,2025,"Taylor County, West Virginia"
28097,3.1882098773743945,2026,"Montgomery County, Mississippi"
31099,3.1865525525598914,2027,"Kearney County, Nebraska"
26031,3.1855762505855396,2028,"Cheboygan County, Michigan"
29125,3.1854077428825383,2029,"Maries County, Missouri"
46099,3.185370873585627,2030,"Minnehaha County, South Dakota"
37195,3.1837390254267475,2031,"Wilson County, North Carolina"
37085,3.1836590350490117,2032,"Harnett County, North Carolina"
31169,3.1836051680868827,2033,"Thayer County, Nebraska"
54069,3.183300038287172,2034,"Ohio County, West Virginia"
05075,3.18289884943209,2035,"Lawrence County, Arkansas"
31123,3.182437890135588,2036,"Morrill County, Nebraska"
47175,3.1823035195220037,2037,"Van Buren County, Tennessee"
21055,3.1822010881697036,2038,"Crittenden County, Kentucky"
31077,3.180644191324567,2039,"Greeley County, Nebraska"
39165,3.180191271580644,2040,"Warren County, Ohio"
51069,3.1788048230770714,2041,"Frederick County, Virginia"
42071,3.178705193793793,2042,"Lancaster County, Pennsylvania"
13311,3.178302005172649,2043,"White County, Georgia"
48331,3.1765057920195563,2044,"Milam County, Texas"
17133,3.17609773678195,2045,"Monroe County, Illinois"
21195,3.1751382115959217,2046,"Pike County, Kentucky"
13153,3.1737009478202847,2047,"Houston County, Georgia"
48093,3.17357531716551,2048,"Comanche County, Texas"
27015,3.1723847021177387,2049,"Brown County, Minnesota"
28003,3.1718194955196117,2050,"Alcorn County, Mississippi"
31157,3.1717721594306445,2051,"Scotts Bluff County, Nebraska"
19061,3.1714078854938355,2052,"Dubuque County, Iowa"
05139,3.1707513614034126,2053,"Union County, Arkansas"
21027,3.1702247329668207,2054,"Breckinridge County, Kentucky"
54011,3.169618381902115,2055,"Cabell County, West Virginia"
38097,3.1692359483674983,2056,"Traill County, North Dakota"
17113,3.1690892002914475,2057,"McLean County, Illinois"
33001,3.168314656429925,2058,"Belknap County, New Hampshire"
29131,3.1673709083138393,2059,"Miller County, Missouri"
51163,3.1670669131484517,2060,"Rockbridge County, Virginia"
17181,3.1670512812673906,2061,"Union County, Illinois"
36039,3.16432861012654,2062,"Greene County, New York"
21071,3.1634651832462253,2063,"Floyd County, Kentucky"
27059,3.1619024894171326,2064,"Isanti County, Minnesota"
40083,3.1618319479654313,2065,"Logan County, Oklahoma"
48225,3.1596131324038508,2066,"Houston County, Texas"
21127,3.159069561424167,2067,"Lawrence County, Kentucky"
13293,3.1582149686164462,2068,"Upson County, Georgia"
55001,3.157760496114815,2069,"Adams County, Wisconsin"
17193,3.157291412836845,2070,"White County, Illinois"
51089,3.1567831530758763,2071,"Henry County, Virginia"
39111,3.1566066417659293,2072,"Monroe County, Ohio"
19117,3.1560380299081956,2073,"Lucas County, Iowa"
18035,3.1557902565155973,2074,"Delaware County, Indiana"
46035,3.1557069993588844,2075,"Davison County, South Dakota"
19115,3.154804320196256,2076,"Louisa County, Iowa"
21185,3.1543798481586305,2077,"Oldham County, Kentucky"
51173,3.1538939117328026,2078,"Smyth County, Virginia"
20207,3.152888616914673,2079,"Woodson County, Kansas"
13069,3.151793599902351,2080,"Coffee County, Georgia"
22069,3.1516763974759163,2081,"Natchitoches Parish, Louisiana"
23027,3.1512478330125426,2082,"Waldo County, Maine"
18115,3.15075266236889,2083,"Ohio County, Indiana"
42061,3.150048563748845,2084,"Huntingdon County, Pennsylvania"
18125,3.149776078201812,2085,"Pike County, Indiana"
13045,3.1492295396490944,2086,"Carroll County, Georgia"
20141,3.1489708800298097,2087,"Osborne County, Kansas"
29205,3.1484473876789063,2088,"Shelby County, Missouri"
48419,3.1478708942116094,2089,"Shelby County, Texas"
27089,3.1472730466596612,2090,"Marshall County, Minnesota"
13043,3.1466006846423946,2091,"Candler County, Georgia"
21161,3.143312590586079,2092,"Mason County, Kentucky"
29041,3.142132969749761,2093,"Chariton County, Missouri"
18123,3.1421187654274423,2094,"Perry County, Indiana"
01073,3.1412575837653858,2095,"Jefferson County, Alabama"
54009,3.141001462176156,2096,"Brooke County, West Virginia"
20183,3.1404162818958365,2097,"Smith County, Kansas"
46127,3.13912203145057,2098,"Union County, South Dakota"
31111,3.138691066171321,2099,"Lincoln County, Nebraska"
47039,3.1381931565398262,2100,"Decatur County, Tennessee"
21169,3.1380605014176486,2101,"Metcalfe County, Kentucky"
51031,3.136313985396524,2102,"Campbell County, Virginia"
48231,3.136286902570273,2103,"Hunt County, Texas"
48147,3.135889620878898,2104,"Fannin County, Texas"
40095,3.1345114676003196,2105,"Marshall County, Oklahoma"
05109,3.13442694762771,2106,"Pike County, Arkansas"
31101,3.1316556354889165,2107,"Keith County, Nebraska"
37081,3.131544088239997,2108,"Guilford County, North Carolina"
31089,3.1313333761347573,2109,"Holt County, Nebraska"
42047,3.131200876867592,2110,"Elk County, Pennsylvania"
27137,3.1306856310813798,2111,"St. Louis County, Minnesota"
39061,3.130157204183396,2112,"Hamilton County, Ohio"
28155,3.1300908920072668,2113,"Webster County, Mississippi"
33013,3.1300559923794635,2114,"Merrimack County, New Hampshire"
55139,3.129399953814559,2115,"Winnebago County, Wisconsin"
28121,3.128795465015911,2116,"Rankin County, Mississippi"
48063,3.128642099220297,2117,"Camp County, Texas"
29087,3.128069951085731,2118,"Holt County, Missouri"
19053,3.1270971738946316,2119,"Decatur County, Iowa"
28109,3.1260815110156344,2120,"Pearl River County, Mississippi"
31143,3.1259316392757803,2121,"Polk County, Nebraska"
18161,3.1257320827229313,2122,"Union County, Indiana"
42077,3.125664008947774,2123,"Lehigh County, Pennsylvania"
19143,3.122032358768528,2124,"Osceola County, Iowa"
48477,3.1200150028135436,2125,"Washington County, Texas"
29051,3.11927024257357,2126,"Cole County, Missouri"
21207,3.118477948633989,2127,"Russell County, Kentucky"
21023,3.118109646439365,2128,"Bracken County, Kentucky"
05081,3.1168367773576895,2129,"Little River County, Arkansas"
45077,3.116637734371413,2130,"Pickens County, South Carolina"
48133,3.115582754262571,2131,"Eastland County, Texas"
29157,3.115498288019962,2132,"Perry County, Missouri"
18053,3.115318512430777,2133,"Grant County, Indiana"
36083,3.1151270120834753,2134,"Rensselaer County, New York"
45025,3.1147631627258185,2135,"Chesterfield County, South Carolina"
28067,3.114760473943685,2136,"Jones County, Mississippi"
27027,3.1146378497287808,2137,"Clay County, Minnesota"
48363,3.1123010958414628,2138,"Palo Pinto County, Texas"
13297,3.112015051579002,2139,"Walton County, Georgia"
47167,3.1112804281119324,2140,"Tipton County, Tennessee"
13137,3.110838878917731,2141,"Habersham County, Georgia"
46077,3.110388438502158,2142,"Kingsbury County, South Dakota"
48337,3.11014586036402,2143,"Montague County, Texas"
46093,3.1100822808263455,2144,"Meade County, South Dakota"
47033,3.1096461491804988,2145,"Crockett County, Tennessee"
47087,3.1093645272840726,2146,"Jackson County, Tennessee"
24023,3.1091109010023295,2147,"Garrett County, Maryland"
05121,3.108981434158062,2148,"Randolph County, Arkansas"
45045,3.10753969603562,2149,"Greenville County, South Carolina"
21003,3.1074091252052463,2150,"Allen County, Kentucky"
48161,3.1073755522979027,2151,"Freestone County, Texas"
19173,3.1070427033185366,2152,"Taylor County, Iowa"
12063,3.106871970329817,2153,"Jackson County, Florida"
13305,3.1065335815888733,2154,"Wayne County, Georgia"
05135,3.1062848120996707,2155,"Sharp County, Arkansas"
48049,3.1061511215985877,2156,"Brown County, Texas"
36019,3.1054058526333628,2157,"Clinton County, New York"
31095,3.10535947736165,2158,"Jefferson County, Nebraska"
45057,3.1052368192954627,2159,"Lancaster County, South Carolina"
27013,3.105147311314051,2160,"Blue Earth County, Minnesota"
01001,3.105109024887352,2161,"Autauga County, Alabama"
29225,3.103892415146566,2162,"Webster County, Missouri"
31019,3.102216701163043,2163,"Buffalo County, Nebraska"
17057,3.1021845377034833,2164,"Fulton County, Illinois"
39127,3.10196180406842,2165,"Perry County, Ohio"
29137,3.101390860897017,2166,"Monroe County, Missouri"
47085,3.1009734147183026,2167,"Humphreys County, Tennessee"
19003,3.1006157791601834,2168,"Adams County, Iowa"
26051,3.099322664856907,2169,"Gladwin County, Michigan"
20019,3.0992327026636377,2170,"Chautauqua County, Kansas"
28035,3.0989510271680496,2171,"Forrest County, Mississippi"
12121,3.0975221892977034,2172,"Suwannee County, Florida"
27169,3.0966698372774126,2173,"Winona County, Minnesota"
13285,3.096012522280242,2174,"Troup County, Georgia"
51011,3.095375476360844,2175,"Appomattox County, Virginia"
42069,3.0952415112785783,2176,"Lackawanna County, Pennsylvania"
18039,3.093614089395615,2177,"Elkhart County, Indiana"
40109,3.093240653547906,2178,"Oklahoma County, Oklahoma"
42079,3.0910796600384476,2179,"Luzerne County, Pennsylvania"
47183,3.090772008412571,2180,"Weakley County, Tennessee"
27125,3.09068104410654,2181,"Red Lake County, Minnesota"
55031,3.0899742740829885,2182,"Douglas County, Wisconsin"
17145,3.0894200304837147,2183,"Perry County, Illinois"
26137,3.0885099326637793,2184,"Otsego County, Michigan"
55103,3.088402036719478,2185,"Richland County, Wisconsin"
29081,3.086790339243887,2186,"Harrison County, Missouri"
36023,3.0865385504675387,2187,"Cortland County, New York"
39107,3.085893979196314,2188,"Mercer County, Ohio"
31159,3.0852913255304344,2189,"Seward County, Nebraska"
51185,3.0823472298299466,2190,"Tazewell County, Virginia"
37069,3.082117865938815,2191,"Franklin County, North Carolina"
21039,3.0813719611177675,2192,"Carlisle County, Kentucky"
21007,3.0813699084228308,2193,"Ballard County, Kentucky"
45091,3.0811234800613767,2194,"York County, South Carolina"
47045,3.080535775164071,2195,"Dyer County, Tennessee"
54077,3.0798187198698903,2196,"Preston County, West Virginia"
40089,3.0796095085665227,2197,"McCurtain County, Oklahoma"
48015,3.077299734886263,2198,"Austin County, Texas"
29011,3.07444443956197,2199,"Barton County, Missouri"
47051,3.074344188288636,2200,"Franklin County, Tennessee"
36099,3.074299233096924,2201,"Seneca County, New York"
47177,3.073249496344127,2202,"Warren County, Tennessee"
31003,3.0724331723483926,2203,"Antelope County, Nebraska"
21175,3.072428959167721,2204,"Morgan County, Kentucky"
23003,3.0722597175109323,2205,"Aroostook County, Maine"
20077,3.072138145860638,2206,"Harper County, Kansas"
48365,3.0721198112102384,2207,"Panola County, Texas"
21103,3.0715504058512537,2208,"Henry County, Kentucky"
51067,3.0712031408350713,2209,"Franklin County, Virginia"
21077,3.0707249472691585,2210,"Gallatin County, Kentucky"
13215,3.0706853583156204,2211,"Muscogee County, Georgia"
46101,3.070272704585055,2212,"Moody County, South Dakota"
36091,3.069949929469919,2213,"Saratoga County, New York"
31059,3.0694809618169097,2214,"Fillmore County, Nebraska"
47035,3.0694402249922312,2215,"Cumberland County, Tennessee"
20059,3.0690280198652884,2216,"Franklin County, Kansas"
18009,3.0690145900032473,2217,"Blackford County, Indiana"
13075,3.0685056647521813,2218,"Cook County, Georgia"
28023,3.068231732166445,2219,"Clarke County, Mississippi"
05059,3.0682017353057405,2220,"Hot Spring County, Arkansas"
19153,3.0674440870701627,2221,"Polk County, Iowa"
42115,3.0662801831944693,2222,"Susquehanna County, Pennsylvania"
38067,3.0662479110493344,2223,"Pembina County, North Dakota"
05071,3.0658534309608596,2224,"Johnson County, Arkansas"
37033,3.065303505742446,2225,"Caswell County, North Carolina"
13279,3.063257661518582,2226,"Toombs County, Georgia"
48281,3.0631663130453273,2227,"Lampasas County, Texas"
18167,3.0612878912781594,2228,"Vigo County, Indiana"
21067,3.061144056823154,2229,"Fayette County, Kentucky"
51015,3.0610726495383216,2230,"Augusta County, Virginia"
29161,3.0599940934033754,2231,"Phelps County, Missouri"
20151,3.0589926102265688,2232,"Pratt County, Kansas"
51077,3.0588452306377496,2233,"Grayson County, Virginia"
40005,3.058761582762629,2234,"Atoka County, Oklahoma"
28087,3.0585389463133716,2235,"Lowndes County, Mississippi"
48119,3.0580323182536437,2236,"Delta County, Texas"
47001,3.0576934107190774,2237,"Anderson County, Tennessee"
17143,3.0576873110626015,2238,"Peoria County, Illinois"
24045,3.057448553609481,2239,"Wicomico County, Maryland"
17163,3.05345885520963,2240,"St. Clair County, Illinois"
55023,3.0524089140044817,2241,"Crawford County, Wisconsin"
13119,3.052354479495935,2242,"Franklin County, Georgia"
46037,3.0520054253331357,2243,"Day County, South Dakota"
29057,3.048158548912952,2244,"Dade County, Missouri"
17079,3.0469132410282658,2245,"Jasper County, Illinois"
42041,3.0468527145860596,2246,"Cumberland County, Pennsylvania"
29113,3.0464577996909536,2247,"Lincoln County, Missouri"
40061,3.046285581109481,2248,"Haskell County, Oklahoma"
20079,3.0454618202762216,2249,"Harvey County, Kansas"
21061,3.0446898484394356,2250,"Edmonson County, Kentucky"
09150,3.0446892775267704,2251,"Northeastern Connecticut Planning Region, Connecticut"
47005,3.044292184524473,2252,"Benton County, Tennessee"
22073,3.044261256874206,2253,"Ouachita Parish, Louisiana"
29039,3.043083034530673,2254,"Cedar County, Missouri"
21171,3.0414751683509653,2255,"Monroe County, Kentucky"
18133,3.0409803364211156,2256,"Putnam County, Indiana"
18023,3.040442188041365,2257,"Clinton County, Indiana"
09180,3.0389102512380557,2258,"Southeastern Connecticut Planning Region, Connecticut"
21099,3.0386726684427354,2259,"Hart County, Kentucky"
27021,3.038457583807787,2260,"Cass County, Minnesota"
36077,3.0368696975672647,2261,"Otsego County, New York"
19033,3.0367363958094713,2262,"Cerro Gordo County, Iowa"
01039,3.0355927521908357,2263,"Covington County, Alabama"
18047,3.0344551031682045,2264,"Franklin County, Indiana"
31081,3.0343206784391854,2265,"Hamilton County, Nebraska"
47049,3.0331561245085243,2266,"Fentress County, Tennessee"
46087,3.032962693845298,2267,"McCook County, South Dakota"
25027,3.0320204573345824,2268,"Worcester County, Massachusetts"
28139,3.0319425924796786,2269,"Tippah County, Mississippi"
54081,3.031895171900852,2270,"Raleigh County, West Virginia"
17047,3.031886536193685,2271,"Edwards County, Illinois"
01019,3.0305576460943997,2272,"Cherokee County, Alabama"
20043,3.028692264381607,2273,"Doniphan County, Kansas"
27159,3.0284729853214785,2274,"Wadena County, Minnesota"
20029,3.028398849641758,2275,"Cloud County, Kansas"
40123,3.0279338368123425,2276,"Pontotoc County, Oklahoma"
17045,3.027896569616329,2277,"Edgar County, Illinois"
20113,3.027172359656718,2278,"McPherson County, Kansas"
18079,3.0263866370849843,2279,"Jennings County, Indiana"
29101,3.0256378814040166,2280,"Johnson County, Missouri"
27135,3.0251807252401672,2281,"Roseau County, Minnesota"
01017,3.0250206809420437,2282,"Chambers County, Alabama"
20009,3.024960259433661,2283,"Barton County, Kansas"
31119,3.0242651095270343,2284,"Madison County, Nebraska"
47077,3.0218373887790846,2285,"Henderson County, Tennessee"
31147,3.02094149669936,2286,"Richardson County, Nebraska"
27167,3.019989523620372,2287,"Wilkin County, Minnesota"
37001,3.0197612387536625,2288,"Alamance County, North Carolina"
24001,3.0195404263228216,2289,"Allegany County, Maryland"
37107,3.019101384816346,2290,"Lenoir County, North Carolina"
42099,3.018914175193303,2291,"Perry County, Pennsylvania"
05023,3.0181727796480384,2292,"Cleburne County, Arkansas"
28145,3.0177894483307517,2293,"Union County, Mississippi"
29117,3.016754489431131,2294,"Livingston County, Missouri"
39145,3.01589650607697,2295,"Scioto County, Ohio"
01049,3.0158700592948664,2296,"DeKalb County, Alabama"
05033,3.015761516015265,2297,"Crawford County, Arkansas"
29033,3.014478112426275,2298,"Carroll County, Missouri"
25013,3.013566177139276,2299,"Hampden County, Massachusetts"
28117,3.0128582241033803,2300,"Prentiss County, Mississippi"
01079,3.0119022316507107,2301,"Lawrence County, Alabama"
31177,3.0106095483922917,2302,"Washington County, Nebraska"
39169,3.0098237082970414,2303,"Wayne County, Ohio"
47145,3.0095988389269253,2304,"Roane County, Tennessee"
26113,3.0091139957985202,2305,"Missaukee County, Michigan"
29167,3.0069097926831136,2306,"Polk County, Missouri"
31121,3.0064430391721664,2307,"Merrick County, Nebraska"
21041,3.006315083125202,2308,"Carroll County, Kentucky"
55131,3.0054577587215765,2309,"Washington County, Wisconsin"
36093,3.003250049656817,2310,"Schenectady County, New York"
18151,3.0020668016503405,2311,"Steuben County, Indiana"
21163,2.9996677487025125,2312,"Meade County, Kentucky"
39001,2.9994647169822257,2313,"Adams County, Ohio"
13225,2.9974066462917985,2314,"Peach County, Georgia"
42105,2.997267688651432,2315,"Potter County, Pennsylvania"
01095,2.996563022030245,2316,"Marshall County, Alabama"
46135,2.995776562760658,2317,"Yankton County, South Dakota"
21123,2.9951120760430134,2318,"Larue County, Kentucky"
26081,2.995079962174504,2319,"Kent County, Michigan"
21069,2.994400496978647,2320,"Fleming County, Kentucky"
51143,2.9941523554442417,2321,"Pittsylvania County, Virginia"
20127,2.993237975325487,2322,"Morris County, Kansas"
31023,2.9924726544253453,2323,"Butler County, Nebraska"
17033,2.992128387363694,2324,"Crawford County, Illinois"
40101,2.9914651695474923,2325,"Muskogee County, Oklahoma"
21145,2.989101845097909,2326,"McCracken County, Kentucky"
47081,2.9872310963775606,2327,"Hickman County, Tennessee"
39117,2.987135225362719,2328,"Morrow County, Ohio"
37049,2.986331759755216,2329,"Craven County, North Carolina"
21029,2.986086512538518,2330,"Bullitt County, Kentucky"
48423,2.984891337477234,2331,"Smith County, Texas"
33007,2.9829258546584976,2332,"Coos County, New Hampshire"
23011,2.982873811561871,2333,"Kennebec County, Maine"
47105,2.9825224712163885,2334,"Loudon County, Tennessee"
19125,2.980482117623834,2335,"Marion County, Iowa"
31107,2.9803375642709375,2336,"Knox County, Nebraska"
21149,2.9801666216138853,2337,"McLean County, Kentucky"
01045,2.9801108572769808,2338,"Dale County, Alabama"
29047,2.9793418294108216,2339,"Clay County, Missouri"
47119,2.9790880152574513,2340,"Maury County, Tennessee"
46067,2.9788601349118795,2341,"Hutchinson County, South Dakota"
01021,2.978458871048907,2342,"Chilton County, Alabama"
40113,2.9783789641041656,2343,"Osage County, Oklahoma"
13155,2.9778777485072254,2344,"Irwin County, Georgia"
18017,2.9777302684191143,2345,"Cass County, Indiana"
29163,2.976825652179421,2346,"Pike County, Missouri"
45003,2.976624583613635,2347,"Aiken County, South Carolina"
19017,2.9759858053898927,2348,"Bremer County, Iowa"
18127,2.975795836427455,2349,"Porter County, Indiana"
40027,2.975648355332836,2350,"Cleveland County, Oklahoma"
55129,2.9754395899460486,2351,"Washburn County, Wisconsin"
19005,2.9737367227570077,2352,"Allamakee County, Iowa"
23019,2.973231234907288,2353,"Penobscot County, Maine"
17025,2.973113641478436,2354,"Clay County, Illinois"
19029,2.972103363931878,2355,"Cass County, Iowa"
47003,2.9702685357523246,2356,"Bedford County, Tennessee"
19185,2.970182856691681,2357,"Wayne County, Iowa"
13105,2.9684431180415674,2358,"Elbert County, Georgia"
48097,2.967334270086864,2359,"Cooke County, Texas"
31027,2.966865198562543,2360,"Cedar County, Nebraska"
40143,2.9667325147620782,2361,"Tulsa County, Oklahoma"
48213,2.96583709712231,2362,"Henderson County, Texas"
18041,2.9651721633278445,2363,"Fayette County, Indiana"
01051,2.9650482142331613,2364,"Elmore County, Alabama"
17171,2.9646407934498034,2365,"Scott County, Illinois"
40111,2.9646354085317603,2366,"Okmulgee County, Oklahoma"
48485,2.9640351724312515,2367,"Wichita County, Texas"
39083,2.9636802338387986,2368,"Knox County, Ohio"
21035,2.9628744373775704,2369,"Calloway County, Kentucky"
20103,2.962732182973402,2370,"Leavenworth County, Kansas"
18141,2.962236167707289,2371,"St. Joseph County, Indiana"
29135,2.960901146915411,2372,"Moniteau County, Missouri"
21115,2.9599300582276453,2373,"Johnson County, Kentucky"
55067,2.9585080407273265,2374,"Langlade County, Wisconsin"
21191,2.9579939593601097,2375,"Pendleton County, Kentucky"
29065,2.9575625156737657,2376,"Dent County, Missouri"
27145,2.9574358861226173,2377,"Stearns County, Minnesota"
29083,2.9573263169866886,2378,"Henry County, Missouri"
01097,2.9563998175182973,2379,"Mobile County, Alabama"
40115,2.956043851245084,2380,"Ottawa County, Oklahoma"
13277,2.9548293994603467,2381,"Tift County, Georgia"
37105,2.953745013995751,2382,"Lee County, North Carolina"
42095,2.9529346648083634,2383,"Northampton County, Pennsylvania"
29217,2.952208592410362,2384,"Vernon County, Missouri"
21037,2.9517072031502596,2385,"Campbell County, Kentucky"
31093,2.949869678937931,2386,"Howard County, Nebraska"
05055,2.949573543773236,2387,"Greene County, Arkansas"
17165,2.949497741813042,2388,"Saline County, Illinois"
54097,2.9479077277744086,2389,"Upshur County, West Virginia"
17041,2.9478819199903823,2390,"Douglas County, Illinois"
27115,2.944526340520647,2391,"Pine County, Minnesota"
01121,2.9444838313786303,2392,"Talladega County, Alabama"
17083,2.943975181292381,2393,"Jersey County, Illinois"
37141,2.942904823804623,2394,"Pender County, North Carolina"
55099,2.942839325872311,2395,"Price County, Wisconsin"
29183,2.9425817485394474,2396,"St. Charles County, Missouri"
28073,2.9417985051564584,2397,"Lamar County, Mississippi"
31109,2.9417659343913942,2398,"Lancaster County, Nebraska"
39057,2.941577877569666,2399,"Greene County, Ohio"
05111,2.940775843310941,2400,"Poinsett County, Arkansas"
24043,2.9405513338334814,2401,"Washington County, Maryland"
27057,2.9401369217003723,2402,"Hubbard County, Minnesota"
27025,2.9398292377998194,2403,"Chisago County, Minnesota"
48217,2.938928380005818,2404,"Hill County, Texas"
23025,2.9373286252398567,2405,"Somerset County, Maine"
21015,2.9371280120230914,2406,"Boone County, Kentucky"
48401,2.9369949500820782,2407,"Rusk County, Texas"
42043,2.9369557107448023,2408,"Dauphin County, Pennsylvania"
36025,2.9368875897632414,2409,"Delaware County, New York"
01009,2.933501635169567,2410,"Blount County, Alabama"
26145,2.931979330941301,2411,"Saginaw County, Michigan"
26077,2.931561171182437,2412,"Kalamazoo County, Michigan"
20197,2.928893421351745,2413,"Wabaunsee County, Kansas"
20001,2.9277192195376665,2414,"Allen County, Kansas"
27153,2.9272916261474204,2415,"Todd County, Minnesota"
20117,2.9259759949599538,2416,"Marshall County, Kansas"
05031,2.925304463725786,2417,"Craighead County, Arkansas"
36069,2.9246222826827593,2418,"Ontario County, New York"
54035,2.923511037652554,2419,"Jackson County, West Virginia"
36029,2.9228012950313325,2420,"Erie County, New York"
17189,2.9220405333099504,2421,"Washington County, Illinois"
55063,2.9219569547933033,2422,"La Crosse County, Wisconsin"
55069,2.921738534711421,2423,"Lincoln County, Wisconsin"
37077,2.920647292525958,2424,"Granville County, North Carolina"
31167,2.9195945179628096,2425,"Stanton County, Nebraska"
28127,2.9179547966707036,2426,"Simpson County, Mississippi"
20031,2.9172534669162187,2427,"Coffey County, Kansas"
40047,2.917079350254164,2428,"Garfield County, Oklahoma"
20131,2.9169800288849683,2429,"Nemaha County, Kansas"
26115,2.9167238220032248,2430,"Monroe County, Michigan"
47021,2.916571582226127,2431,"Cheatham County, Tennessee"
01115,2.9165516552998003,2432,"St. Clair County, Alabama"
20099,2.9161758268959415,2433,"Labette County, Kansas"
42075,2.915096321006433,2434,"Lebanon County, Pennsylvania"
05131,2.9148352033196794,2435,"Sebastian County, Arkansas"
18149,2.9146163614179925,2436,"Starke County, Indiana"
54039,2.9119958627000653,2437,"Kanawha County, West Virginia"
47089,2.910574692805167,2438,"Jefferson County, Tennessee"
31139,2.910329033178124,2439,"Pierce County, Nebraska"
44003,2.90994617432644,2440,"Kent County, Rhode Island"
21125,2.908234006314143,2441,"Laurel County, Kentucky"
36095,2.905073108669069,2442,"Schoharie County, New York"
13185,2.9033246023995796,2443,"Lowndes County, Georgia"
42001,2.9030557086801685,2444,"Adams County, Pennsylvania"
18077,2.90171299179877,2445,"Jefferson County, Indiana"
37191,2.901068847301733,2446,"Wayne County, North Carolina"
01067,2.900746805050968,2447,"Henry County, Alabama"
28081,2.8994011665326047,2448,"Lee County, Mississippi"
19071,2.8990071244760895,2449,"Fremont County, Iowa"
21223,2.89876677589296,2450,"Trimble County, Kentucky"
46039,2.896276025245043,2451,"Deuel County, South Dakota"
42025,2.896209795162365,2452,"Carbon County, Pennsylvania"
54099,2.8956006209972815,2453,"Wayne County, West Virginia"
26087,2.8952848955447514,2454,"Lapeer County, Michigan"
21049,2.895079076805533,2455,"Clark County, Kentucky"
45085,2.8944137629246702,2456,"Sumter County, South Carolina"
46013,2.893224825204459,2457,"Brown County, South Dakota"
28095,2.8920386325398355,2458,"Monroe County, Mississippi"
37111,2.8914565846912956,2459,"McDowell County, North Carolina"
17157,2.8901776488027604,2460,"Randolph County, Illinois"
54079,2.8900024615871542,2461,"Putnam County, West Virginia"
54041,2.8890910315039964,2462,"Lewis County, West Virginia"
42019,2.888548254363087,2463,"Butler County, Pennsylvania"
55075,2.887644870518444,2464,"Marinette County, Wisconsin"
47189,2.887275842038319,2465,"Wilson County, Tennessee"
27039,2.887049504148278,2466,"Dodge County, Minnesota"
18059,2.88526270948237,2467,"Hancock County, Indiana"
55015,2.8848030685653288,2468,"Calumet County, Wisconsin"
19093,2.8839530410526097,2469,"Ida County, Iowa"
19009,2.8837489305204653,2470,"Audubon County, Iowa"
21091,2.8833677146337577,2471,"Hancock County, Kentucky"
38015,2.883300531133092,2472,"Burleigh County, North Dakota"
48067,2.882890673215672,2473,"Cass County, Texas"
47109,2.8828086824423385,2474,"McNairy County, Tennessee"
20085,2.882611029254071,2475,"Jackson County, Kansas"
20115,2.8823386136574722,2476,"Marion County, Kansas"
18131,2.88141977623543,2477,"Pulaski County, Indiana"
55119,2.8808518230590043,2478,"Taylor County, Wisconsin"
17201,2.8801476264633443,2479,"Winnebago County, Illinois"
42059,2.8799503826657595,2480,"Greene County, Pennsylvania"
17035,2.878468703722287,2481,"Cumberland County, Illinois"
18147,2.8777041835607773,2482,"Spencer County, Indiana"
36015,2.8758699039234608,2483,"Chemung County, New York"
05145,2.8754026274140436,2484,"White County, Arkansas"
29021,2.8753784155428073,2485,"Buchanan County, Missouri"
29173,2.8750975996588783,2486,"Ralls County, Missouri"
40079,2.8750454881829692,2487,"Le Flore County, Oklahoma"
18171,2.873426486856926,2488,"Warren County, Indiana"
20139,2.8733178531005956,2489,"Osage County, Kansas"
42127,2.870929296851085,2490,"Wayne County, Pennsylvania"
38099,2.8709155276614258,2491,"Walsh County, North Dakota"
26049,2.87085431572106,2492,"Genesee County, Michigan"
45073,2.870045141540786,2493,"Oconee County, South Carolina"
42131,2.8696232044310266,2494,"Wyoming County, Pennsylvania"
37127,2.8693245519985378,2495,"Nash County, North Carolina"
21227,2.868032071778695,2496,"Warren County, Kentucky"
26079,2.8678788398582156,2497,"Kalkaska County, Michigan"
45037,2.867818347655031,2498,"Edgefield County, South Carolina"
01061,2.8666317746502226,2499,"Geneva County, Alabama"
20053,2.8647707748295623,2500,"Ellsworth County, Kansas"
36067,2.863792270318641,2501,"Onondaga County, New York"
19181,2.862608889713453,2502,"Warren County, Iowa"
47147,2.8623372186176796,2503,"Robertson County, Tennessee"
48469,2.8612744568586224,2504,"Victoria County, Texas"
29073,2.8608447926961507,2505,"Gasconade County, Missouri"
05115,2.860026562334373,2506,"Pope County, Arkansas"
36049,2.8600087121466866,2507,"Lewis County, New York"
19197,2.8600040389483166,2508,"Wright County, Iowa"
36011,2.8593736589923338,2509,"Cayuga County, New York"
01123,2.858178421874043,2510,"Tallapoosa County, Alabama"
13275,2.8581257396423596,2511,"Thomas County, Georgia"
39067,2.857724288218729,2512,"Harrison County, Ohio"
45041,2.8572886463808147,2513,"Florence County, South Carolina"
29213,2.856930217243364,2514,"Taney County, Missouri"
17139,2.85604712468915,2515,"Moultrie County, Illinois"
29175,2.8541965680731356,2516,"Randolph County, Missouri"
48183,2.8538061186105126,2517,"Gregg County, Texas"
54057,2.853786902033646,2518,"Mineral County, West Virginia"
01031,2.8535166169635433,2519,"Coffee County, Alabama"
21113,2.853329892419351,2520,"Jessamine County, Kentucky"
05125,2.8531580269022436,2521,"Saline County, Arkansas"
47165,2.852982419069352,2522,"Sumner County, Tennessee"
42129,2.8528775726032802,2523,"Westmoreland County, Pennsylvania"
55053,2.8521515904503176,2524,"Jackson County, Wisconsin"
27017,2.8514833799064965,2525,"Carlton County, Minnesota"
47009,2.8509886194169374,2526,"Blount County, Tennessee"
39065,2.8504998628685247,2527,"Hardin County, Ohio"
37193,2.8502836496753687,2528,"Wilkes County, North Carolina"
40103,2.849123472927122,2529,"Noble County, Oklahoma"
27035,2.8484978903686984,2530,"Crow Wing County, Minnesota"
39113,2.8476592022340474,2531,"Montgomery County, Ohio"
26147,2.846805449418834,2532,"St. Clair County, Michigan"
29053,2.8466916968806197,2533,"Cooper County, Missouri"
38077,2.8463073630587563,2534,"Richland County, North Dakota"
13019,2.84535397267692,2535,"Berrien County, Georgia"
17049,2.844001591907115,2536,"Effingham County, Illinois"
27083,2.8435980394885534,2537,"Lyon County, Minnesota"
40117,2.8428859057744305,2538,"Pawnee County, Oklahoma"
39087,2.8424479555263953,2539,"Lawrence County, Ohio"
21233,2.8409881658393434,2540,"Webster County, Kentucky"
27147,2.840827856563947,2541,"Steele County, Minnesota"
13143,2.840191763469923,2542,"Haralson County, Georgia"
29031,2.8395600882581284,2543,"Cape Girardeau County, Missouri"
27095,2.839513050279783,2544,"Mille Lacs County, Minnesota"
19195,2.8394144576139775,2545,"Worth County, Iowa"
47133,2.8389218145902686,2546,"Overton County, Tennessee"
19013,2.838661553584914,2547,"Black Hawk County, Iowa"
55107,2.838561306479052,2548,"Rusk County, Wisconsin"
05047,2.8367171237919537,2549,"Franklin County, Arkansas"
21021,2.8359983680843186,2550,"Boyle County, Kentucky"
31041,2.8345700428222402,2551,"Custer County, Nebraska"
18071,2.833561007340722,2552,"Jackson County, Indiana"
51171,2.833512397855556,2553,"Shenandoah County, Virginia"
21079,2.8327089537160246,2554,"Garrard County, Kentucky"
29186,2.8320472155994074,2555,"Ste. Genevieve County, Missouri"
13229,2.830704417798257,2556,"Pierce County, Georgia"
27073,2.8303688938650424,2557,"Lac qui Parle County, Minnesota"
45071,2.82966943945962,2558,"Newberry County, South Carolina"
20095,2.829567199076403,2559,"Kingman County, Kansas"
29123,2.82944784730016,2560,"Madison County, Missouri"
19189,2.8286693184609395,2561,"Winnebago County, Iowa"
54029,2.8279259528354896,2562,"Hancock County, West Virginia"
17023,2.8277050824484897,2563,"Clark County, Illinois"
48223,2.8271166640346124,2564,"Hopkins County, Texas"
29115,2.8263818187256775,2565,"Linn County, Missouri"
05083,2.825962771767277,2566,"Logan County, Arkansas"
47141,2.8257838213773825,2567,"Putnam County, Tennessee"
37109,2.824951620414632,2568,"Lincoln County, North Carolina"
13131,2.8248851745897694,2569,"Grady County, Georgia"
20143,2.824457054341832,2570,"Ottawa County, Kansas"
19031,2.824301283420639,2571,"Cedar County, Iowa"
55009,2.824147738843626,2572,"Brown County, Wisconsin"
39163,2.8240624428598333,2573,"Vinton County, Ohio"
17161,2.822426038616206,2574,"Rock Island County, Illinois"
19087,2.8223879277636588,2575,"Henry County, Iowa"
01043,2.821227688631843,2576,"Cullman County, Alabama"
19159,2.820376914732881,2577,"Ringgold County, Iowa"
46125,2.8201450768325302,2578,"Turner County, South Dakota"
17183,2.8200466239244157,2579,"Vermilion County, Illinois"
26067,2.8200233035572455,2580,"Ionia County, Michigan"
05051,2.819679354982321,2581,"Garland County, Arkansas"
37059,2.817636308937432,2582,"Davie County, North Carolina"
42011,2.8161438642413366,2583,"Berks County, Pennsylvania"
21117,2.8160984744027697,2584,"Kenton County, Kentucky"
20173,2.8156045758727792,2585,"Sedgwick County, Kansas"
18109,2.8149321504373224,2586,"Morgan County, Indiana"
19179,2.8148111601580603,2587,"Wapello County, Iowa"
36057,2.813482571145697,2588,"Montgomery County, New York"
27119,2.812864967024463,2589,"Polk County, Minnesota"
21155,2.812501647480077,2590,"Marion County, Kentucky"
40145,2.8116074417557484,2591,"Wagoner County, Oklahoma"
55083,2.8111091741831995,2592,"Oconto County, Wisconsin"
36115,2.810105890124145,2593,"Washington County, New York"
55035,2.8088789099678357,2594,"Eau Claire County, Wisconsin"
13129,2.807985101878023,2595,"Gordon County, Georgia"
21073,2.807305733954537,2596,"Franklin County, Kentucky"
48203,2.80641841405834,2597,"Harrison County, Texas"
21213,2.8063731671044327,2598,"Simpson County, Kentucky"
01111,2.8062280850728794,2599,"Randolph County, Alabama"
19161,2.805705250260299,2600,"Sac County, Iowa"
39097,2.8053895908637725,2601,"Madison County, Ohio"
22105,2.804998744791832,2602,"Tangipahoa Parish, Louisiana"
47071,2.804700934680399,2603,"Hardin County, Tennessee"
37097,2.8040136727768115,2604,"Iredell County, North Carolina"
47093,2.8037047026931208,2605,"Knox County, Tennessee"
45055,2.803181084990302,2606,"Kershaw County, South Carolina"
29013,2.802810750465351,2607,"Bates County, Missouri"
29007,2.8003964605761205,2608,"Audrain County, Missouri"
19133,2.799892062704374,2609,"Monona County, Iowa"
38073,2.799455981381961,2610,"Ransom County, North Dakota"
37169,2.7992500796635453,2611,"Stokes County, North Carolina"
29207,2.799144276476909,2612,"Stoddard County, Missouri"
31025,2.798466782015185,2613,"Cass County, Nebraska"
26117,2.797607140183296,2614,"Montcalm County, Michigan"
42009,2.7967218958460722,2615,"Bedford County, Pennsylvania"
45001,2.796438996461319,2616,"Abbeville County, South Carolina"
26133,2.7960508461687614,2617,"Osceola County, Michigan"
39079,2.7945429039260405,2618,"Jackson County, Ohio"
17155,2.792643251370822,2619,"Putnam County, Illinois"
21097,2.788165455515874,2620,"Harrison County, Kentucky"
19145,2.7869700433148634,2621,"Page County, Iowa"
21199,2.7864641946679263,2622,"Pulaski County, Kentucky"
20011,2.7862259207306623,2623,"Bourbon County, Kansas"
51035,2.785937274055526,2624,"Carroll County, Virginia"
39099,2.785557236890246,2625,"Mahoning County, Ohio"
37197,2.78470357693767,2626,"Yadkin County, North Carolina"
47117,2.7829000263183494,2627,"Marshall County, Tennessee"
40051,2.7821640887137957,2628,"Grady County, Oklahoma"
47013,2.781632934393651,2629,"Campbell County, Tennessee"
40013,2.78114676507122,2630,"Bryan County, Oklahoma"
27121,2.7806382490555155,2631,"Pope County, Minnesota"
47055,2.7806087787325557,2632,"Giles County, Tennessee"
39133,2.7800333800296926,2633,"Portage County, Ohio"
42007,2.77985956951347,2634,"Beaver County, Pennsylvania"
29215,2.7793825957435376,2635,"Texas County, Missouri"
54049,2.7783765121391037,2636,"Marion County, West Virginia"
05045,2.7774240771597585,2637,"Faulkner County, Arkansas"
47079,2.776836944891389,2638,"Henry County, Tennessee"
05085,2.7768271660578376,2639,"Lonoke County, Arkansas"
26057,2.7750003983928058,2640,"Gratiot County, Michigan"
20133,2.7748235664120444,2641,"Neosho County, Kansas"
29091,2.7745371933143144,2642,"Howell County, Missouri"
54055,2.7738356163626117,2643,"Mercer County, West Virginia"
48459,2.773806464536212,2644,"Upshur County, Texas"
21083,2.7737154436987503,2645,"Graves County, Kentucky"
18075,2.773352716440972,2646,"Jay County, Indiana"
37067,2.7731479336019795,2647,"Forsyth County, North Carolina"
50019,2.7729902618534603,2648,"Orleans County, Vermont"
21151,2.7722445499412753,2649,"Madison County, Kentucky"
17091,2.7708684161048396,2650,"Kankakee County, Illinois"
21209,2.7698532498346538,2651,"Scott County, Kentucky"
31131,2.768281582007237,2652,"Otoe County, Nebraska"
27151,2.768070860730615,2653,"Swift County, Minnesota"
26059,2.7671895580349757,2654,"Hillsdale County, Michigan"
19111,2.7666367625629142,2655,"Lee County, Iowa"
42063,2.7662015046864545,2656,"Indiana County, Pennsylvania"
45047,2.7654152380860344,2657,"Greenwood County, South Carolina"
17125,2.765206345400195,2658,"Mason County, Illinois"
42055,2.761752196257093,2659,"Franklin County, Pennsylvania"
20121,2.7612055777343305,2660,"Miami County, Kansas"
39073,2.7601899052492413,2661,"Hocking County, Ohio"
36051,2.7599268103151777,2662,"Livingston County, New York"
47057,2.7582570936308315,2663,"Grainger County, Tennessee"
21239,2.758115794073357,2664,"Woodford County, Kentucky"
21177,2.7576092772536036,2665,"Muhlenberg County, Kentucky"
19063,2.7573058640084023,2666,"Emmet County, Iowa"
01127,2.7571775651872414,2667,"Walker County, Alabama"
13257,2.7567894514215316,2668,"Stephens County, Georgia"
40135,2.7564992196936866,2669,"Sequoyah County, Oklahoma"
21043,2.756498057861883,2670,"Carter County, Kentucky"
19113,2.756079812446529,2671,"Linn County, Iowa"
47159,2.7556657579991213,2672,"Smith County, Tennessee"
40147,2.755513834045735,2673,"Washington County, Oklahoma"
27005,2.755503456548073,2674,"Becker County, Minnesota"
29043,2.753697384982063,2675,"Christian County, Missouri"
39019,2.7528975880115194,2676,"Carroll County, Ohio"
55043,2.7528333925074158,2677,"Grant County, Wisconsin"
19141,2.7523420955763584,2678,"O'Brien County, Iowa"
27099,2.7519991265722985,2679,"Mower County, Minnesota"
40131,2.749130718437254,2680,"Rogers County, Oklahoma"
18165,2.748114405938546,2681,"Vermillion County, Indiana"
31155,2.7474506112270123,2682,"Saunders County, Nebraska"
29025,2.7469682724375075,2683,"Caldwell County, Missouri"
13295,2.7463753312158135,2684,"Walker County, Georgia"
27011,2.7461593123487766,2685,"Big Stone County, Minnesota"
47011,2.7461262032467917,2686,"Bradley County, Tennessee"
17055,2.7449417577497677,2687,"Franklin County, Illinois"
39011,2.743000095739615,2688,"Auglaize County, Ohio"
42065,2.742886719537673,2689,"Jefferson County, Pennsylvania"
42085,2.742501146546576,2690,"Mercer County, Pennsylvania"
40125,2.7422184990208227,2691,"Pottawatomie County, Oklahoma"
36065,2.741269938084588,2692,"Oneida County, New York"
47131,2.740722896790069,2693,"Obion County, Tennessee"
21019,2.740642042945001,2694,"Boyd County, Kentucky"
20177,2.74012175577141,2695,"Shawnee County, Kansas"
19107,2.739895775996584,2696,"Keokuk County, Iowa"
13015,2.739568393377572,2697,"Bartow County, Georgia"
05091,2.739410620043071,2698,"Miller County, Arkansas"
12023,2.73911087025889,2699,"Columbia County, Florida"
37161,2.7387086675776495,2700,"Rutherford County, North Carolina"
21173,2.738048902635037,2701,"Montgomery County, Kentucky"
26111,2.7377870743975774,2702,"Midland County, Michigan"
01069,2.7367716278194214,2703,"Houston County, Alabama"
19091,2.7366056184019953,2704,"Humboldt County, Iowa"
47063,2.7359148572163248,2705,"Hamblen County, Tennessee"
18029,2.7355266315408486,2706,"Dearborn County, Indiana"
27111,2.7340450919962787,2707,"Otter Tail County, Minnesota"
20125,2.7324370283642434,2708,"Montgomery County, Kansas"
17115,2.7322609083060545,2709,"Macon County, Illinois"
42125,2.7319626246225583,2710,"Washington County, Pennsylvania"
55077,2.731798197289134,2711,"Marquette County, Wisconsin"
05029,2.7315962271802308,2712,"Conway County, Arkansas"
27067,2.731366348941315,2713,"Kandiyohi County, Minnesota"
29105,2.7307987016042037,2714,"Laclede County, Missouri"
47043,2.7302830891998857,2715,"Dickson County, Tennessee"
19057,2.7295675047683394,2716,"Des Moines County, Iowa"
23001,2.7295582511339345,2717,"Androscoggin County, Maine"
18163,2.728472711046456,2718,"Vanderburgh County, Indiana"
21217,2.727758394485878,2719,"Taylor County, Kentucky"
26157,2.7277418444512964,2720,"Tuscola County, Michigan"
21229,2.7267478029543364,2721,"Washington County, Kentucky"
42035,2.726557311652728,2722,"Clinton County, Pennsylvania"
13047,2.7243949774276497,2723,"Catoosa County, Georgia"
47073,2.723016194767597,2724,"Hawkins County, Tennessee"
20041,2.7219613541602867,2725,"Dickinson County, Kansas"
19055,2.720000004950998,2726,"Delaware County, Iowa"
19109,2.719899976035511,2727,"Kossuth County, Iowa"
18003,2.719214832763198,2728,"Allen County, Indiana"
19027,2.7191404040432348,2729,"Carroll County, Iowa"
19069,2.7189253417694528,2730,"Franklin County, Iowa"
21089,2.717127734135901,2731,"Greenup County, Kentucky"
29109,2.713889020653738,2732,"Lawrence County, Missouri"
21211,2.713229853626845,2733,"Shelby County, Kentucky"
40097,2.7124266765203116,2734,"Mayes County, Oklahoma"
39081,2.7118088110426353,2735,"Jefferson County, Ohio"
42081,2.711532800434459,2736,"Lycoming County, Pennsylvania"
18021,2.7106910096450645,2737,"Clay County, Indiana"
42133,2.710642837619154,2738,"York County, Pennsylvania"
48181,2.7105440468549977,2739,"Grayson County, Texas"
18173,2.708822010282769,2740,"Warrick County, Indiana"
39053,2.708121858650782,2741,"Gallia County, Ohio"
18037,2.7071560826600667,2742,"Dubois County, Indiana"
31021,2.7060734854569346,2743,"Burt County, Nebraska"
19137,2.7048309128857513,2744,"Montgomery County, Iowa"
45063,2.7041354535674778,2745,"Lexington County, South Carolina"
45083,2.7040241740302515,2746,"Spartanburg County, South Carolina"
47163,2.703607285132021,2747,"Sullivan County, Tennessee"
27107,2.7035331004436127,2748,"Norman County, Minnesota"
27113,2.7031998216768773,2749,"Pennington County, Minnesota"
21085,2.701137639793472,2750,"Grayson County, Kentucky"
47103,2.7009495789809725,2751,"Lincoln County, Tennessee"
17137,2.7006638205623936,2752,"Morgan County, Illinois"
22019,2.700385350318936,2753,"Calcasieu Parish, Louisiana"
01071,2.7003676563687287,2754,"Jackson County, Alabama"
37023,2.699721443143327,2755,"Burke County, North Carolina"
55033,2.6996055412036806,2756,"Dunn County, Wisconsin"
18159,2.697922283989305,2757,"Tipton County, Indiana"
29121,2.6971181385234977,2758,"Macon County, Missouri"
46029,2.6960956510970786,2759,"Codington County, South Dakota"
55093,2.695384980042729,2760,"Pierce County, Wisconsin"
39173,2.6950792990572072,2761,"Wood County, Ohio"
18005,2.694858771374739,2762,"Bartholomew County, Indiana"
18143,2.6942996245918613,2763,"Scott County, Indiana"
18083,2.6937954945595703,2764,"Knox County, Indiana"
05063,2.6936807756345096,2765,"Independence County, Arkansas"
42123,2.6919767311722924,2766,"Warren County, Pennsylvania"
36017,2.6919694648362893,2767,"Chenango County, New York"
01055,2.6884720550272014,2768,"Etowah County, Alabama"
40137,2.6858747619643273,2769,"Stephens County, Oklahoma"
17191,2.685300599288059,2770,"Wayne County, Illinois"
29177,2.6852610926751037,2771,"Ray County, Missouri"
27009,2.68484378521712,2772,"Benton County, Minnesota"
21093,2.6841034152745804,2773,"Hardin County, Kentucky"
17051,2.6840104621523144,2774,"Fayette County, Illinois"
17173,2.6838365682966314,2775,"Shelby County, Illinois"
45021,2.683135370153108,2776,"Cherokee County, South Carolina"
18119,2.6803554659351017,2777,"Owen County, Indiana"
39027,2.680179070724907,2778,"Clinton County, Ohio"
39137,2.67983811676161,2779,"Putnam County, Ohio"
39063,2.6785788339620926,2780,"Hancock County, Ohio"
51197,2.6773211446755067,2781,"Wythe County, Virginia"
42039,2.6768203084031614,2782,"Crawford County, Pennsylvania"
18019,2.6734616248327665,2783,"Clark County, Indiana"
19121,2.6733617075702383,2784,"Madison County, Iowa"
17159,2.6703696859514094,2785,"Richland County, Illinois"
29037,2.670072264303141,2786,"Cass County, Missouri"
48037,2.6697064232705503,2787,"Bowie County, Texas"
47123,2.6685188372000357,2788,"Monroe County, Tennessee"
17107,2.6674052155922423,2789,"Logan County, Illinois"
47185,2.6667423027447246,2790,"White County, Tennessee"
55049,2.6665326834098826,2791,"Iowa County, Wisconsin"
39153,2.666457923595184,2792,"Summit County, Ohio"
20191,2.6658856357967338,2793,"Sumner County, Kansas"
36097,2.665702970340463,2794,"Schuyler County, New York"
13147,2.664487262891993,2795,"Hart County, Georgia"
29027,2.6638982696626905,2796,"Callaway County, Missouri"
40085,2.6626456785870474,2797,"Love County, Oklahoma"
47031,2.6617419854148108,2798,"Coffee County, Tennessee"
55011,2.6613803573105503,2799,"Buffalo County, Wisconsin"
40037,2.6602463205892852,2800,"Creek County, Oklahoma"
21033,2.6595212089888607,2801,"Caldwell County, Kentucky"
27117,2.658752201667371,2802,"Pipestone County, Minnesota"
19129,2.657737781085388,2803,"Mills County, Iowa"
39103,2.65665332789587,2804,"Medina County, Ohio"
19041,2.656351412777973,2805,"Clay County, Iowa"
19085,2.655804651667565,2806,"Harrison County, Iowa"
17149,2.6539797428251246,2807,"Pike County, Illinois"
39155,2.653826381843849,2808,"Trumbull County, Ohio"
31053,2.653019303344569,2809,"Dodge County, Nebraska"
22079,2.6518691755394523,2810,"Rapides Parish, Louisiana"
18091,2.651613657903328,2811,"LaPorte County, Indiana"
40081,2.6502754472865893,2812,"Lincoln County, Oklahoma"
17167,2.649749721665993,2813,"Sangamon County, Illinois"
31035,2.6480865623195604,2814,"Clay County, Nebraska"
55087,2.6479283491202885,2815,"Outagamie County, Wisconsin"
27101,2.6476619718676644,2816,"Murray County, Minnesota"
36107,2.646995208863043,2817,"Tioga County, New York"
20169,2.6469200275940272,2818,"Saline County, Kansas"
37045,2.6462064805964003,2819,"Cleveland County, North Carolina"
22015,2.6452064505777972,2820,"Bossier Parish, Louisiana"
19035,2.6450903282508724,2821,"Cherokee County, Iowa"
27065,2.645079753704611,2822,"Kanabec County, Minnesota"
21137,2.6449783081598994,2823,"Lincoln County, Kentucky"
39031,2.644940664162053,2824,"Coshocton County, Ohio"
19067,2.644584025679786,2825,"Floyd County, Iowa"
55081,2.6437830462165284,2826,"Monroe County, Wisconsin"
29077,2.6421310172077885,2827,"Greene County, Missouri"
18061,2.6403430393792364,2828,"Harrison County, Indiana"
21157,2.639094418115292,2829,"Marshall County, Kentucky"
29099,2.639085093920369,2830,"Jefferson County, Missouri"
27041,2.6382428800813162,2831,"Douglas County, Minnesota"
36035,2.638116810759236,2832,"Fulton County, New York"
54051,2.637799356617412,2833,"Marshall County, West Virginia"
55097,2.637235897449244,2834,"Portage County, Wisconsin"
19193,2.636967060982097,2835,"Woodbury County, Iowa"
29055,2.6369603445444723,2836,"Crawford County, Missouri"
37171,2.6365597330785895,2837,"Surry County, North Carolina"
55065,2.635846098143124,2838,"Lafayette County, Wisconsin"
17123,2.6354170380434487,2839,"Marshall County, Illinois"
47179,2.633120070498677,2840,"Washington County, Tennessee"
17131,2.632966836230289,2841,"Mercer County, Illinois"
21101,2.6327597309212982,2842,"Henderson County, Kentucky"
46051,2.632626150699396,2843,"Grant County, South Dakota"
21009,2.628925948551946,2844,"Barren County, Kentucky"
26123,2.6283895224606777,2845,"Newaygo County, Michigan"
20035,2.628213799029806,2846,"Cowley County, Kansas"
01033,2.6277843245075854,2847,"Colbert County, Alabama"
19175,2.627710402342076,2848,"Union County, Iowa"
18073,2.6273370678444237,2849,"Jasper County, Indiana"
27097,2.626471551096502,2850,"Morrison County, Minnesota"
36009,2.62552795862925,2851,"Cattaraugus County, New York"
36043,2.624587063212664,2852,"Herkimer County, New York"
47107,2.6224478561202123,2853,"McMinn County, Tennessee"
40019,2.6224089842969662,2854,"Carter County, Oklahoma"
42051,2.621167836505178,2855,"Fayette County, Pennsylvania"
13195,2.619442540163073,2856,"Madison County, Georgia"
29023,2.617618179672988,2857,"Butler County, Missouri"
36121,2.617540422272689,2858,"Wyoming County, New York"
18117,2.615828535268743,2859,"Orange County, Indiana"
26165,2.615649520893156,2860,"Wexford County, Michigan"
18055,2.613875494330292,2861,"Greene County, Indiana"
18177,2.613802926777684,2862,"Wayne County, Indiana"
37027,2.608852016594421,2863,"Caldwell County, North Carolina"
19131,2.60851265033428,2864,"Mitchell County, Iowa"
42083,2.608302177050548,2865,"McKean County, Pennsylvania"
55111,2.6076966572553184,2866,"Sauk County, Wisconsin"
40121,2.6068663033985686,2867,"Pittsburg County, Oklahoma"
18007,2.6063636943456783,2868,"Benton County, Indiana"
40071,2.6059331748691976,2869,"Kay County, Oklahoma"
48277,2.6042880146059795,2870,"Lamar County, Texas"
19149,2.6041165374001896,2871,"Plymouth County, Iowa"
17119,2.6040042266847783,2872,"Madison County, Illinois"
29201,2.603519377324865,2873,"Scott County, Missouri"
13115,2.6022524114836783,2874,"Floyd County, Georgia"
17085,2.599508052863144,2875,"Jo Daviess County, Illinois"
37167,2.59931952440333,2876,"Stanly County, North Carolina"
42121,2.5984298268295483,2877,"Venango County, Pennsylvania"
39033,2.597669857911807,2878,"Crawford County, Ohio"
27033,2.5957047627085217,2879,"Cottonwood County, Minnesota"
47099,2.5955056447133233,2880,"Lawrence County, Tennessee"
19151,2.594346271319494,2881,"Pocahontas County, Iowa"
18113,2.594204432083438,2882,"Noble County, Indiana"
27091,2.5936592631478095,2883,"Martin County, Minnesota"
37157,2.592241545548726,2884,"Rockingham County, North Carolina"
18095,2.5900013476846775,2885,"Madison County, Indiana"
47059,2.589868243455027,2886,"Greene County, Tennessee"
20021,2.5896702609288837,2887,"Cherokee County, Kansas"
21107,2.587090521752491,2888,"Hopkins County, Kentucky"
55137,2.5869760020046697,2889,"Waushara County, Wisconsin"
17203,2.5869591666636937,2890,"Woodford County, Illinois"
39017,2.586502583517099,2891,"Butler County, Ohio"
17177,2.5862872210392482,2892,"Stephenson County, Illinois"
39101,2.5859741381678223,2893,"Marion County, Ohio"
26045,2.5849814331632044,2894,"Eaton County, Michigan"
18081,2.5845351747769056,2895,"Johnson County, Indiana"
39091,2.5842778983179624,2896,"Logan County, Ohio"
27079,2.5839943150321005,2897,"Le Sueur County, Minnesota"
18175,2.5830251706391945,2898,"Washington County, Indiana"
29009,2.5818980749230347,2899,"Barry County, Missouri"
42021,2.580582383871302,2900,"Cambria County, Pennsylvania"
39045,2.5741435638488026,2901,"Fairfield County, Ohio"
18103,2.5718251151415417,2902,"Miami County, Indiana"
01077,2.571243927776463,2903,"Lauderdale County, Alabama"
17015,2.5707594272275713,2904,"Carroll County, Illinois"
42111,2.5705270179628976,2905,"Somerset County, Pennsylvania"
20015,2.566519562598114,2906,"Butler County, Kansas"
47015,2.565171362464585,2907,"Cannon County, Tennessee"
27081,2.5651579808818563,2908,"Lincoln County, Minnesota"
42013,2.5647044413633386,2909,"Blair County, Pennsylvania"
51155,2.564360353655487,2910,"Pulaski County, Virginia"
19123,2.561695240688982,2911,"Mahaska County, Iowa"
27055,2.560514031789877,2912,"Houston County, Minnesota"
17067,2.5604831694750647,2913,"Hancock County, Illinois"
29097,2.558236671204291,2914,"Jasper County, Missouri"
39141,2.5565014880860693,2915,"Ross County, Ohio"
42037,2.5555006595945273,2916,"Columbia County, Pennsylvania"
29139,2.552193614469173,2917,"Montgomery County, Missouri"
29071,2.5515361031198887,2918,"Franklin County, Missouri"
18139,2.55108001039422,2919,"Rush County, Indiana"
55039,2.5502158658044034,2920,"Fond du Lac County, Wisconsin"
29187,2.550087308399452,2921,"St. Francois County, Missouri"
42107,2.548454811447539,2922,"Schuylkill County, Pennsylvania"
55091,2.548443695437328,2923,"Pepin County, Wisconsin"
20155,2.5476348911921227,2924,"Reno County, Kansas"
27047,2.5464372180833603,2925,"Freeborn County, Minnesota"
18051,2.54405914842332,2926,"Gibson County, Indiana"
19001,2.543628674781989,2927,"Adair County, Iowa"
39015,2.5429123389302024,2928,"Brown County, Ohio"
55095,2.5428164816106125,2929,"Polk County, Wisconsin"
19163,2.5422558999740468,2930,"Scott County, Iowa"
47053,2.5419586271452532,2931,"Gibson County, Tennessee"
37151,2.540974977980776,2932,"Randolph County, North Carolina"
39037,2.5405531163114086,2933,"Darke County, Ohio"
39047,2.53853259073343,2934,"Fayette County, Ohio"
29049,2.5384808001297605,2935,"Clinton County, Missouri"
55057,2.53553681551229,2936,"Juneau County, Wisconsin"
17075,2.5355300389828326,2937,"Iroquois County, Illinois"
19015,2.534839359335572,2938,"Boone County, Iowa"
27051,2.533235834327129,2939,"Grant County, Minnesota"
19147,2.529902161516582,2940,"Palo Alto County, Iowa"
17199,2.5287646895066933,2941,"Williamson County, Illinois"
20087,2.5278408722557044,2942,"Jefferson County, Kansas"
37003,2.52710609543558,2943,"Alexander County, North Carolina"
17147,2.526481871934421,2944,"Piatt County, Illinois"
18043,2.5263664338554666,2945,"Floyd County, Indiana"
55135,2.5257088769658584,2946,"Waupaca County, Wisconsin"
42005,2.5248147460574986,2947,"Armstrong County, Pennsylvania"
19023,2.523061931975433,2948,"Butler County, Iowa"
29003,2.522936892738988,2949,"Andrew County, Missouri"
42073,2.522696868131129,2950,"Lawrence County, Pennsylvania"
17021,2.521847202191541,2951,"Christian County, Illinois"
26015,2.5201420952171727,2952,"Barry County, Michigan"
19139,2.5181495776794276,2953,"Muscatine County, Iowa"
19171,2.5177013605995735,2954,"Tama County, Iowa"
18137,2.517282687527566,2955,"Ripley County, Indiana"
20205,2.515993441884847,2956,"Wilson County, Kansas"
27023,2.514816689338628,2957,"Chippewa County, Minnesota"
18085,2.51472313585593,2958,"Kosciusko County, Indiana"
17117,2.512062254875545,2959,"Macoupin County, Illinois"
17135,2.509566863052037,2960,"Montgomery County, Illinois"
55045,2.508644255675184,2961,"Green County, Wisconsin"
17039,2.508117658563838,2962,"De Witt County, Illinois"
26149,2.506518542352193,2963,"St. Joseph County, Michigan"
21059,2.504218436770904,2964,"Daviess County, Kentucky"
19043,2.5015764961166753,2965,"Clayton County, Iowa"
18135,2.49776679515857,2966,"Randolph County, Indiana"
19073,2.4958250290737234,2967,"Greene County, Iowa"
39071,2.495003407920742,2968,"Highland County, Ohio"
17001,2.4935638420107895,2969,"Adams County, Illinois"
55047,2.4925325412222574,2970,"Green Lake County, Wisconsin"
39003,2.490582619995188,2971,"Allen County, Ohio"
29127,2.490048402830069,2972,"Marion County, Missouri"
26037,2.488282600236321,2973,"Clinton County, Michigan"
29159,2.4882267401202536,2974,"Pettis County, Missouri"
01103,2.4877356684414704,2975,"Morgan County, Alabama"
01015,2.487457486131769,2976,"Calhoun County, Alabama"
55021,2.4873192615889135,2977,"Columbia County, Wisconsin"
45059,2.486830892104214,2978,"Laurens County, South Carolina"
21183,2.486401842711745,2979,"Ohio County, Kentucky"
54107,2.486398585105104,2980,"Wood County, West Virginia"
17129,2.485851571633283,2981,"Menard County, Illinois"
26025,2.4855754179220315,2982,"Calhoun County, Michigan"
18153,2.483093866361496,2983,"Sullivan County, Indiana"
20013,2.481146901956278,2984,"Brown County, Kansas"
27133,2.479710589148157,2985,"Rock County, Minnesota"
17005,2.4781678003810157,2986,"Bond County, Illinois"
19025,2.4779575764858293,2987,"Calhoun County, Iowa"
18129,2.477663216126392,2988,"Posey County, Indiana"
18015,2.4776200574080205,2989,"Carroll County, Indiana"
18093,2.477125227317156,2990,"Lawrence County, Indiana"
37071,2.4764431469920436,2991,"Gaston County, North Carolina"
27127,2.4745331779106827,2992,"Redwood County, Minnesota"
27063,2.4738637180263847,2993,"Jackson County, Minnesota"
39175,2.4730336537989532,2994,"Wyandot County, Ohio"
27173,2.4717684294440527,2995,"Yellow Medicine County, Minnesota"
37035,2.4707024884905864,2996,"Catawba County, North Carolina"
26155,2.470701617362068,2997,"Shiawassee County, Michigan"
37159,2.469261298793165,2998,"Rowan County, North Carolina"
18045,2.4691428175142787,2999,"Fountain County, Indiana"
36101,2.4673295774831177,3000,"Steuben County, New York"
39119,2.464156807310181,3001,"Muskingum County, Ohio"
19045,2.461983323897126,3002,"Clinton County, Iowa"
36037,2.46194699377336,3003,"Genesee County, New York"
19077,2.4613662888408747,3004,"Guthrie County, Iowa"
42097,2.4585696978689318,3005,"Northumberland County, Pennsylvania"
27045,2.4575933265252705,3006,"Fillmore County, Minnesota"
29145,2.456428667614563,3007,"Newton County, Missouri"
55027,2.4551615644827387,3008,"Dodge County, Wisconsin"
39051,2.45418555245855,3009,"Fulton County, Ohio"
18049,2.453092463279261,3010,"Fulton County, Indiana"
17099,2.4528146211564934,3011,"LaSalle County, Illinois"
31067,2.4520864220526812,3012,"Gage County, Nebraska"
19079,2.4516970236537734,3013,"Hamilton County, Iowa"
55115,2.4487423630356684,3014,"Shawano County, Wisconsin"
19083,2.44861212260758,3015,"Hardin County, Iowa"
55121,2.443637856472848,3016,"Trempealeau County, Wisconsin"
39013,2.4426751274144705,3017,"Belmont County, Ohio"
19065,2.4423508509256155,3018,"Fayette County, Iowa"
17027,2.4420534574715353,3019,"Clinton County, Illinois"
39157,2.4414390336250027,3020,"Tuscarawas County, Ohio"
42117,2.4403238822281264,3021,"Tioga County, Pennsylvania"
21141,2.4395209928458677,3022,"Logan County, Kentucky"
26075,2.4385046492446016,3023,"Jackson County, Michigan"
37057,2.437183279929365,3024,"Davidson County, North Carolina"
27093,2.4368074219367495,3025,"Meeker County, Minnesota"
27157,2.4362617172914094,3026,"Wabasha County, Minnesota"
47017,2.435189835149794,3027,"Carroll County, Tennessee"
39147,2.4347576105223867,3028,"Seneca County, Ohio"
18065,2.434241249799087,3029,"Henry County, Indiana"
19011,2.433393926698499,3030,"Benton County, Iowa"
39089,2.4319172535031957,3031,"Licking County, Ohio"
39149,2.431307999589449,3032,"Shelby County, Ohio"
54033,2.4302855094537685,3033,"Harrison County, West Virginia"
39025,2.4301293618114013,3034,"Clermont County, Ohio"
19019,2.425411605585609,3035,"Buchanan County, Iowa"
55073,2.4237350054800935,3036,"Marathon County, Wisconsin"
17103,2.423172080118859,3037,"Lee County, Illinois"
18067,2.4202734068036835,3038,"Howard County, Indiana"
19075,2.4201800788890817,3039,"Grundy County, Iowa"
39059,2.4198765769156583,3040,"Guernsey County, Ohio"
17175,2.41839539774577,3041,"Stark County, Illinois"
18179,2.4183685897941167,3042,"Wells County, Indiana"
39005,2.4181148706798643,3043,"Ashland County, Ohio"
17141,2.4178242557450433,3044,"Ogle County, Illinois"
26023,2.4133405516355952,3045,"Branch County, Michigan"
39021,2.412781222050052,3046,"Champaign County, Ohio"
55105,2.4110259764367155,3047,"Rock County, Wisconsin"
27129,2.4036858369374117,3048,"Renville County, Minnesota"
39151,2.403043478685952,3049,"Stark County, Ohio"
39023,2.402132327153091,3050,"Clark County, Ohio"
21179,2.398931758480915,3051,"Nelson County, Kentucky"
18099,2.3982854552340376,3052,"Marshall County, Indiana"
26091,2.3976908475682244,3053,"Lenawee County, Michigan"
55127,2.397278355897233,3054,"Walworth County, Wisconsin"
21167,2.390519350697661,3055,"Mercer County, Kentucky"
17179,2.390242721571912,3056,"Tazewell County, Illinois"
27049,2.3885128307691894,3057,"Goodhue County, Minnesota"
39069,2.387769749113561,3058,"Henry County, Ohio"
18181,2.3874183680285626,3059,"White County, Indiana"
27143,2.3867867965234746,3060,"Sibley County, Minnesota"
18031,2.385871551686176,3061,"Decatur County, Indiana"
42015,2.383708718693503,3062,"Bradford County, Pennsylvania"
17195,2.382553247357798,3063,"Whiteside County, Illinois"
39129,2.38217878846929,3064,"Pickaway County, Ohio"
26027,2.3812265417309866,3065,"Cass County, Michigan"
39039,2.3807426828713174,3066,"Defiance County, Ohio"
55005,2.3731795999516576,3067,"Barron County, Wisconsin"
39029,2.3729286860127536,3068,"Columbiana County, Ohio"
19037,2.370769492787137,3069,"Chickasaw County, Iowa"
39143,2.3705321066801,3070,"Sandusky County, Ohio"
19165,2.368568910183446,3071,"Shelby County, Iowa"
19187,2.367797862424135,3072,"Webster County, Iowa"
19099,2.3667568891659547,3073,"Jasper County, Iowa"
39161,2.3649709243787456,3074,"Van Wert County, Ohio"
19097,2.3616412887593894,3075,"Jackson County, Iowa"
42033,2.353232768244736,3076,"Clearfield County, Pennsylvania"
19155,2.3526566133153595,3077,"Pottawattamie County, Iowa"
55141,2.345020201321784,3078,"Wood County, Wisconsin"
39171,2.344046256467304,3079,"Williams County, Ohio"
17081,2.34149432938872,3080,"Jefferson County, Illinois"
27085,2.331155446739437,3081,"McLeod County, Minnesota"
45007,2.3285071618824658,3082,"Anderson County, South Carolina"
18183,2.324205304160624,3083,"Whitley County, Indiana"
18169,2.3232185204360607,3084,"Wabash County, Indiana"
39167,2.321404219149748,3085,"Washington County, Ohio"
19081,2.3187775129305823,3086,"Hancock County, Iowa"
17121,2.3158040314241344,3087,"Marion County, Illinois"
29107,2.314780431471507,3088,"Lafayette County, Missouri"
19105,2.312154639503496,3089,"Jones County, Iowa"
17053,2.308797054545683,3090,"Ford County, Illinois"
42031,2.303166395493358,3091,"Clarion County, Pennsylvania"
18069,2.3019905631034057,3092,"Huntington County, Indiana"
17105,2.2893091918276056,3093,"Livingston County, Illinois"
39135,2.288489662423846,3094,"Preble County, Ohio"
19183,2.2883594605346866,3095,"Washington County, Iowa"
39109,2.28107962492818,3096,"Miami County, Ohio"
39125,2.277452041573377,3097,"Paulding County, Ohio"
55017,2.27342011687088,3098,"Chippewa County, Wisconsin"
19095,2.243987328578911,3099,"Iowa County, Iowa"
39139,2.23492164837743,3100,"Richland County, Ohio"
17011,2.234139865969905,3101,"Bureau County, Illinois"
55055,2.2291039742205814,3102,"Jefferson County, Wisconsin"
27161,2.2189851472223716,3103,"Waseca County, Minnesota"
39077,2.216085095451179,3104,"Huron County, Ohio"
18145,2.2077591943399555,3105,"Shelby County, Indiana"
27043,2.2019267048176223,3106,"Faribault County, Minnesota"
18033,2.183565890286027,3107,"DeKalb County, Indiana"
17073,2.1722296517206003,3108,"Henry County, Illinois"
18107,2.169206453589101,3109,"Montgomery County, Indiana"
