GEOID,NAME,STATEFP,COUNTYFP,ALAND,AWATER,land_area_sq_miles,water_coverage
01003,Baldwin,01,003,4117725048,1132887203,1589.8625356618434,0.2157628765643925
01069,Houston,01,069,1501742235,4795415,579.8259208217984,0.003183070134357412
01005,Barbour,01,005,2292160151,50523213,885.0079855579258,0.021566385699574208
01119,Sumter,01,119,2340898915,24634880,903.8261276181153,0.010414089222513094
05091,Miller,05,091,1616257232,36848741,624.0404085254291,0.022290610282611326
05133,Sevier,05,133,1459636819,45919661,563.5689287529931,0.03050012510988628
05093,Mississippi,05,093,2336409866,72224609,902.0928961024956,0.029985707565694457
06037,Los Angeles,06,037,10515988121,1785003256,4060.2457289282524,0.14511052006243513
06087,Santa Cruz,06,087,1152818089,419720203,445.10555434598325,0.2669061892707157
06097,Sonoma,06,097,4080103614,497291856,1575.3368187290127,0.10864078912543687
06013,Contra Costa,06,013,1856752855,225364426,716.8962880563041,0.10823810361525932
06003,Alpine,06,003,1912292607,12557304,738.3403062739941,0.006523783453576501
08067,La Plata,08,067,4376255271,25642579,1689.6816132089564,0.005825346219699305
08113,San Miguel,08,113,3332602596,5207582,1286.7250610147591,0.0015601791960261678
10001,Kent,10,001,1517891094,549776917,586.0610301645787,0.26589225836797065
12123,Taylor,12,123,2702230205,1213570858,1043.3369191927948,0.30991637176538556
12017,Citrus,12,017,1507146172,981162732,581.9123925704523,0.3943090548053595
12071,Lee,12,071,2022848994,1900537643,781.0263661056975,0.4844125289811451
12101,Pasco,12,101,1933694371,694082239,746.6035735839868,0.2641328933207911
12033,Escambia,12,033,1701606700,1213969803,656.9940224821883,0.4163738463905435
12037,Franklin,12,037,1411539848,2270399638,544.99858435643,0.6166314374890842
02090,Fairbanks North Star,02,090,18996920890,259490619,7334.752190560257,0.013475543918383761
12065,Jefferson,12,065,1549018611,193063920,598.0794317163079,0.11082363582922582
13185,Lowndes,13,185,1287842349,34541793,497.2387127956302,0.02612084635842525
13127,Glynn,13,127,1086851549,429106784,419.6357307587629,0.2830597481863639
13051,Chatham,13,051,1120728785,510896819,432.7158047560141,0.3131213544011044
13179,Liberty,13,179,1337632044,222884791,516.462621585018,0.14282754661855346
13073,Columbia,13,073,751598753,45345679,290.19390204920245,0.056899423823316204
13137,Habersham,13,137,717081396,5672376,276.8666759511366,0.007848282803565915
16041,Franklin,16,041,1717211140,12153472,663.0189304730782,0.007027709434822181
16033,Clark,16,033,4566524479,2476453,1763.144965415092,5.420119270835815e-4
16079,Shoshone,16,079,6830898576,13962457,2637.4246955034273,0.002039845211273846
17031,Cook,17,031,2447345098,1786339408,944.9252288070358,0.42193493763373024
16073,Owyhee,16,073,19860555061,74132051,7668.203209505094,0.0037187466541862622
16035,Clearwater,16,035,6364412864,79592497,2457.3135544522383,0.012351401425222992
18123,Perry,18,123,988702371,11837413,381.74012112256423,0.011831026801029234
18075,Jay,18,075,994310124,458556,383.9052866690777,4.609674683364579e-4
19045,Clinton,19,045,1799934697,39410955,694.9586745205509,0.02142661710002509
04009,Graham,04,009,11970605959,47476264,4621.8768182757285,0.00395040266151123
19195,Worth,19,195,1036314929,4709127,400.12343261345484,0.004523552527781356
20199,Wallace,20,199,2366348284,140936,913.6521839617718,5.955488780971502e-5
01117,Shelby,01,117,2034281696,62286215,785.440557043486,0.029708656072243014
01055,Etowah,01,055,1385916764,35022972,535.1054562760346,0.02464775325278116
01051,Elmore,01,051,1601948960,99777799,618.5159537991699,0.05863326675231532
01099,Monroe,01,099,2656469672,22609681,1025.6686785549323,0.008439347261096226
21095,Harlan,21,095,1206493477,6014134,465.82973759609166,0.004960079380483163
22075,Plaquemines,22,075,2021731566,4627380285,780.59492474116,0.6959396064760228
22117,Washington,22,117,1734352072,16140411,669.6370813441189,0.009220497178221815
22017,Caddo,22,017,2277812595,149099518,879.46836319441,0.06143589510363122
01035,Conecuh,01,035,2202213383,6426488,850.2793441406159,0.002909703879016861
01085,Lowndes,01,085,1854651875,23271196,716.0850951400124,0.012391985784384668
23015,Lincoln,23,015,1180688993,631299424,455.8665705838571,0.3484014677341064
23017,Oxford,23,017,5379294383,255884970,2076.9571810001753,0.04540848728510736
24005,Baltimore,24,005,1549740650,215957832,598.3582125338722,0.12230731022398875
24025,Harford,24,025,1132149297,231888421,437.1252891084712,0.17000147278918573
24041,Talbot,24,041,695556098,539368999,268.5557118969002,0.43676252131427856
24015,Cecil,24,015,896912539,185281256,346.2998687136825,0.17120894321889915
25009,Essex,25,009,1275603096,870174947,492.51311077452436,0.4055288709094131
25005,Bristol,25,005,1432549561,357457333,553.1104799284599,0.19969606496945705
25021,Norfolk,25,021,1025902909,124957102,396.1033292006245,0.1085771517001645
26041,Delta,26,041,3033120256,2124407010,1171.0942826339626,0.4119041743132881
26055,Grand Traverse,26,055,1202625102,354771223,464.3361496525795,0.22779765002977004
26007,Alpena,26,007,1481211409,2908626983,571.8989245549043,0.6625817907785978
26103,Marquette,26,103,4685420990,4185337774,1809.051165138558,0.4718128274421419
26147,St. Clair,26,147,1868645087,297870348,721.4879045197157,0.13748821872575304
26071,Iron,26,071,3020175215,116800609,1166.096174341496,0.03723350626625677
27027,Clay,27,027,2706993097,19303392,1045.175882082238,0.0070804448738003714
27091,Martin,27,091,1844928117,44669375,712.3307311720853,0.023639624411609876
28033,DeSoto,28,033,1233730201,50234812,476.34589556608387,0.039124751446790396
28157,Wilkinson,28,157,1756287539,25018736,678.1064125352544,0.014045162446867819
29113,Lincoln,29,113,1622789067,36002285,626.5623641282367,0.02170392614875412
30001,Beaverhead,30,001,14355492119,78345288,5542.686516204457,0.0054278904348752585
30105,Valley,30,105,12758579872,351382239,4926.1152481743065,0.026802689132501032
31033,Cheyenne,31,033,3097645443,292549,1196.0075967144405,9.443345888635204e-5
31049,Deuel,31,049,1139142625,2295555,439.82542815544207,0.0020111076011142363
34015,Gloucester,34,015,833996720,38239948,322.0079350943736,0.043841252498226777
36013,Chautauqua,36,013,2746450219,1139029655,1060.4103621171078,0.2931503165469749
36045,Jefferson,36,045,3283923657,1524539436,1267.9300175162966,0.3170533716312336
36059,Nassau,36,059,736960644,437290665,284.5420965447679,0.3723995550598104
37133,Onslow,37,133,1973791552,370648831,762.0851817813372,0.1580969316548409
37009,Ashe,37,009,1104018837,8062965,426.26405773833477,0.007250334449767392
37169,Stokes,37,169,1163743205,17577923,449.3237652327437,0.014879885395565362
37053,Currituck,37,053,678344374,685095432,261.9102280817429,0.5024757447927994
37173,Swain,37,173,1366803332,32416279,527.7257188942297,0.023167398988092086
37131,Northampton,37,131,1390073545,35850398,536.7103983991277,0.025141872521317218
38035,Grand Forks,38,035,3719806622,8267350,1436.225371846303,0.002217592800489636
38067,Pembina,38,067,2896993134,7008436,1118.5353067838419,0.0024133719734869153
39123,Ottawa,39,123,659674516,855668003,254.70175557949474,0.5646696982835734
45051,Horry,45,051,2934867846,314856610,1133.1588148995743,0.09688717128576146
02240,Southeast Fairbanks,02,240,64315282486,749292918,24832.26949421119,0.011516142437685613
40079,Le Flore,40,079,4116561528,49746379,1589.4132980765432,0.011940159035394117
40023,Choctaw,40,023,1995281898,75475686,770.3826507928743,0.036448344597732496
40113,Osage,40,113,5818878186,148530641,2246.6814368760997,0.02489030755324852
41015,Curry,41,015,4217491537,934612806,1628.3825925686685,0.18140409117874887
41045,Malheur,41,045,25609041936,109006701,9887.706409153,0.004238529234413781
41001,Baker,41,001,7945996815,51832631,3067.9665342863927,0.0064808372509022865
42111,Somerset,42,111,2784359437,17101197,1075.047193073976,0.006104385973677759
42133,York,42,133,2342295977,16503209,904.3655362740856,0.006996445097128332
45003,Aiken,45,003,2773070081,24554644,1070.6883483364268,0.00877696132028573
45091,York,45,091,1763872776,39009230,681.0350889256981,0.021637150889618453
46127,Union,46,127,1193354526,16502827,460.7567602337632,0.013640308057044142
46009,Bon Homme,46,009,1459586268,46799495,563.5494109026987,0.031067403947577007
46089,McPherson,46,089,2943956443,38506560,1136.6679418334006,0.012910993350551883
47065,Hamilton,47,065,1404197535,86784458,542.1637014471224,0.058206241529035016
47059,Greene,47,059,1611409726,5099752,622.1687759878124,0.0031547925139972484
47091,Johnson,47,091,772956196,11007739,298.4400569253581,0.01404112932822605
48355,Nueces,48,355,2173636003,845192062,839.2455559930951,0.2799735671597448
48215,Hidalgo,48,215,4069375491,30138614,1571.1946672650736,0.00735175272680273
48061,Cameron,48,061,2309542672,1004829810,891.719414463719,0.30317347113431653
48479,Webb,48,479,8706187276,36554554,3361.4777133532,0.004181131584437968
48057,Calhoun,48,057,1312945541,1361646236,506.9311094518156,0.5091043230258163
48323,Maverick,48,323,3313828190,31862966,1279.4762223038786,0.00952358257661007
48465,Val Verde,48,465,8144863966,227711025,3144.7495708571014,0.027197251173596566
48039,Brazoria,48,039,3530854198,635541938,1363.2704327869305,0.15253996913749057
48229,Hudspeth,48,229,11837584063,2114586,4570.5167768917545,1.7860133629149432e-4
48203,Harrison,48,203,2331141019,40649337,900.0585828946472,0.017138672015074168
48387,Red River,48,387,2703677244,33255080,1043.8956240764194,0.01215049407995519
48315,Marion,48,315,986530318,102099491,380.90148676744883,0.09378715349875194
49045,Tooele,49,045,18234213841,636479912,7040.26935143061,0.03372848504304801
49023,Juab,49,023,8784753342,36271581,3391.812241145046,0.004111946323315019
51001,Accomack,51,001,1163732898,2229252990,449.31978567777975,0.6570180553606829
51095,James City,51,095,368550685,95239463,142.29821557867388,0.20535033659231589
51131,Northampton,51,131,548331040,1511369142,211.71179898471348,0.7337811372781633
51057,Essex,51,057,666543883,74795386,257.35403301659954,0.10089224883620727
51107,Loudoun,51,107,1335753248,14496364,515.7372143910623,0.01073606233333989
51083,Halifax,51,083,2117913727,30523987,817.7310648647382,0.01420752707937243
53067,Thurston,53,067,1871269446,133615150,722.5011751984497,0.06664480851744746
53029,Island,53,029,539943914,799920796,208.4735115192228,0.5970160942592481
54047,McDowell,54,047,1381648566,3731571,533.4574958085715,0.0026935358031627385
54011,Cabell,54,011,727847834,18112163,281.02362091933935,0.02428034086658939
54073,Pleasants,54,073,337007574,11468023,130.1193522858271,0.0329091135756057
54037,Jefferson,54,037,542072979,6150171,209.2955481146805,0.01121837157004406
54065,Morgan,54,065,593295507,1401571,229.072676820407,0.002356781379712782
17125,Mason,17,125,1396914848,62748513,539.351840265212,0.04298834558470499
54003,Berkeley,54,003,831767529,1060958,321.1472396340354,0.00127392136143393
17007,Boone,17,007,727114620,3360626,280.74052541013606,0.004600602167427861
55011,Buffalo,55,011,1750290756,87549574,675.7910416654038,0.04763720360843317
55121,Trempealeau,55,121,1898373580,23331638,732.9661398830365,0.012141111852879404
55075,Marinette,55,075,3624605714,389870113,1399.4680956256132,0.09711606939512903
56029,Park,56,029,17972027722,67638744,6939.038724540857,0.0037494453751393433
56039,Teton,56,039,10351781979,570867193,3996.84538280311,0.05226453619543206
06057,Nevada,06,057,2480587299,41531993,957.7601144190585,0.016467100954239876
05085,Lonoke,05,085,1998045643,82719024,771.4497387072936,0.03975414678646117
05099,Nevada,05,099,1600067809,7489490,617.7896373346271,0.00465892569095915
05013,Calhoun,05,013,1628067843,9887802,628.6005109444325,0.00603667262308559
06007,Butte,06,007,4238488659,105260548,1636.4896267284007,0.02423264856782511
06089,Shasta,06,089,9778891285,185818272,3775.6510483580987,0.018647635531882267
06047,Merced,06,047,5019407135,105277636,1938.0039371609466,0.020543241331789617
06009,Calaveras,06,009,2641829627,43797225,1020.0161255567158,0.016308008302562207
06033,Lake,06,033,3250647505,189100321,1255.082023349837,0.05497505356952292
06115,Yuba,06,115,1636887866,31084093,632.0059408767167,0.018635860652379228
08035,Douglas,08,035,2177889325,6795841,840.8877728048249,0.0031106729270481987
08019,Clear Creek,08,019,1023234059,3274900,395.0728804506862,0.0031903277329311647
08049,Grand,08,049,4782276778,59886083,1846.4473941019264,0.01236763089534588
08029,Delta,08,029,2958090989,16786781,1142.125320575797,0.005642847302596906
08091,Ouray,08,091,1400332623,3986292,540.6714505753906,0.002838594536768737
08055,Huerfano,08,055,4120756305,5792101,1591.032910537311,0.0014036188189573365
08111,San Juan,08,111,1003660671,2035929,387.515553063738,0.0020243968210690976
09140,Naugatuck Valley,09,140,1069106360,22747873,412.7842749547768,0.02083416660619385
12107,Putnam,12,107,1886428661,255286691,728.3541808551166,0.119197301715004
12001,Alachua,12,001,2267910953,241291892,875.6453178298386,0.09616276837913437
12129,Wakulla,12,129,1570615734,804111188,606.4181275581923,0.3386120654760489
12041,Gilchrist,12,041,905705571,14362143,349.69487736256394,0.015609876079186059
13089,DeKalb,13,089,693295479,8860287,267.6828820178749,0.012618691505554055
13157,Jackson,13,157,879497245,8783520,339.57578608179705,0.009888224924019378
13267,Tattnall,13,267,1245369512,19447412,480.839858685065,0.015375673452010198
13031,Bulloch,13,031,1750735216,32827781,675.9626486314744,0.01840573114334464
13075,Cook,13,075,591684404,12308449,228.45062647199035,0.020378467955149793
13289,Twiggs,13,289,930478095,8740237,359.25960238967895,0.009305862867250764
13303,Washington,13,303,1757373959,15099021,678.5258816440122,0.00851861843332585
13301,Warren,13,301,736483608,6034478,284.35791191473044,0.00812704513705273
15003,Honolulu,15,003,1556027672,4054461969,600.7856453085634,0.7226574200175054
15007,Kauai,15,007,1605377395,1674359172,619.8396799583751,0.51051635940735
16085,Valley,16,085,9492613291,177110437,3665.118496490389,0.018315976958799003
16023,Butte,16,023,5792474009,5259978,2236.4867271011785,9.072472127548821e-4
16077,Power,16,077,3635892403,99205466,1403.8259106287012,0.026560339107408806
17017,Cass,17,017,973198203,20569928,375.7539283674701,0.020698920963888305
18035,Delaware,18,035,1015558818,9841207,392.10945332142643,0.009597431987579676
18013,Brown,18,013,808043848,12025990,311.98747515480864,0.014664592505108083
18027,Daviess,18,027,1112436829,19061974,429.51426263309855,0.01684665856425126
19041,Clay,19,041,1469139443,13866670,567.2379124058524,0.009350379528745746
20139,Osage,20,139,1827253333,37137002,705.5064588906798,0.019919113129279336
20097,Kiowa,20,097,1871627806,596764,722.6395387685371,3.1874595043905444e-4
20069,Gray,20,069,2250356175,1113338,868.8673801242561,4.944939265540035e-4
20067,Grant,20,067,1488745953,871232,574.8080282685469,5.84869729466769e-4
21183,Ohio,21,183,1520569116,23652967,587.0950202435292,0.015317075995991957
21193,Perry,21,193,879880331,7473919,339.7236964138947,0.008422700404038185
21115,Johnson,21,115,678488580,5619567,261.96590632983987,0.008214442445457385
21061,Edmonson,21,061,784263747,13462746,302.80592679170996,0.01687639324772933
21167,Mercer,21,167,645898189,10166125,249.38268596678108,0.015495622583123763
21237,Wolfe,21,237,575390049,1534248,222.1593408093265,0.0026593575759905983
22033,East Baton Rouge,22,033,1179744887,38443657,455.50204921790953,0.03155805165739598
22099,St. Martin,22,099,1910038831,205294657,737.4701184920502,0.0970507289581566
22025,Catahoula,22,025,1833587418,81544665,707.952062791331,0.0425791336920546
22069,Natchitoches,22,069,3245276850,120549025,1253.0084018532748,0.03581558567702199
23023,Sagadahoc,23,023,657801805,300571247,253.97869781718302,0.31362656365675856
26135,Oscoda,26,135,1465088063,15136485,565.6736658365342,0.010225803254277606
27097,Morrison,27,097,2913980696,73275537,1125.0942411665906,0.024529377892170925
27013,Blue Earth,27,013,1936886797,45960599,747.8361761584928,0.023179090379177116
27147,Steele,27,147,1112525200,6972355,429.5483828670873,0.006228110967156154
27065,Kanabec,27,065,1350962864,31252180,521.6096799826995,0.022610215491186622
27015,Brown,27,015,1582765943,18533953,611.1093494985556,0.011574317244569409
28145,Union,28,145,1076417817,3369003,415.60724429583286,0.0031200630880084275
28053,Humphreys,28,053,1084375633,32514314,418.67977424297817,0.029111475206070596
29041,Chariton,29,041,1945541994,40353307,751.1779664161392,0.020319956938152802
29065,Dent,29,065,1949641179,4518781,752.7606705992201,0.0023123905373641984
30077,Powell,30,077,6024421103,16247901,2326.042001119619,0.002689751911458978
30031,Gallatin,30,031,6747833277,73613712,2605.3530041315635,0.010791509795312727
30059,Meagher,30,059,6194909927,7475979,2391.868104336078,0.0012053392215998627
30089,Sanders,30,089,7149404118,76395125,2760.400373268124,0.010572550167928877
30007,Broadwater,30,007,3088195859,118487318,1192.359091920152,0.03695011682159706
30023,Deer Lodge,30,023,1907998859,12199890,736.6824808963407,0.006353451696785789
31185,York,31,185,1482809124,8579993,572.5158057676018,0.005753021060834253
34027,Morris,34,027,1194048303,53103740,461.0246290320793,0.04258000481822568
35033,Mora,35,033,4988962636,6093304,1926.2492503343933,0.0012198670191469368
36111,Ulster,36,111,2911757764,94596810,1124.2359623196724,0.03146561979684835
36051,Livingston,36,051,1635976564,22076449,631.6540852060285,0.013314682236882133
36123,Yates,36,123,875777224,97488350,338.13947793814185,0.10016623684667593
37153,Richmond,37,153,1226849522,15575098,473.68925054134417,0.0125360506780685
37051,Cumberland,37,051,1690137273,15312234,652.5656519425706,0.008978415331061454
37085,Harnett,37,085,1541213647,16447759,595.0659182565356,0.0105592646364893
37199,Yancey,37,199,809610024,1524558,312.59217909147924,0.001879537667153735
37065,Edgecombe,37,065,1309073899,3706145,505.43626011254645,0.0028231271620396447
37193,Wilkes,37,193,1952016295,6854041,753.6777080172685,0.003498976361036691
37117,Martin,37,117,1182102539,746610,456.4123437478342,6.311962946680026e-4
37099,Jackson,37,099,1271968586,9746824,491.1098186126801,0.007604514952348119
39075,Holmes,39,075,1094566303,3694365,422.6144139426741,0.0033638325651119466
39069,Henry,39,069,1077461417,9687647,416.0101805100958,0.008911056745388505
40027,Cleveland,40,027,1395713695,49260752,538.8880724973214,0.034091088670995716
40029,Coal,40,029,1338434468,12075986,516.7724392247208,0.008941793796732801
40075,Kiowa,40,075,2629039887,40296743,1015.0779793158123,0.015096163798568936
41017,Deschutes,41,017,7815573280,94727628,3017.6097256971952,0.011975224343766518
41047,Marion,41,047,3058360780,26468479,1180.8397034719967,0.008580208749893733
42027,Centre,42,027,2867787637,11295681,1107.2590013058361,0.003923360233925679
42041,Cumberland,42,041,1412792253,12666284,545.4821406322292,0.008885761087556628
42035,Clinton,42,035,2304129979,23182058,889.6295620045513,0.009960872298792653
42003,Allegheny,42,003,1890579938,37035881,729.9569978719207,0.019213310367629848
42129,Westmoreland,42,129,2661757833,21294222,1027.7104489399005,0.007936566851290554
45077,Pickens,45,077,1287059828,40968091,496.9365797472197,0.030848817569173407
45085,Sumter,45,085,1722544860,44046815,665.0782912863576,0.024933217802014154
45063,Lexington,45,063,1810412790,151817364,699.0042888614043,0.07736980480629185
45055,Kershaw,45,055,1881916518,35348695,726.6120326962119,0.018437039779535185
45089,Williamsburg,45,089,2419477550,7461492,934.1655083280112,0.003074445575629748
46093,Meade,46,093,8989677128,30742173,3470.9337575720906,0.0034080647444617055
46103,Pennington,46,103,7191788574,19926710,2776.765103283679,0.0027631027037644767
46085,Lyman,46,085,4253498702,167300445,1642.2850367536437,0.03784393713374918
46057,Hamlin,46,057,1313172143,80426441,507.0186009734948,0.05771133949430018
47093,Knox,47,093,1316555497,45575160,508.3249212612212,0.0334587286218021
47033,Crockett,47,033,687714872,545783,265.528197600599,7.929888132280349e-4
47085,Humphreys,47,085,1374668726,67184110,530.7625645075358,0.04659567767427827
47001,Anderson,47,001,873359909,19657734,337.20614739504015,0.022012705072614113
47021,Cheatham,47,021,783466439,11821692,302.49808445065827,0.014864665445384347
48481,Wharton,48,481,2813095079,21310003,1086.1420865215557,0.007518333612697072
48001,Anderson,48,001,2752164827,39845046,1062.616784609937,0.01427109781570604
48157,Fort Bend,48,157,2231981778,60805734,861.7729857523283,0.02652044015494446
48257,Kaufman,48,257,2021981825,69470378,780.6915502816403,0.03321633547271651
48471,Walker,48,471,2031126329,44745757,784.2222630289305,0.021555160985964526
48495,Winkler,48,495,2178876165,19838,841.2687938604814,9.10461076282951e-6
48125,Dickens,48,125,2335454676,9057848,901.7240951802056,0.003863424872879886
48053,Burnet,48,053,2576520284,69861743,994.8000471507958,0.02639896367464258
48267,Kimble,48,267,3240024038,505509,1250.9802797935636,1.559958002752937e-4
48287,Lee,48,287,1629204758,13122562,629.0394762817635,0.007990223288741247
48289,Leon,48,289,2779462026,19328383,1073.1562921080601,0.006905977288562303
48063,Camp,48,063,507242364,19129375,195.84737242615128,0.036341949201797855
48449,Titus,48,449,1052317453,50093989,406.30204169663944,0.045440374701771286
48455,Trinity,48,455,1796920725,52260791,693.7949734209203,0.028261579811292036
48477,Washington,48,477,1564855487,45471320,604.1940837488789,0.028237324127213637
48341,Moore,48,341,2330207191,25699789,899.698029886701,0.010908660324101592
48155,Foard,48,155,1824378631,8514741,704.3965302388841,0.0046455190084019795
49057,Weber,49,057,1582606369,126602101,611.0477376324625,0.07407060239995183
49051,Wasatch,49,051,3048291110,79107621,1176.9517821336708,0.025295022414588298
49013,Duchesne,49,013,8379965573,38811228,3235.522809158853,0.004610079221412536
49017,Garfield,49,017,13414986702,75978582,5179.555343130727,0.005631812135052263
51087,Henrico,51,087,605276561,28882714,233.69858764988146,0.04554488933399263
51187,Warren,51,187,555738444,8583334,214.57181366972304,0.015209999568721233
51015,Augusta,51,015,2504708862,9537137,967.0735019979435,0.003793239406085657
51037,Charlotte,51,037,1231010116,5809378,475.2956648719737,0.00469702978339376
51121,Montgomery,51,121,1001929083,6282286,386.8469831965637,0.006231119974605246
51019,Bedford,51,019,1968660754,42062887,760.1041695905861,0.020919278085913748
51155,Pulaski,51,155,828378951,24875979,319.8389023486247,0.02915421654815402
51109,Louisa,51,109,1282245762,37822855,495.0778584658362,0.028652188615737692
51137,Orange,51,137,881929772,7015339,340.51499001095794,0.007891757222342156
51091,Highland,51,091,1075266904,1791758,415.1628743004649,0.0016635658420618134
53041,Lewis,53,041,6223175362,86929744,2402.7814498452713,0.013776275123744349
53065,Stevens,53,065,6415666349,162933477,2477.1026357225346,0.024767196867037402
53017,Douglas,53,017,4711819966,76557106,1819.2438667961446,0.015988111389068985
54109,Wyoming,54,109,1293620955,6083278,499.4698450545004,0.004680509492500822
54041,Lewis,54,041,1002143596,7036534,386.92980712922963,0.006972525311214758
54001,Barbour,54,001,883338376,4639586,341.0588550580599,0.0052248886780368094
55111,Sauk,55,111,2153800047,45578927,831.5868505341781,0.02072354402711499
55035,Eau Claire,55,035,1652211243,18848551,637.9223298361873,0.01127939949705953
60010,Eastern,60,010,65124864,349724678,25.144850665530083,0.8430157023049094
69110,Saipan,69,110,118890991,532767361,45.90406843954225,0.8175562537714548
72115,Quebradillas,72,115,58747703,30224116,22.68261502823121,0.33970437313414936
72141,Utuado,72,141,294045394,3982227,113.53156178594024,0.013361939361989539
72023,Cabo Rojo,72,023,182247776,277245345,70.36625998397444,0.6033721340520352
72017,Barceloneta,72,017,48421894,31649450,18.695797868723798,0.39526562711373997
72037,Ceiba,72,037,75201649,336178484,29.035519120724917,0.8171966923837812
78020,St. John,78,020,50998053,186670411,19.69045842334179,0.7854235596019167
31005,Arthur,31,005,1852234562,7644718,715.151765369115,0.004110330214550269
38007,Billings,38,007,2974571269,11986463,1148.4883922825745,0.004013471051159978
09110,Capitol,09,110,2660820519,48788205,1027.3485499798242,0.018005627368949968
10003,New Castle,10,003,1104206939,175316802,426.33668432685073,0.1370172325704428
10005,Sussex,10,005,2424605748,674113743,936.1455166531459,0.21754590725553352
11001,District of Columbia,11,001,158316184,18709787,61.12622061854261,0.10568950360396555
12075,Levy,12,075,2896264178,1224291300,1118.2538552976362,0.29711802365884804
12057,Hillsborough,12,057,2648267124,790775123,1022.5016570539455,0.2299405084918109
12009,Brevard,12,009,2628759927,1403943647,1014.9698861550753,0.3481395597860524
12113,Santa Rosa,12,113,2622106400,543294939,1012.4009450082029,0.1716354044292012
12131,Walton,12,131,2689179222,961275980,1038.2979064652845,0.26333044149489604
12029,Dixie,12,029,1826030991,876346098,705.0345100041193,0.32428712542270965
12073,Leon,12,073,1731219899,86414547,668.4277425830644,0.04754231368698434
12079,Madison,12,079,1804001484,49634046,696.5288697658494,0.0267765939941818
02130,Ketchikan Gateway,02,130,12579623384,4651597936,4857.019761596588,0.26995172597550965
02050,Bethel,02,050,105253430580,12735049150,40638.57690311396,0.10793468293804924
13049,Charlton,13,049,2020415646,5963237,780.0868451866631,0.00294280455152177
13215,Muscogee,13,215,560731674,11683933,216.4997105585157,0.020411625499232762
13105,Elbert,13,105,909352139,59863331,351.1028251442545,0.061764729157697
02282,Yakutat,02,282,19749306497,3986144517,7625.24989863853,0.16794054238315642
13103,Effingham,13,103,1240163631,10550420,478.82985678582844,0.008435517288355785
16059,Lemhi,16,059,11819914567,14105634,4563.694546318572,0.0011919562211671773
16069,Nez Perce,16,069,2197139830,21252879,848.3204343680189,0.009580305107286574
01089,Madison,01,089,2076138753,28783868,801.6016571659152,0.013674549227052085
04005,Coconino,04,005,48216132682,116637123,18616.352979382413,0.002413209991286987
04027,Yuma,04,027,14280726749,13242852,5513.819445348031,9.264642621790336e-4
04012,La Paz,04,012,11646086556,36514346,4496.579175788491,0.0031255322600080375
04001,Apache,04,001,29003497251,54139714,11198.312938580682,0.0018631836465302196
05139,Union,05,139,2691170081,42102269,1039.0665814256058,0.015403612815971303
05017,Chicot,05,017,1649764401,140413175,636.9775988546047,0.07843533338951846
05107,Phillips,05,107,1788024156,95966884,690.3599889126904,0.05093807877133004
05041,Desha,05,041,1919768424,185180909,741.2267353660814,0.08797404578668783
05131,Sebastian,05,131,1375756983,34511833,531.1827428859615,0.02447181176272992
05007,Benton,05,007,2195617603,94872357,847.7326992351818,0.04142011476007518
05015,Carroll,05,015,1631504871,22715757,629.9275548794992,0.013731999598786288
05121,Randolph,05,121,1688445994,10370824,651.9126454673672,0.0061047335357849045
05021,Clay,05,021,1655581941,5497697,639.2237636149756,0.0033097130771041336
06073,San Diego,06,073,10905039592,816542690,4210.459342264931,0.06966147320007356
06065,Riverside,06,065,18671879658,242864215,7209.253068768926,0.012839942038373485
06041,Marin,06,041,1347159145,797808345,520.1410558604497,0.37194425963071354
06081,San Mateo,06,081,1161882952,757162988,448.6055175311423,0.3945517781611836
06017,El Dorado,06,017,4423288010,203364019,1707.8410553314898,0.04395489821264015
08077,Mesa,08,077,8621348062,31991710,3328.7211095680323,0.003697036155163699
08123,Weld,08,123,10320993622,82329005,3984.9579316599948,0.007913722178175028
08069,Larimer,08,069,6722952763,99045889,2595.746583932181,0.014518602839501118
08107,Routt,08,107,6117602804,15831744,2362.0196571559536,0.002581220012392965
36025,Delaware,36,025,3736306657,64163829,1442.5960710012528,0.016883127822295632
37031,Carteret,37,031,1314688738,2131061847,507.6041615789663,0.6184608532831462
37165,Scotland,37,165,826569986,3842049,319.1404570546096,0.004626677887682589
37019,Brunswick,37,019,2201668727,516634770,850.0690512825136,0.19005779544858525
37129,New Hanover,37,129,497937487,353803887,192.25473931714203,0.4153888701431099
37119,Mecklenburg,37,119,1356138514,58201069,523.6080096275346,0.04115070362136644
37137,Pamlico,37,137,871570771,583036551,336.51535734855304,0.40082058036003754
37013,Beaufort,37,013,2156776424,336988229,832.7360361231003,0.135132330388356
37089,Henderson,37,089,965929033,5555324,372.9472861284575,0.005718387496382507
37113,Macon,37,113,1335306208,10575399,515.5646112814186,0.007857599765831409
37139,Pasquotank,37,139,587610259,161751355,226.87759028699784,0.21585220269902963
37007,Anson,37,007,1376478141,14603213,531.4611835475229,0.010497741888358314
38017,Cass,38,017,4571159550,7449098,1764.9345763403314,0.0016269348556911213
38099,Walsh,38,099,3319346397,32181390,1281.6068139463653,0.009602006023887399
38053,McKenzie,38,053,7148711637,260120464,2760.1330048582076,0.0351095099003378
39167,Washington,39,167,1636805227,20784952,631.9740337803096,0.012539258655923782
39009,Athens,39,009,1304429460,12364206,503.6430321822714,0.009389630523936618
40089,McCurtain,40,089,4793486699,133952594,1850.7755688143895,0.027185031825819796
41007,Clatsop,41,007,2145128377,661373108,828.2387000156486,0.23565749440535214
41039,Lane,41,039,11795044825,436058218,4554.092285211657,0.035651585671953034
41051,Multnomah,41,051,1116334868,88031754,431.01930391108743,0.0730938174405833
41035,Klamath,41,035,15410161273,485165201,5949.896554737066,0.030522506209204648
41055,Sherman,41,055,2133151630,19617472,823.6144521281777,0.009112668879247042
41021,Gilliam,41,021,3120213758,46914702,1204.7212718853805,0.014813008879343025
42055,Franklin,42,055,2000239709,1553435,772.2968723292589,7.760217406359546e-4
42017,Bucks,42,017,1565304253,45293397,604.3673532708509,0.02812210548053389
42123,Warren,42,123,2290280115,37368144,884.2820995972916,0.016054033875399214
42103,Pike,42,103,1411272636,56780852,544.8954132260299,0.03867764523849556
42029,Chester,42,029,1943908013,22410055,750.5470828225041,0.01139696337266225
44007,Providence,44,007,1060552451,67870210,409.48159221272095,0.06014608917890209
45013,Beaufort,45,013,1491889108,900045411,576.0216072035234,0.3762834658936581
45007,Anderson,45,007,1848876935,108544449,713.8553783316611,0.055452775721796244
45069,Marlboro,45,069,1242867263,14489019,479.87373494109875,0.011523399697779536
45043,Georgetown,45,043,2107215789,551060938,813.6005678945011,0.20730006488899302
47019,Carter,47,019,883855126,16669994,341.2583733492829,0.018511414762089035
47073,Hawkins,47,073,1261468092,32541837,487.05555519733855,0.025148058195463816
47025,Claiborne,47,025,1125619421,18052387,434.6040898797952,0.015784586866374867
47055,Giles,47,055,1582304898,642572,610.93133902816,4.059338747355906e-4
47123,Monroe,47,123,1646646988,43545177,635.7739589614331,0.025763447436167708
47009,Blount,47,009,1447336789,20158689,558.8198606009039,0.013736798035980047
48071,Chambers,48,071,1546471871,709790251,597.0961299011374,0.3145867867386022
48167,Galveston,48,167,982670091,1280836456,379.41104478433704,0.5658638176671463
48003,Andrews,48,003,3886758047,1049250,1500.6856776677853,2.6988220347486016e-4
48037,Bowie,48,037,2291982021,98385599,884.9392091801502,0.041159191656051634
48205,Hartley,48,205,3786435508,3023183,1461.950928654846,7.977875592574971e-4
48043,Brewster,48,043,16015872748,22061017,6183.763063621798,0.0013755523200965159
49037,San Juan,49,037,20263457815,285011859,7823.764833127998,0.01387022311255742
49047,Uintah,49,047,11610607590,55966014,4482.880670378369,0.00479712517999385
49033,Rich,49,033,2664471792,149106409,1028.758314372178,0.05299529579345074
51051,Dickenson,51,051,855836330,8105806,330.44025569075006,0.009382348264120318
51191,Washington,51,191,1453483686,12984238,561.1931908104134,0.008854089330903087
04013,Maricopa,04,013,23833110838,62124435,9202.015576056121,0.002599867056768276
04007,Gila,04,007,12322068647,96466819,4757.577321301206,0.007767970648721904
04021,Pinal,04,021,13899613086,20747212,5366.670636826478,0.0014904220548789132
16029,Caribou,16,029,4569240774,89216879,1764.1937327820153,0.019151591716744538
17153,Pulaski,17,153,516100615,9768333,199.26756227181122,0.018575603364966133
17185,Wabash,17,185,578403994,10973569,223.3230314841987,0.018618912033473524
17161,Rock Island,17,161,1107209785,61633874,427.4960896538482,0.0527306398297362
17097,Lake,17,097,1148932541,2395026197,443.605335870076,0.6758053279005192
18129,Posey,18,129,1060302168,26505383,409.38495740578884,0.02438829485092527
18061,Harrison,18,061,1253763070,5277000,484.0806295596493,0.004191288367811836
18089,Lake,18,089,1292117916,330842544,498.889518449911,0.20385126572954218
18161,Union,18,161,417480472,10326625,161.19011203178886,0.02413850792194782
18177,Wayne,18,177,1040539369,6701882,401.7544980225971,0.0063995588347961286
19163,Scott,19,163,1186463531,26196368,458.0961321791401,0.021602403131828145
19063,Emmet,19,063,1025349325,17175565,395.88958922243694,0.016474968765493935
19149,Plymouth,19,149,2234715258,2176851,862.8283882848727,9.731586924740678e-4
20131,Nemaha,20,131,1858128456,5204921,717.4274105738169,0.0027933385749682733
01043,Cullman,01,043,1902965941,52529994,734.7392603850187,0.02686274773565305
01121,Talladega,01,121,1908347265,60873716,736.8170012055267,0.030912587559923016
21101,Henderson,21,101,1130168819,75607018,436.36062227467374,0.06270404139803641
01087,Macon,01,087,1576435599,11765503,608.6651900060854,0.00740806877994472
21195,Pike,21,195,2036305634,6073018,786.2220038771607,0.002973502486452742
01033,Colbert,01,033,1535740663,79162005,592.9527873120344,0.04901967565515224
01131,Wilcox,01,131,2299540558,50592191,887.8575766429196,0.021527375856332957
01009,Blount,01,009,1670259100,14860281,644.8906464087614,0.008818533076974918
21013,Bell,21,013,929803432,5484276,358.9991135480507,0.005863731505386148
21135,Lewis,21,135,1250595455,31872268,482.8576065658371,0.024852296419159082
22087,St. Bernard,22,087,977763283,4604190778,377.5165156164231,0.8248349462724107
22105,Tangipahoa,22,105,2049124754,136690438,791.1714937995274,0.06253522187066948
22071,Orleans,22,071,439001672,467102619,169.49949383937323,0.5155064639242504
22029,Concordia,22,029,1805584100,130099124,697.1399212220318,0.06721095806738261
01025,Clarke,01,025,3207494083,36657889,1238.4203939006516,0.01129968303470094
22035,East Carroll,22,035,1090092485,56411688,420.8870631490546,0.04920321210204614
22115,Vernon,22,115,3436205538,35121001,1326.7263807119423,0.010117458154805989
22123,West Carroll,22,123,931582171,2386489,359.68588851817503,0.002555213148158526
22037,East Feliciana,22,037,1174022930,6150607,453.2927892603058,0.005211612366461662
23027,Waldo,23,027,1890642742,317988397,729.9812466319826,0.143975329961152
01041,Crenshaw,01,041,1576952763,5388562,608.8648681436026,0.003405435928939036
01065,Hale,01,065,1667926667,32403804,643.9900889892119,0.01905735652725358
23025,Somerset,23,025,10163811939,437942552,3924.2697443281686,0.04130849779362241
24037,St. Mary's,24,037,928676346,1050726154,358.563943208851,0.5308299620718878
24039,Somerset,24,039,828145300,752652883,319.7486891928191,0.4761220572582098
24021,Frederick,24,021,1711000486,17635238,660.6209835481483,0.010201824337630084
24035,Queen Anne's,24,035,962618587,360075353,371.6691157770184,0.27222877652255667
24029,Kent,24,029,717394874,353423861,276.9877104840752,0.3300501284187935
25007,Dukes,25,007,267292993,1004291415,103.20240197242605,0.7897953204534732
25017,Middlesex,25,017,2118264213,75317586,817.8663882664171,0.034335435329713
26109,Menominee,26,109,2704053651,761798350,1044.04095563219,0.2198011772517115
26141,Presque Isle,26,141,1706069656,4957327108,658.7171794341449,0.7439639696652468
27031,Cook,27,031,3762153874,4887906440,1452.575737317094,0.5650719489306905
27167,Wilkin,27,167,1945179855,480470,751.0381437659887,2.4694444031488386e-4
27137,St. Louis,27,137,16182544692,1586178742,6248.115461225478,0.08926801904997222
27077,Lake of the Woods,27,077,3360906040,1248825402,1297.6530818809554,0.2709106631726422
27119,Polk,27,119,5104864820,69390824,1970.9993339351636,0.013410783844912013
27089,Marshall,27,089,4597384205,98012348,1775.0599722832703,0.02087413637882781
27107,Norman,27,107,2260512788,10208059,872.7888703426861,0.004495514723215116
28001,Adams,28,001,1197464268,65273639,462.3435404973482,0.05169215134681151
28151,Washington,28,151,1875077588,94257003,723.9715070505536,0.047862360936918105
28087,Lowndes,28,087,1309105224,28532500,505.44835476271106,0.02133051385144697
28149,Warren,28,149,1524296048,77750343,588.5339967392129,0.04853189235766644
28021,Claiborne,28,021,1262400025,35711134,487.41537654169144,0.02751007396586135
28103,Noxubee,28,103,1800451920,12487951,695.1583754380956,0.006888232312476953
28143,Tunica,28,143,1176191638,57012297,454.13013210369576,0.046231037204726405
29143,New Madrid,29,143,1747940899,56236293,674.883756801817,0.03117004984286488
29031,Cape Girardeau,29,031,1498351218,20284964,578.5166418332192,0.013357355922657715
29189,St. Louis,29,189,1315699985,39811029,507.99460623004404,0.029369756932126262
29171,Putnam,29,171,1339844722,5942463,517.3169413403868,0.004415603793998083
29023,Butler,29,023,1799410880,11191324,694.7564276453625,0.00618099545845908
29037,Cass,29,037,1804223316,14963188,696.6145195802251,0.008225208337407499
30003,Big Horn,30,003,12944280256,47395459,4997.814567565001,0.0036481405508973636
30081,Ravalli,30,081,6192574711,24289479,2390.966472394217,0.003907030660098753
30071,Phillips,30,071,13313630163,185493134,5140.421364484261,0.013741124510006022
30005,Blaine,30,005,10949218323,29079295,4227.5168457337695,0.002648798202767033
30085,Roosevelt,30,085,6098391704,38582249,2354.6022099483775,0.0062868523307222845
30083,Richland,30,083,5398974515,49002593,2084.555722476099,0.00899464003401242
31169,Thayer,31,169,1486107871,3070762,573.78945910987,0.0020620508056940407
32033,White Pine,32,033,23016356487,23426584,8886.664956877601,0.0010167883928337356
33015,Rockingham,33,015,1801055121,258626550,695.39127264716,0.12556627251745836
33017,Strafford,33,017,951743430,39154072,367.4701941680736,0.03951374579204459
34009,Cape May,34,009,651437193,955149826,251.521307375891,0.59452106527944
34023,Middlesex,34,023,800946849,35297517,309.2473085107997,0.0422095722675398
34007,Camden,34,007,573324567,15689888,221.36185374751335,0.026637526238638746
35045,San Juan,35,045,14289565202,54893423,5517.231991143125,0.0038268033973990426
35055,Taos,35,055,5704119616,3383128,2202.3729051110313,5.92751007181995e-4
36103,Suffolk,36,103,2359277313,3787417976,910.9220667847856,0.6161714218659717
36047,Kings,36,047,179684484,71158757,69.37656740585024,0.28367819167190556
36105,Sullivan,36,105,2507484146,73737482,968.1450451451881,0.028566892978164678
13123,Gilmer,13,123,1103893380,12276629,426.2156185196372,0.010998888073510314
13305,Wayne,13,305,1662287070,17768149,641.8126284055128,0.01057593155216406
13189,McDuffie,13,189,666591524,23112523,257.3724273096081,0.03351078350276811
13029,Bryan,13,029,1133284234,43751265,437.5634907357296,0.03717072682784056
13025,Brantley,13,025,1147972258,10291563,443.23456852948476,0.008885335804682792
13279,Toombs,13,279,942788055,18076929,364.01250453621776,0.018813183226583267
13107,Emanuel,13,107,1762679433,24889123,680.5743366156779,0.013923450888895586
13317,Wilkes,13,317,1216001422,11896927,469.5007756985447,0.009688853323802295
13133,Greene,13,133,1003664492,48417220,387.5170283600917,0.046020398841416225
13263,Talbot,13,263,1013662779,8766848,391.3773885679243,0.008574524611266962
13205,Mitchell,13,205,1326483085,4314212,512.1579844324381,0.003241825039564985
13283,Treutlen,13,283,516524094,7810908,199.43106842846112,0.014896789209582465
13197,Marion,13,197,947213840,3785944,365.72130968478194,0.003981014574026443
13079,Crawford,13,079,841524044,3986929,324.91425115042034,0.004715407756156939
13007,Baker,13,007,885665381,18598653,341.9573167150845,0.02056772391768044
15009,Maui,15,009,3008374290,3203268772,1161.5398117080151,0.5156878365397616
16037,Custer,16,037,12748378762,42527190,4922.176577568059,0.0033247988969343023
16015,Boise,16,015,4919826445,19104286,1899.5556176493628,0.0038681016277650644
18145,Shelby,18,145,1064838382,4195717,411.13639942978887,0.0039247737784274365
18053,Grant,18,053,1072484435,2101803,414.08855700920014,0.001955918404382171
18175,Washington,18,175,1330447135,7529046,513.6885127001162,0.00562718986101293
18159,Tipton,18,159,674797599,68028,260.54081059291354,1.0080228904590513e-4
19069,Franklin,19,069,1507300418,1438346,581.9719472842365,9.533433052297449e-4
19073,Greene,19,073,1475148030,4404193,569.5578408256007,0.002976706689723922
19027,Carroll,19,027,1474877207,2145349,569.4532754803005,0.0014524822192356554
19117,Lucas,19,117,1115458264,9852845,430.6808452131498,0.008755663141685025
20113,McPherson,20,113,2326547431,6003328,898.2849886453146,0.002573718053867226
20145,Pawnee,20,145,1953531640,992041,754.2627859950398,5.075615146767822e-4
20161,Riley,20,161,1579010806,32092080,609.6594829914469,0.019919323761921435
21179,Nelson,21,179,1084389928,13962497,418.68529357335655,0.012712219395336611
21085,Grayson,21,085,1293792164,29767586,499.5359492192261,0.022490549444405514
21033,Caldwell,21,033,893117876,8584485,344.8347411325944,0.009520308886049373
21175,Morgan,21,175,987053731,6950463,381.1035776573645,0.006992388001936338
21155,Marion,21,155,889793040,8563275,343.5510147710717,0.009532158740376863
21209,Scott,21,209,730879457,8342139,282.19413710819754,0.011285031504950783
21079,Garrard,21,079,595501702,10415371,229.92449347547193,0.01718943311570955
21177,Muhlenberg,21,177,1210249680,31390324,467.28001568810294,0.025281340725874357
21031,Butler,21,031,1103624033,13891042,426.1116230611253,0.01243029495597632
21107,Hopkins,21,107,1404258118,31671290,542.1870926742868,0.022056300138119326
21121,Knox,21,121,1000590554,3676706,386.3301742583296,0.0036610832060780312
21187,Owen,21,187,907751575,9741916,350.48484392650295,0.010617967424904598
21071,Floyd,21,071,1018643076,6228697,393.3002919974806,0.006077537857996993
21181,Nicholas,21,181,505839859,3936676,195.3058622161237,0.00772235622810689
21011,Bath,21,011,719997080,15570646,277.9924278416569,0.021168201716343385
21205,Rowan,21,205,724888281,16537777,279.8809311131584,0.02230536251262968
21099,Hart,21,099,1068809200,13410820,412.6695408368865,0.012391953347896854
21153,Magoffin,21,153,798864848,1848998,308.44344342740413,0.002309186995125347
21197,Powell,21,197,463508964,3003167,178.96181221836503,0.006437489618035249
21063,Elliott,21,063,606888298,2595857,234.32088278706763,0.004259104980341942
22059,LaSalle,22,059,1618363238,97655624,624.8535419911775,0.05690824626844923
22039,Evangeline,22,039,1715687376,44662183,662.430601901221,0.025371201288777668
22015,Bossier,22,015,2174491553,70806182,839.5758856961543,0.03153531974680409
22041,Franklin,22,041,1616925546,28050179,624.298446004443,0.017052032181204376
22045,Iberia,22,045,1488572462,1205958049,574.7410430186918,0.44755776343109294
22081,Red River,22,081,1007453088,34259705,388.97981345937455,0.032887860483441334
22043,Grant,22,043,1667305573,54548379,643.7502832541971,0.03168002659960791
22067,Morehouse,22,067,2058910717,28888046,794.9498752523226,0.013836604615327095
22021,Caldwell,22,021,1372098436,29104196,529.7701699864953,0.020770868777528817
23021,Piscataquis,23,021,10258545867,1080517302,3960.846718562143,0.09529158501859653
51093,Isle of Wight,51,093,817621467,122099188,315.68541453916333,0.12993136561417817
51005,Alleghany,51,005,1156616591,8162741,446.57216417326396,0.007007972047361156
51153,Prince William,51,153,868305539,30842048,335.25464422018,0.03430142998315137
51193,Westmoreland,51,193,593951805,61108784,229.32607489586533,0.09328722415324546
51133,Northumberland,51,133,495805446,243886813,191.4315536816559,0.32971389119268857
51103,Lancaster,51,103,345261477,254114185,133.306202063245,0.42396480389622493
51143,Pittsylvania,51,143,2509705675,23903849,969.0027822907757,0.009434701272460167
51059,Fairfax,51,059,1012738309,40071741,391.0204487039921,0.03806170068380331
53055,San Juan,53,055,450435910,1157474835,173.9142778300796,0.7198626158817043
53035,Kitsap,53,035,1023333490,442162371,395.11127097456546,0.30171519604175806
53011,Clark,53,011,1627806031,70187041,628.4994247656967,0.04133529291572987
53045,Mason,53,045,2485231719,236957000,959.5533350133925,0.08704649987934947
53053,Pierce,53,053,4320045162,356075817,1667.9787687055396,0.07614769134483507
53075,Whitman,53,075,5592463290,48246698,2159.262156455468,0.008553302350704011
53019,Ferry,53,019,5706368571,140294391,2203.2412314944613,0.023995635101909267
54099,Wayne,54,099,1310547889,15816947,506.0053708354876,0.011925034930585268
54059,Mingo,54,059,1095926635,2177833,423.1396410663045,0.0019832657670235433
54063,Monroe,54,063,1224426771,2297599,472.75382114690024,0.0018729545578360035
54103,Wetzel,54,103,927389119,8449879,358.0669420836335,0.009029201623418562
54107,Wood,54,107,949229778,26590767,366.4996677011759,0.02724964865338022
54095,Tyler,54,095,663818560,11382160,256.3017799193749,0.016857446479026265
17189,Washington,17,189,1457120179,3386079,562.5972486128411,0.0023184282720136074
54023,Grant,54,023,1236387826,7546060,477.3720103192752,0.006066287030949167
55023,Crawford,55,023,1478377503,73569261,570.8047473268314,0.047404500403339864
17039,De Witt,17,039,1029678323,19492326,397.5610247012332,0.01857879461132352
06107,Tulare,06,107,12493840856,37260863,4823.898942238383,0.002973470636145588
56033,Sheridan,56,033,6535475074,7986330,2523.3610432418586,0.001220505403320325
56041,Uinta,56,041,5391631768,16625817,2081.7206719984542,0.003074154057697309
02188,Northwest Arctic,02,188,92367472818,12837268667,35663.2807764638,0.12202176903623993
05129,Searcy,05,129,1724618501,6461828,665.8789285556949,0.003732829662348962
05103,Ouachita,05,103,1897739680,18183262,732.7213897237597,0.009490601945096391
05145,White,05,145,2677959079,20840622,1033.965785016541,0.007722181824860073
05011,Bradley,05,011,1681335016,9505606,649.1670815012625,0.005621822587132047
05019,Clark,05,019,2242855171,43965580,865.9712262770628,0.01922563453247237
06067,Sacramento,06,067,2500063005,75323439,965.2797265748054,0.02924743165263007
06069,San Benito,06,069,3596591086,4719300,1388.6515872408834,0.001310439671722314
06005,Amador,06,005,1539967079,29437120,594.5846156590449,0.01875687602897767
06101,Sutter,06,101,1560975502,14811541,602.6960131592882,0.009399456015199637
06113,Yolo,06,113,2623627933,22888380,1012.9884121861409,0.008648493828498083
06011,Colusa,06,011,2980245451,14696164,1150.6792062094803,0.0049069951568989105
06063,Plumas,06,063,6612400771,156387638,2553.062221019471,0.023104229080652298
08005,Arapahoe,08,005,2066509941,19798771,797.8839520536793,0.009489856839556735
08013,Boulder,08,013,1881327883,36482864,726.3847594512114,0.019023182583093535
08037,Eagle,08,037,4362757704,18967163,1684.4701734343876,0.0043286978474725854
08053,Hinsdale,08,053,2893614472,15324685,1117.2307980874507,0.00526813527987447
12023,Columbia,12,023,2065197086,10207202,797.3770559023031,0.004918175248561499
12055,Highlands,12,055,2635726557,230667873,1017.6597170465764,0.08047317933142928
12097,Osceola,12,097,3438317678,462146368,1327.5418825283405,0.11848497064700286
12013,Calhoun,12,013,1469394597,18070425,567.3364279164063,0.012148470540640383
12077,Liberty,12,077,2164099095,19582444,835.5633352137795,0.008967628131786849
12125,Union,12,125,630804542,16049423,243.5549962565465,0.024811509039756756
13153,Houston,13,153,973955120,9990190,376.04617565617383,0.010153196421049051
13121,Fulton,13,121,1364249004,19874704,526.7394873358685,0.014359051784986837
13019,Berrien,13,019,1174239570,11671125,453.3764344322663,0.009841487263086028
13181,Lincoln,13,181,544884775,121513274,210.38118862399406,0.18234338198069966
13261,Sumter,13,261,1250646292,25211441,482.87723484134926,0.019760385776491585
13009,Baldwin,13,009,670028055,24803189,258.6992793519013,0.035696709401283055
45015,Berkeley,45,015,2858661511,337919154,1103.735384344044,0.10571269409839842
45075,Orangeburg,45,075,2865509345,55697625,1106.3793478433356,0.019066647988998875
45079,Richland,45,079,1961418141,37932713,757.3077810666389,0.018972514465937753
45027,Clarendon,45,027,1572659561,229094635,607.2072535777288,0.12715088190642404
45067,Marion,45,067,1267466476,12418901,489.37154421674757,0.009703135314436834
45031,Darlington,45,031,1451987311,14598203,560.6154371906188,0.009953870988527984
45087,Union,45,087,1330177794,4792745,513.5845195582173,0.003590150389079111
45061,Lee,45,061,1062372307,2715077,410.1842425453615,0.0025491589148332267
45017,Calhoun,45,017,987179024,29351080,381.15195355530784,0.028873793195602203
46111,Sanborn,46,111,1474329183,3132216,569.2416822301229,0.0021199985340530714
46055,Haakon,46,055,4689279884,42452623,1810.5410924474904,0.008971898334742446
46075,Jones,46,075,2511438728,3147180,969.6719177976146,0.0012515698867107466
46071,Jackson,46,071,4827433507,19106096,1863.882504711122,0.003942213943361437
46041,Dewey,46,041,5963127471,370089902,2302.376397405069,0.05843631762550589
47127,Moore,47,127,334684850,3093435,129.2225435321498,0.009158181971348454
47107,McMinn,47,107,1113997325,5340568,430.11677350949986,0.004771184852579631
47149,Rutherford,47,149,1603892840,12406556,619.2664900661126,0.007675902144555402
47035,Cumberland,47,035,1764575269,9098322,681.3063229904415,0.0051296484573975934
47031,Coffee,47,031,1111010401,14479480,428.9635157010953,0.01286504680711563
47045,Dyer,47,045,1326982067,35839863,512.3506424604808,0.02629827287854107
47005,Benton,47,005,1021248371,108583505,394.3062020246348,0.09610589620149822
47105,Loudon,47,105,593811373,46869994,229.27185379732052,0.0731564806066851
47041,DeKalb,47,041,788430955,63639368,304.4148948020263,0.07468792924970818
47081,Hickman,47,081,1586324712,373710,612.483397896693,2.3552679880335824e-4
47003,Bedford,47,003,1226719752,2980759,473.63914606403017,0.0024239715063434663
47029,Cocke,47,029,1129584562,17932684,436.13503938493,0.01562737646210504
47135,Perry,47,135,1074235994,20984700,414.76483772261344,0.01916024789794558
47121,Meigs,47,121,505397668,55738399,195.1351313158543,0.09933134274899497
48453,Travis,48,453,2575210710,79595808,994.2944178006069,0.02998177360961263
48339,Montgomery,48,339,2699052575,90064391,1042.1100293858492,0.0322913639327093
48187,Guadalupe,48,187,1842133804,9159633,711.2518408868365,0.004947693767468371
48423,Smith,48,423,2386604748,73163264,921.4732484678211,0.029743969204848737
48475,Ward,48,475,2164201058,624206,835.6027033483281,2.88340130901207e-4
48103,Crane,48,103,2033319687,1695980,785.0691232905665,8.333989892570198e-4
48437,Swisher,48,437,2305502705,27277988,890.1595744783538,0.01169333580385561
48223,Hopkins,48,223,1987637219,65631763,767.431023717831,0.03196452270762448
48015,Austin,48,015,1674415879,25596214,646.4955877596503,0.015056489365808294
48059,Callahan,48,059,2329363241,4898783,899.3721789686987,0.0020986431470128735
48073,Cherokee,48,073,2727140662,23874005,1052.9549004491564,0.008678254349706817
48499,Wood,48,499,1671172293,130731064,645.2432321986344,0.07255165128148434
48333,Mills,48,333,1937892798,4023558,748.2245953176387,0.002071952268988459
48083,Coleman,48,083,3270933224,47963343,1262.9143832745794,0.014451593182174635
48317,Martin,48,317,2369724590,1931832,914.955783001474,8.145496885973478e-4
48051,Burleson,48,051,1707015413,46043534,659.0823382547587,0.026264680990216584
48469,Victoria,48,469,2284593984,17476842,882.086672135675,0.0075917916176224546
48399,Runnels,48,399,2722259323,15604788,1051.0702049171578,0.005699621079550358
48379,Rains,48,379,594376473,75984089,229.4900401279836,0.1133480895315557
48065,Carson,48,065,2383397227,10026604,920.2348176812086,0.004189230453099805
48047,Brooks,48,047,2443277014,741627,943.3545327872356,3.034457215500428e-4
48243,Jeff Davis,48,243,5865172239,206206,2264.55567073841,3.515646977149145e-5
49035,Salt Lake,49,035,1949876462,136855044,752.851513873751,0.06558344645992996
26137,Otsego,26,137,1333860411,29050564,515.0063859366767,0.021315085528605417
26129,Ogemaw,26,129,1459466626,29641292,563.503216868062,0.01990540218187195
27145,Stearns,27,145,3478032955,121782131,1342.8760367663465,0.03383010740568911
27127,Redwood,27,127,2275493970,8220183,878.5731370734869,0.0035994798163340893
27113,Pennington,27,113,1596779102,4338967,616.5198604580461,0.0027099606731126086
28029,Copiah,28,029,2013158772,5644780,777.284950459811,0.0027961016783469577
28083,Leflore,28,083,1538645699,31868197,594.074427986754,0.02029157276555546
28137,Tate,28,137,1048332525,16090911,404.76345238806306,0.015117020591418093
28121,Rankin,28,121,2008526161,79225994,775.4962893458854,0.03794798813176174
28051,Holmes,28,051,1959776830,20568825,756.6740673441703,0.010386482252766121
28079,Leake,28,079,1509697192,6376466,582.897346902868,0.004205907784462014
28111,Perry,28,111,1676452290,7561701,647.2818504455677,0.004490283952753692
29029,Camden,29,029,1699124110,136304761,656.035489120587,0.07426316712874677
29159,Pettis,29,159,1766982900,10471760,682.235914520225,0.005891435790547816
29025,Caldwell,29,025,1104353494,8399237,426.39326952892173,0.007548161209590417
30093,Silver Bow,30,093,1859585011,1501437,717.989789605597,8.06752959602444e-4
30019,Daniels,30,019,3694021962,1021697,1426.26985892329,2.765047166659202e-4
31069,Garden,31,069,4415478553,67450146,1704.8258071147122,0.015046000177305074
31159,Seward,31,159,1479997504,11540727,571.4302332122684,0.007737466435749712
31103,Keya Paha,31,103,2001740191,2710300,772.876211670625,0.0013521411539817374
31115,Loup,31,115,1459046154,20032911,563.3408717206075,0.013544178586558521
32001,Churchill,32,001,12820847808,190742991,4950.157032767834,0.014659467389234179
32015,Lander,32,015,14294783204,662270,5519.246672986644,4.632734259345125e-5
34035,Somerset,34,035,781832066,7993022,301.8670495049765,0.010119990009737448
35043,Sandoval,35,043,9609358685,10851799,3710.194145293563,0.001128020953184791
35051,Sierra,35,051,10829293031,147631578,4181.213431443951,0.013449265915423761
36077,Otsego,36,077,2594488425,36312826,1001.7375852035767,0.013802952992437969
36053,Madison,36,053,1696054036,16691322,654.8501269175715,0.009745361108139696
36017,Chenango,36,017,2314006879,13433905,893.4430544294778,0.005771964250326551
37023,Burke,37,023,1311146878,20719897,506.23664178225374,0.01555703422363697
37101,Johnston,37,101,2051320566,9400157,792.0193015558642,0.004561587067613528
37093,Hoke,37,093,1010491623,3949309,390.1529983863632,0.003893089164111134
37125,Moore,37,125,1806816088,20883669,697.6155944500285,0.0114262033028218
37127,Nash,37,127,1399742907,6174819,540.443759953955,0.00439202016292097
37087,Haywood,37,087,1433713851,2438478,553.5600148124232,0.0016979243432330916
37021,Buncombe,37,021,1700301515,8941579,656.4900877343799,0.005231309128226321
37163,Sampson,37,163,2449946534,4923828,945.9296488659542,0.002005738500988917
37177,Tyrrell,37,177,1012106670,534571696,390.7765715216993,0.3456256373343493
38055,McLean,38,055,5465578831,563811097,2110.271792754569,0.09351047182762336
38005,Benson,38,005,3596341571,131677670,1388.5552489604102,0.035321081112413714
38091,Steele,38,091,1844441513,8435674,712.1428523165802,0.004552743192687385
39033,Crawford,39,033,1040619655,2359514,401.78549662062153,0.002262282958404896
40117,Pawnee,40,117,1472027960,68849518,568.3531750589897,0.044682019812090475
40125,Pottawatomie,40,125,2040375639,14845673,787.7934415992104,0.007223393857060198
40087,McClain,40,087,1478151608,24711113,570.7175287793793,0.016442694768260206
40137,Stephens,40,137,2253839276,54824811,870.2122129441444,0.023747417958600574
40011,Blaine,40,011,2404706856,26921320,928.462511468682,0.011071314383387865
41005,Clackamas,41,005,4845115802,31863504,1870.7096770058517,0.006533450728568664
41061,Union,41,061,5275651492,4936782,2036.9404369077988,9.34892429373296e-4
13265,Taliaferro,13,265,504029143,1917633,194.60674085722633,0.0037901872113125195
42091,Montgomery,42,091,1250892852,10979155,482.9724321899394,0.008700688294133781
42043,Dauphin,42,043,1359407363,86047350,524.8701192874206,0.05952960630735444
42097,Northumberland,42,097,1185380645,50638539,457.6780275554162,0.040969055865398285
01101,Montgomery,01,101,2034059353,37703222,785.3547099309066,0.018198621046139903
21003,Allen,21,003,890240991,21079866,343.7239696197832,0.02313111330447691
01001,Autauga,01,001,1539631461,25677536,594.4550328242821,0.016404132378471215
21133,Letcher,21,133,875244021,2847896,337.933607108079,0.003243277776351516
21035,Calloway,21,035,996755842,66943042,384.8495836718323,0.06293420347332056
22109,Terrebonne,22,109,3185395698,2207589251,1229.8881597177995,0.40934459707871884
22085,Sabine,22,085,2244547678,375313525,866.6247068857189,0.14325702620055938
23031,York,23,031,2567186511,721352437,991.1962572337687,0.21935347228856966
24009,Calvert,24,009,552158541,341580669,213.1896053885344,0.38219277522802203
24043,Washington,24,043,1185655254,24820607,457.7840546834945,0.0205048343380389
25023,Plymouth,25,023,1705510383,1126116263,658.5012429207686,0.3976923527650686
25011,Franklin,25,011,1810939912,65598236,699.2078118042318,0.03495704900532616
26089,Leelanau,26,089,899241892,5659105321,347.19923693857896,0.8628858974990655
26083,Keweenaw,26,083,1398883242,14053673396,540.111841440507,0.9094723756870141
26047,Emmet,26,047,1210940739,1073419241,467.5468350607479,0.46989933740653256
26099,Macomb,26,099,1241505061,237173296,479.347785806429,0.16039546049837802
27069,Kittson,27,069,2846395551,12419291,1098.9994706925488,0.004344209641542081
28009,Benton,28,009,1053131424,5279184,406.6163176579846,0.004987841164947961
29087,Holt,29,087,1198369591,19839053,462.6930876632213,0.016285431151480158
29157,Perry,29,157,1228574129,25394864,474.3551250293389,0.020251588469699905
30009,Carbon,30,009,5303728456,35213028,2047.7810133567793,0.006595507387658793
31061,Franklin,31,061,1491355862,487899,575.8157197710676,3.27044300988299e-4
34011,Cumberland,34,011,1251948172,503663199,483.37989352151845,0.2868876377310728
34025,Monmouth,34,025,1212642647,500373882,468.20394541581095,0.29210102385416037
34021,Mercer,34,021,581395408,11337168,224.4780228913021,0.01912695279295734
35039,Rio Arriba,35,039,15179593246,91463243,5860.8737414662255,0.0059893199311968045
36061,New York,36,061,58683879,29010416,22.657972443966056,0.3308130363554436
36081,Queens,36,081,281594053,188444349,108.72407212990669,0.4009126662804032
36009,Cattaraugus,36,009,3388177068,36783591,1308.182484699447,0.010739857961095488
36115,Washington,36,115,2152773115,38123568,831.1903498707195,0.017400897219761777
36031,Essex,36,031,4646753187,316350563,1794.121442874583,0.06374046945925722
37039,Cherokee,37,039,1179842236,28813485,455.5396358770915,0.023839282352596417
37091,Hertford,37,091,914689326,18737418,353.16352457372295,0.020073795957146905
37121,Mitchell,37,121,573036225,1632150,221.2505242784706,0.002840159770406715
38105,Williams,38,105,5380959359,181836635,2077.600031830262,0.032687992728140304
39039,Defiance,39,039,1065623073,7100811,411.4393703198868,0.006619420995384494
39035,Cuyahoga,39,035,1184170000,2041734546,457.2105949058221,0.6329184626779096
40095,Marshall,40,095,962153977,143719930,371.4897288524221,0.12996050371590873
42049,Erie,42,049,2069143912,1966272916,798.900933946376,0.48725398138722337
44005,Newport,44,005,265293779,547001789,102.43050112855731,0.6734024049236226
45029,Colleton,45,029,2736286772,197740350,1056.4862332765158,0.0673955426373867
45073,Oconee,45,073,1622796885,121710335,626.5653826749242,0.0697677450712987
47111,Macon,47,111,795498343,246690,307.143628574973,3.100113601337427e-4
47183,Weakley,47,183,1503107797,3707114,580.353167259726,0.0024602318260440945
48007,Aransas,48,007,652854900,714540086,252.0686871109562,0.5225557306526499
48409,San Patricio,48,409,1795693481,37532483,693.3211318615711,0.020473462484737096
48141,El Paso,48,141,2624928792,4638585,1013.4906766560047,0.0017640107040314869
48321,Matagorda,48,321,2831173987,1345214023,1093.1223919523027,0.32209986710502025
48377,Presidio,48,377,9985057446,1773188,3855.2522484562764,1.7755262555101424e-4
49019,Grand,49,019,9512657346,30634870,3672.8575494227175,0.003210094515248992
49005,Cache,49,005,3016525066,21115037,1164.6868439279701,0.006951131893191232
50009,Essex,50,009,1715530571,28688490,662.3700591520092,0.01644775627182531
51185,Tazewell,51,185,1343663016,2920222,518.7911929016199,0.0021686160332258643
51195,Wise,51,195,1044904290,5247907,403.43980344928997,0.0049972823129750595
51027,Buchanan,51,027,1302386893,2804450,502.8543926514566,0.0021486887842467094
53009,Clallam,53,009,4503402368,2409320333,1738.7733820089752,0.3485342081856496
53047,Okanogan,53,047,13639376692,120435136,5266.192802970793,0.008752673183722262
17043,DuPage,17,043,849088852,22153881,327.83503985983566,0.025427909078468033
17049,Effingham,17,049,1240005912,3174585,478.76896113924226,0.0025535994231415293
55029,Door,55,029,1248209716,4890672315,481.9364675845422,0.7966714933278053
06099,Stanislaus,06,099,3875010968,46378776,1496.1501050912163,0.011827127377726931
56045,Weston,56,045,6210804121,5225499,2398.0048869722605,8.406489864827896e-4
05069,Jefferson,05,069,2259364695,113071690,872.3455891554096,0.047660578262459924
05057,Hempstead,05,057,1883439299,35737908,727.1999817296457,0.0186214737595099
05025,Cleveland,05,025,1548580962,2561701,597.9104544920496,0.0016514928388633972
05147,Woodruff,05,147,1517662708,21064563,585.972849836646,0.013689601397855513
06105,Trinity,06,105,8234265080,73407950,3179.2675340863534,0.008836162633617755
08059,Jefferson,08,059,1979743477,25071356,764.3832328804908,0.012505571879914358
08117,Summit,08,117,1575563218,28310936,608.3283618175698,0.017651594378145955
08109,Saguache,08,109,8206547700,4454510,3168.5657937965043,5.425050299675902e-4
08065,Lake,08,065,976215864,18111565,376.9190537979692,0.018214890258247116
08027,Custer,08,027,1913031985,3364150,738.6257817169121,0.001755456472990643
12069,Lake,12,069,2466005448,529992538,952.1300302499459,0.17690016497894936
12083,Marion,12,083,4113994500,192281277,1588.422163020749,0.04465140807446248
49015,Emery,49,015,11558171971,24695314,4462.635164617165,0.0021320553358994995
51179,Stafford,51,179,697237751,28087427,269.20500175271076,0.03872391011911074
51031,Campbell,51,031,1303300986,8894442,503.2073259332736,0.00677829064955407
51139,Page,51,139,802941049,8378554,310.01727343843777,0.010327069590108252
51127,New Kent,51,127,543986299,35598427,210.03428509961105,0.06142057477201358
51111,Lunenburg,51,111,1118097708,1743628,431.6999402429687,0.0015570312900112485
51161,Roanoke,51,161,648915076,1762677,250.54751255420825,0.0027089861177411424
51007,Amelia,51,007,920379345,8188217,355.36045320053785,0.008818116564791222
51167,Russell,51,167,1226421378,7558481,473.5239432181175,0.00612528717132003
51047,Culpeper,51,047,982076139,9005667,379.18171863415125,0.009086703988994426
51159,Richmond,51,159,495925426,64458631,191.4778782188227,0.11502581166401742
51053,Dinwiddie,51,053,1305057845,8988308,503.88565298813535,0.006840176792481352
51097,King and Queen,51,097,816185249,28929275,315.1308876670128,0.034231189002734495
51610,Falls Church,51,610,5300262,32,2.0464426072073456,6.03740094417404e-6
51113,Madison,51,113,830450499,3206844,320.63873150614086,0.003846717151749481
51580,Covington,51,580,14163842,521492,5.468689991278338,0.035511075199243
53037,Kittitas,53,037,5949905813,92507199,2297.2714866913866,0.015309645139497128
53007,Chelan,53,007,7565814948,189653434,2921.1774942131974,0.024454156043002485
54085,Ritchie,54,085,1170648850,4424612,451.99004968401204,0.0037653918185414693
54019,Fayette,54,019,1713426761,17320227,661.5577735666044,0.010007370875170346
54083,Randolph,54,083,2692810850,667359,1039.7000858807035,2.477684793476642e-4
54093,Tucker,54,093,1085320044,5303786,419.04441337008456,0.004863075474886698
54007,Braxton,54,007,1322796522,14344826,510.734594494855,0.010727980270340125
54021,Gilmer,54,021,876717620,4082112,338.50256686507555,0.004634551818869082
55057,Juneau,55,057,1986729542,98638538,767.080567667473,0.047300301057643504
55107,Rusk,55,107,2366092264,44813690,913.5533340867473,0.018587904652874736
56013,Fremont,56,013,23785388834,212768588,9183.590007228218,0.008866038515313144
56003,Big Horn,56,003,8124681752,55228616,3136.9571744364384,0.006751738529563311
56025,Natrona,56,025,13831927736,90969877,5340.537176985485,0.006533832218593648
01097,Mobile,01,097,3184064132,1074011164,1229.374039208906,0.25222925602300106
01129,Washington,01,129,2797848586,21524393,1080.255382640561,0.007634460981332971
01107,Pickens,01,107,2282835044,22621093,881.4075416022181,0.009811981515048881
01073,Jefferson,01,073,2878876058,32657853,1111.540264605849,0.011216717372453094
04015,Mohave,04,015,34530024142,333399390,13332.116908954136,0.009563013503076758
05073,Lafayette,05,073,1371327392,43028603,529.472468232576,0.030422752936399157
06071,San Bernardino,06,071,51976311343,96418184,20068.166082693584,0.0018516061069932322
06001,Alameda,06,001,1910010507,216909647,737.459182534468,0.10198297599092665
06051,Mono,06,051,7896625264,214695142,3048.904071798631,0.026468581100703225
09180,Southeastern Connecticut,09,180,1549162983,216462800,598.1351740573634,0.122598345631431
12127,Volusia,12,127,2851876987,858119062,1101.1158649725069,0.23129918486875456
12031,Duval,12,031,1975169546,403639667,762.6172282413189,0.16968139554620096
02170,Matanuska-Susitna,02,170,63991627244,1445752957,24707.305506152712,0.022093686400023488
02020,Anchorage,02,020,4421121090,620772451,1707.004402838762,0.12312287951976017
02066,Copper River,02,066,63953072617,1218890955,24692.419481386805,0.018702688828048066
02150,Kodiak Island,02,150,17325674232,14147257374,6689.480245874489,0.44950554816771393
02290,Yukon-Koyukuk,02,290,377055293513,5947344387,145581.86329620588,0.015528207376349247
13245,Richmond,13,245,840036608,10995252,324.3399488978347,0.012919906429825084
13213,Murray,13,213,892235593,5719192,344.4940897604896,0.006369131381153005
16087,Washington,16,087,3762870369,53228012,1452.852377584283,0.013948280858013865
04025,Yavapai,04,025,21038297493,11358280,8122.932106522034,5.395945721150012e-4
17003,Alexander,17,003,609667767,44639203,235.39404177185216,0.06822363973900507
18147,Spencer,18,147,1027934787,11968675,396.8878416854502,0.011509409707109909
18083,Knox,18,083,1335995220,20908206,515.8306403029419,0.015408764986049936
19051,Davis,19,051,1300661926,6904087,502.1883791666842,0.005280105884795585
18051,Gibson,18,051,1262302951,30891646,487.3778960606035,0.02388785575787555
51067,Franklin,51,067,1788671765,54404459,690.6100321464797,0.02951829028640326
51149,Prince George,51,149,687232241,42745198,265.3418527289758,0.05855687548173664
51061,Fauquier,51,061,1678296035,9665552,647.9937243727104,0.0057261682223340785
51017,Bath,51,017,1370626043,14039993,529.2016758687038,0.010139624021224999
51033,Caroline,51,033,1365863117,24926087,527.3626998517869,0.01792226092085771
54033,Harrison,54,033,1077456354,1318839,416.00822567485926,0.001222533673890293
54067,Nicholas,54,067,1675324341,19580619,646.8463469002039,0.01155263537608622
54017,Doddridge,54,017,828078406,1950541,319.7228612749224,0.002349967440352415
54013,Calhoun,54,013,723286841,3670131,279.26261166991463,0.005048622052420456
56035,Sublette,56,035,12655929030,127353627,4886.481536343738,0.009962513574732105
60020,Manu'a,60,020,57620993,464238044,22.247589863443775,0.8895851390612213
69085,Northern Islands,69,085,160067127,2939499291,61.802263493025315,0.9483582200173392
72113,Ponce,72,113,297688922,203748247,114.93833581706417,0.4063285683554902
72097,Mayagüez,72,097,200954973,508925231,77.58914915477797,0.7169170630936484
72079,Lajas,72,079,155287830,106643202,59.95696659764575,0.40714229690814185
72039,Ciales,72,039,172310193,459604,66.52933772166752,0.002660210337574223
48269,King,48,269,2359150569,6396290,910.873130652608,0.0027039371364234724
12053,Hernando,12,053,1224975155,627920761,472.9655533938554,0.3388861487457669
12047,Hamilton,12,047,1332018549,12330813,514.2952390399014,0.009172327780671048
02013,Aleutians East,02,013,18094314940,20797208728,6986.2540835612335,0.534749137255118
02100,Haines,02,100,6069910088,1042408269,2343.6053964881153,0.14656378084848432
02220,Sitka,02,220,7433427535,5037735764,2870.0624280860593,0.4039507496789775
13251,Screven,13,251,1672668617,26023811,645.8209661272189,0.015319907577759568
13313,Whitfield,13,313,752248665,1579031,290.4448344762665,0.002094684247313726
16007,Bear Lake,16,007,2527123155,191364281,975.7277089419831,0.07039366026336125
16049,Idaho,16,049,21956620662,67532942,8477.49866572746,0.0030663127044180598
05003,Ashley,05,003,2397012344,38656004,925.4916437646953,0.01587079950016249
06053,Monterey,06,053,8499609695,1267806850,3281.7176631043208,0.12979960915550368
06027,Inyo,06,027,26410783053,77280938,10197.260386254284,0.0029175759325505324
06085,Santa Clara,06,085,3343892718,33595850,1291.0842015065627,0.009946991477129997
06023,Humboldt,06,023,9241141221,1254150035,3568.0245870627746,0.1194964488749201
08023,Costilla,08,023,3179452305,8828906,1227.5934028422755,0.0027691741774656152
08057,Jackson,08,057,4179530231,18750017,1613.725650322486,0.004466118480044832
08033,Dolores,08,033,2763958508,2716141,1067.17035031937,9.817348783608274e-4
37055,Dare,37,055,992558551,3000513281,383.22900055023416,0.751429828272621
37015,Bertie,37,015,1810858588,109120751,699.1764124321652,0.05683433606990497
39095,Lucas,39,095,879721651,663490729,339.6624297231327,0.4299412949240337
39125,Paulding,39,125,1078561237,6245396,416.4348233877986,0.005757151376119951
42125,Washington,42,125,2219644664,9945723,857.0095993877346,0.004460784841013938
42045,Delaware,42,045,476068775,17591835,183.8111823757028,0.035635484467760145
42127,Wayne,42,127,1879734049,64785690,725.7693767009972,0.03331706472330132
42095,Northampton,42,095,957743111,19060960,369.78668396198424,0.019513595987050304
45053,Jasper,45,053,1696789992,120164567,655.1342811188978,0.06613515258528818
45065,McCormick,45,065,929521275,89977042,358.89017212086804,0.08825619473778887
46023,Charles Mix,46,023,2841580912,137517024,1097.1405281746274,0.04616062544913931
47157,Shelby,47,157,1971662004,51371287,761.2629586985361,0.025393199028675796
48245,Jefferson,48,245,2270732118,611205490,876.73457573029,0.21208144420037006
48067,Cass,48,067,2426683491,60494144,936.9477377135439,0.02432240590648444
49025,Kane,49,025,10344775234,292843946,3994.1400634234574,0.027529087199378386
49003,Box Elder,49,003,14973507312,2455159793,5781.303517186044,0.14086905086939522
51141,Patrick,51,141,1250846155,7141128,482.95440237737,0.005676629721542264
18167,Vigo,18,167,1045400270,17661310,403.6313023986481,0.016613628346911005
13001,Appling,13,001,1316393192,10358093,508.2622549501289,0.007807109830686917
13113,Fayette,13,113,503925707,12781937,194.56680399419596,0.024737270966326174
13021,Bibb,13,021,645898112,14305197,249.38265623691476,0.0216678662542117
13219,Oconee,13,219,477443085,5264894,184.34180643532684,0.010906996008035741
13311,White,13,311,623524628,3917258,240.74420573592596,0.006243220427907486
13027,Brooks,13,027,1277341276,11955761,493.18422582713794,0.009273084988870566
13183,Long,13,183,1037028629,8862019,400.39899372510627,0.00847317931080688
13141,Hancock,13,141,1220057418,17479620,471.06680451543383,0.014124522711860847
16005,Bannock,16,005,2881332847,92079663,1112.4888361456178,0.03096767188888971
16061,Lewis,16,061,1240141961,2340247,478.8214899520195,0.0018835255627258044
17129,Menard,17,129,814269349,2640418,314.3911545385093,0.0032322027556318834
17175,Stark,17,175,746189903,684784,288.10553338063596,9.168659909342998e-4
19025,Calhoun,19,025,1475894592,5873827,569.8460900264367,0.003964065453604461
19125,Marion,19,125,1436123091,41484609,554.4902275805823,0.028075523022788797
20001,Allen,20,001,1295764235,13021929,500.2973700921637,0.009949623061571424
20135,Ness,20,135,2783562239,667491,1074.7393932041618,2.3973991542716557e-4
21151,Madison,21,151,1134231010,13798845,437.9290429944446,0.012019587243225481
21029,Bullitt,21,029,769444308,8237256,297.0841093825875,0.010592067989411666
21217,Taylor,21,217,690009657,26953361,266.4142190460257,0.037593795388760204
21025,Breathitt,21,025,1275366506,7370804,492.4217628644703,0.005746152343537899
21097,Harrison,21,097,793722604,8855951,306.45801191132887,0.011034372828464124
21017,Bourbon,21,017,750448654,4820688,289.7498463409928,0.006382740211901783
21109,Jackson,21,109,894134829,3328475,345.22738888259755,0.0037087588820233254
21165,Menifee,21,165,527162212,6205679,203.538468767482,0.01163489423475625
22009,Avoyelles,22,009,2154028913,87952333,831.6752161911477,0.03922973626872167
22005,Ascension,22,005,751018421,32968280,289.969834610437,0.04205209088106713
22127,Winn,22,127,2460497668,17449604,950.0034644946824,0.007041959365792348
23007,Franklin,23,007,4395226704,121284631,1697.0065244701316,0.026853609346692807
25015,Hampshire,25,015,1365533874,46625894,527.2355784182946,0.03301743546060293
26119,Montmorency,26,119,1415881030,41352700,546.6747241039448,0.028377534192816137
27053,Hennepin,27,053,1434869636,136603501,554.0062658975152,0.08692703539354234
27165,Watonwan,27,165,1126508687,12387832,434.9474374032838,0.01087704790851152
28163,Yazoo,28,163,2388847326,30612555,922.3391126777764,0.012652640054253497
28089,Madison,28,089,1849790735,72085470,714.2081984855452,0.03750786331214294
29019,Boone,29,019,1775568233,14222019,685.5507301365593,0.007946193127439159
29063,DeKalb,29,063,1091312448,11560688,421.3580934985763,0.010482337108989116
29195,Saline,29,195,1956761965,29542462,755.510021455311,0.014873078667311454
30055,McCone,30,055,6843332036,103024685,2642.225281266736,0.014831470530233369
30047,Lake,30,047,3860292624,423545836,1490.4673206799675,0.09887063668595944
30013,Cascade,30,013,6988320248,34314469,2698.205543106549,0.004886267103845435
30015,Chouteau,30,015,10288778623,62611691,3972.519650959014,0.006048626232876103
30069,Petroleum,30,069,4288047859,48927318,1655.6245409004002,0.011281438330445856
31183,Wheeler,31,183,1489717918,1059454,575.1833060545722,7.106721767440404e-4
35021,Harding,35,021,5504963122,1162620,2125.4781525830176,2.1115028142777202e-4
36067,Onondaga,36,067,2016027800,70512842,778.3926883679504,0.033794137809082754
37057,Davidson,37,057,1432725178,37607387,553.1782860315072,0.025577469951500394
37141,Pender,37,141,2256645361,162833419,871.2956484240217,0.06730103208427395
37167,Stanly,37,167,1023253144,25183933,395.0802492104114,0.024020452493020712
37123,Montgomery,37,123,1273075626,25886753,491.5372491479787,0.01992879348817538
37017,Bladen,37,017,2266321539,33022256,875.031641651172,0.014361600066857336
37111,McDowell,37,111,1139476689,13977729,439.95441098744817,0.012118145963874578
38059,Morton,38,059,4988026117,49931491,1925.8876583255344,0.0099110581876893
39021,Champaign,39,021,1111045221,2180178,428.9769597783094,0.001958433576846552
41023,Grant,41,023,11726925885,1893807,4527.791415335074,1.614661193309783e-4
41013,Crook,41,013,7715390875,21004473,2978.9290827243567,0.002715020633663718
42089,Monroe,42,089,1575647530,22664084,608.3609148628907,0.014180015837637528
42031,Clarion,42,031,1556156937,23330902,600.8355548042865,0.014771181786857683
42005,Armstrong,42,005,1692093660,27586719,653.3210171892296,0.016041771097046402
42067,Juniata,42,067,1013697487,5502986,391.39078940169645,0.005399316568017331
45041,Florence,45,041,2073299579,9766888,800.5054459516629,0.004688706843841675
45071,Newberry,45,071,1632484450,43979027,630.3057724473715,0.026233215100337076
45009,Bamberg,45,009,1018815104,5686290,393.3667123798754,0.005550299914965269
45005,Allendale,45,005,1056960693,11194313,408.09480669042455,0.01048004544014654
47185,White,47,185,975592109,7113368,376.6782206451064,0.007238555362198312
47145,Roane,47,145,934385981,88599487,360.76844561563814,0.08660874447534185
47089,Jefferson,47,089,712639796,101435633,275.1517645969107,0.12460225353392898
47057,Grainger,47,057,726715759,56600343,280.58652431646306,0.07225734649841271
48395,Robertson,48,395,2214840334,27332985,855.1546371969816,0.012190397935959026
48225,Houston,48,225,3188268195,14446047,1230.997237014332,0.004510563824445003
48373,Polk,48,373,2737733252,136271620,1057.044722329033,0.04741523625364265
48491,Williamson,48,491,2890005224,41559490,1115.8372596383745,0.014176555544391779
48411,San Saba,48,411,2940447162,8300211,1135.3130008589615,0.0028148260769980853
48503,Young,48,503,2368539759,42371869,914.4983171930404,0.017575040290941764
48419,Shelby,48,419,2060566466,101081677,795.5891635177783,0.04676139237892612
48457,Tyler,48,457,2394158673,29093514,924.3898352274282,0.012005978641462791
48241,Jasper,48,241,2431105359,80399907,938.6550304999471,0.03201263723728939
48089,Colorado,48,089,2487142712,34691168,960.2911735385966,0.013756325614913223
48025,Bee,48,025,2279809489,246409,880.2393682812674,1.0807147325473158e-4
48313,Madison,48,313,1207103458,16493254,466.0652525778014,0.013479321935281565
48109,Culberson,48,109,9873439555,556134,3812.156339637236,5.6323095281432425e-5
48327,Menard,48,327,2336237980,613559,902.0265305466075,2.6255797159564445e-4
49055,Wayne,49,055,6374203167,14660837,2461.0936115884083,0.0022947486424536516
51157,Rappahannock,51,157,689900919,2142396,266.3722350693426,0.003095754201454861
51177,Spotsylvania,51,177,1041093158,32918176,401.96831715172743,0.030649747314491563
05095,Monroe,05,095,1573316559,35707672,607.4609219246992,0.022192128193002956
08043,Fremont,08,043,3972613660,2235544,1533.8347153023599,5.624223423998854e-4
08015,Chaffee,08,015,2624715693,3999975,1013.4083986717931,0.0015216461212190712
08051,Gunnison,08,051,8389334152,53070998,3239.140037747664,0.006286241545751923
12117,Seminole,12,117,801287619,93136452,309.3788805438913,0.10413008216099318
12121,Suwannee,12,121,1783430092,9505389,688.5862108787295,0.00530157894733525
13229,Pierce,13,229,881777233,7183926,340.45609437356103,0.00808125971227051
13033,Burke,13,033,2142023426,20571289,827.0398717275959,0.009512318169148952
46117,Stanley,46,117,3741060757,188383651,1444.4316392805047,0.047941548839949895
47053,Gibson,47,053,1561102697,2345193,602.74512342354,0.0015000135373875493
47159,Smith,47,159,814020543,28690306,314.29509000446757,0.03404525530203539
47143,Rhea,47,143,817071271,54409427,315.47298267509416,0.062433312780038185
47063,Hamblen,47,063,417476191,37852326,161.18845912844154,0.08313190276197878
47117,Marshall,47,117,972442312,1801922,375.46207721958257,0.0018495588037526942
48401,Rusk,48,401,2393663216,37217198,924.1985382094998,0.01531017230862431
48041,Brazos,48,041,1518090939,13210254,586.1381907507606,0.008626816239932231
48119,Delta,48,119,665192724,54647564,256.8323476080836,0.0759162343522512
48219,Hockley,48,219,2352723967,446119,908.3918057384125,1.8958213120851306e-4
48407,San Jacinto,48,407,1474332269,151949232,569.242873741389,0.09343353651047895
48467,Van Zandt,48,467,2182250324,44149754,842.5715639388459,0.019830108000921477
48161,Freestone,48,161,2273311866,36936963,877.7306220055606,0.01598830504157784
48405,San Augustine,48,405,1374400363,159644688,530.6589489735493,0.10406779637660067
48345,Motley,48,345,2562963900,644140,989.5658980054773,2.5126305969925107e-4
49049,Utah,49,049,5191527713,362177780,2004.46006412153,0.06521371730216807
27129,Renville,27,129,2545711276,10851894,982.9046226119726,0.004244719679662756
27021,Cass,27,021,5235567137,1016592500,2021.4637808567536,0.1625986153622584
27103,Nicollet,27,103,1161653543,47494286,448.5169422206998,0.039279139292074106
28049,Hinds,28,049,2252888810,19259026,869.8452359684586,0.008476132448276134
28007,Attala,28,007,1903529295,4425860,734.9567725813102,0.0023196876448597662
28013,Calhoun,28,013,1519218292,3590388,586.5734641792369,0.0023577406979319294
29085,Hickory,29,085,1032908447,33454640,398.80818255497,0.03137265384355901
30087,Rosebud,30,087,12971010183,44234227,5008.13505011857,0.003398647432699268
30033,Garfield,30,033,12112233250,446864356,4676.5594212575725,0.035580928663737306
31155,Saunders,31,155,1939041580,28883394,748.6681425293035,0.014677080875340321
32011,Eureka,32,011,10814982418,11058701,4175.688072852536,0.0010214907627305863
36043,Herkimer,36,043,3653400320,120358452,1410.5857552009602,0.03189352029944748
38071,Ramsey,38,071,3070086476,299504065,1185.3670200260765,0.0888844093535221
39079,Jackson,39,079,1088598926,3167846,420.31039679294275,0.0029015775907860293
40145,Wagoner,40,145,1455356134,74815302,561.9161470278569,0.04889341170527509
40043,Dewey,40,043,2589024032,22668882,999.6277712627328,0.008679765480268864
41043,Linn,41,043,5929797336,50130716,2289.5075602857014,0.00838316373777
42071,Lancaster,42,071,2444751650,103368816,943.9238929321722,0.04056669116679038
42033,Clearfield,42,033,2965691769,24125590,1145.059998152115,0.008069252099087836
42113,Sullivan,42,113,1165337814,6617028,449.93944721213194,0.005646145877692445
51036,Charles City,51,036,473711550,55274680,182.9010527114005,0.10449171805474029
51029,Buckingham,51,029,1501215440,9911855,579.6225241343773,0.006559245559785882
53043,Lincoln,53,043,5984424968,75262191,2310.599407001136,0.01242014464199174
54081,Raleigh,54,081,1567910104,10328835,605.3734779708061,0.006544531847975143
54039,Kanawha,54,039,2335428426,24054880,901.7139599985035,0.010194977832150849
54087,Roane,54,087,1252422375,404682,483.56298432413644,3.230150544234295e-4
55001,Adams,55,001,1672216223,108348983,645.6462958266102,0.06085089309557136
01023,Choctaw,01,023,2365900084,19114321,913.4791329736225,0.00801434195111287
06091,Sierra,06,091,2468694578,23299110,953.1683091516907,0.009349586281937645
09170,South Central Connecticut,09,170,950963145,653739737,367.16892444409297,0.4073898940003275
02195,Petersburg,02,195,7513110542,2385848260,2900.828209210691,0.24102012218880633
02180,Nome,02,180,59490749603,13780642800,22969.506926692055,0.18807671518244234
16031,Cassia,16,031,6644897882,39158534,2565.6094257730374,0.005858498427132366
01047,Dallas,01,047,2534919602,39124772,978.737933969658,0.015199727089087081
21127,Lawrence,21,127,1076391952,11578388,415.5972577634623,0.01064219085237195
22111,Union,22,111,2271194160,73615328,876.9129711445393,0.03139501455309703
24001,Allegany,24,001,1093489886,14710933,422.19880701382374,0.013274609391892175
26029,Charlevoix,26,029,1078288790,2522931117,416.32963101259037,0.7005767995717125
29201,Scott,29,201,1087808786,15175232,420.00532203217455,0.013758342598215236
35017,Grant,35,017,10259478309,15295130,3961.2067364324953,0.0014886099524048103
38085,Sioux,38,085,2833580512,88449896,1094.0515564530972,0.03027001216614307
40147,Washington,40,147,1076201531,22871165,415.5237358040371,0.020809510674988145
45083,Spartanburg,45,083,2093689770,29514144,808.3781427412736,0.013900758097415603
48427,Starr,48,427,3168019232,15386852,1223.1790686605857,0.004833455611376535
48361,Orange,48,361,864501045,118360262,333.78572086875613,0.12042417496449476
19111,Lee,19,111,1340448559,55266767,517.550084110425,0.03959744940136883
01109,Pike,01,109,1740645369,2339145,672.0669369098646,0.001342034298762565
21139,Livingston,21,139,810561761,75614775,312.9596468030104,0.08532698839139655
21027,Breckinridge,21,027,1475580265,41098834,569.7247276927643,0.027097910182251415
21159,Martin,21,159,594717447,2549460,229.62169092591583,0.004268543878993115
21235,Whitley,21,235,1134211587,18639649,437.9215437321893,0.016168303782778788
21055,Crittenden,21,055,931272391,30377986,359.56628179102444,0.03158942868068984
22125,West Feliciana,22,125,1044584260,58751921,403.3162391749985,0.05324933779181488
24019,Dorchester,24,019,1400573748,1145353067,540.7645494587407,0.4498766658380948
24023,Garrett,24,023,1681102438,22498420,649.0772826330747,0.013206391564285066
24033,Prince George's,24,033,1250040416,41926971,482.6433048090066,0.032452035106982156
24011,Caroline,24,011,827350253,16777065,319.44171982875133,0.019875040935471773
26115,Monroe,26,115,1422818200,338203447,549.3531804258097,0.1920495682583736
27043,Faribault,27,043,1845313180,24410688,712.4794048281534,0.01305577171997678
28055,Issaquena,28,055,1069614257,73664788,412.98037508357663,0.0644329031675727
29013,Bates,29,013,2167033437,38030738,836.6962909984027,0.01724699826480107
29095,Jackson,29,095,1565698759,30621015,604.5196728896167,0.019182256273923722
29197,Schuyler,29,197,795916404,2216011,307.30504283011953,0.0027764954265139074
30061,Mineral,30,061,3158799814,9897218,1219.619431456075,0.00312343461683149
34033,Salem,34,033,859515221,105389623,331.86068345256103,0.10922281472140687
34041,Warren,34,041,923435921,15825325,356.5406037965966,0.016848693659399634
34003,Bergen,34,003,602918746,35387155,232.7882301853047,0.05543917883973941
34031,Passaic,34,031,482081967,31997850,186.1328887958983,0.06224296099918663
35007,Colfax,35,007,9733113273,26296498,3757.97605904058,0.0026944762661918155
36119,Westchester,36,119,1115811940,179391718,430.8174002807194,0.13850464125233347
36075,Oswego,36,075,2464650884,933469962,951.6070301635749,0.274701814415696
13237,Putnam,13,237,892721731,41451859,344.6817886923882,0.04437275838637228
13319,Wilkinson,13,319,1163459876,7084800,449.21437129382946,0.006052566933378628
13209,Montgomery,13,209,624563059,9191488,241.1451461881234,0.014503230065187998
16039,Elmore,16,039,7964417379,68330393,3075.0787538367454,0.008506478099334998
19107,Keokuk,19,107,1500056811,1944064,579.1751749747422,0.001294316156773211
20149,Pottawatomie,20,149,2177493043,54149843,840.7347674686227,0.02426456461278097
20163,Rooks,20,163,2306454192,11962259,890.5269456643449,0.005159667925423982
21119,Knott,21,119,910442831,3438036,351.5239436814401,0.003762017702904814
21005,Anderson,21,005,523849802,5244774,202.2595401114005,0.009912734391743226
21125,Laurel,21,125,1123286188,25873416,433.70322357851757,0.02251507615647095
21007,Ballard,21,007,639972655,69636340,247.09482448973412,0.0981333952791847
22013,Bienville,22,013,2101370398,27972980,811.3436498028698,0.013136904216112766
22101,St. Mary,22,101,1446578734,1453492316,558.5271739279419,0.5011919676933433
22055,Lafayette,22,055,696257607,1149127,268.8265660371181,0.0016477142304163641
22063,Livingston,22,063,1678652694,112175420,648.1314311830236,0.06263885356894726
22077,Pointe Coupee,22,077,1442300230,86716680,556.875234291617,0.05671400978815859
22091,St. Helena,22,091,1058078903,2796358,408.52654998685125,0.002635897077441605
53057,Skagit,53,057,4481277787,483821018,1730.2310334939375,0.09744438872249189
53031,Jefferson,53,031,4671633824,994992501,1803.7279105645312,0.175588161973959
53049,Pacific,53,049,2417424652,759293242,933.3728799757805,0.23901815248817307
53033,King,53,033,5479731923,496543152,2115.7363321476264,0.08308572576873899
53061,Snohomish,53,061,5404047756,282924414,2086.5145117848224,0.04974956893450034
54071,Pendleton,54,071,1802760302,5428393,696.049646714593,0.0030021164356411377
55051,Iron,55,051,1963751253,416872439,758.2086006495551,0.1751105982860226
06039,Madera,06,039,5534591545,42271836,2136.9177507031786,0.007579858625193745
06077,San Joaquin,06,077,3605878836,89000661,1392.237607578197,0.02408756796324825
06019,Fresno,06,019,15432139286,136609893,5958.382313030705,0.008774622253165146
05001,Arkansas,05,001,2569631425,120698186,992.1402438103866,0.04486371688677072
05067,Jackson,05,067,1641044498,20284491,633.610825470588,0.012209797778951535
05029,Conway,05,029,1429458630,37757457,551.9170647926915,0.025734080572414008
05075,Lawrence,05,075,1521690358,12395693,587.5279342017054,0.008080181024995187
22113,Vermilion,22,113,3035607246,932171851,1172.054514845068,0.23493542059960099
24045,Wicomico,24,045,969768022,66763786,374.42952807389344,0.06441074502944728
26033,Chippewa,26,033,4036516926,2952502495,1558.5079043413366,0.42244874669092725
27075,Lake,27,075,5462563492,2283905085,2109.1075638532857,0.29483177557592255
30053,Lincoln,30,053,9356484224,161555792,3612.558769671567,0.016973640763058545
37047,Columbus,37,047,2429722348,43711694,938.1210469654281,0.01767247206020301
38077,Richland,38,077,3718378994,25035244,1435.6741615917076,0.0066878102203766845
45019,Charleston,45,019,2377703219,1162130898,918.0363488928771,0.32830094845938795
47147,Robertson,47,147,1233703853,457701,476.33572254637,3.708598752866353e-4
48201,Harris,48,201,4421152651,182185468,1707.0165886090365,0.039576816494977955
48403,Sabine,48,403,1273523416,219936062,491.7101418342424,0.147266173096663
51099,King George,51,099,465234037,21087162,179.62786662996638,0.04336056508200869
54057,Mineral,54,057,849209715,3466312,327.8817053252098,0.004065215732868259
05109,Pike,05,109,1554861227,35284868,600.335278374445,0.022189702009738924
12049,Hardee,12,049,1651297014,1472455,637.5693440444765,8.909016215618393e-4
17187,Warren,17,187,1404768298,1672625,542.3840742743181,0.0011892607593017258
22097,St. Landry,22,097,2393224011,39013551,924.0289602102805,0.0160401893341042
30063,Missoula,30,063,6715861996,64585268,2593.0088234768336,0.009525222376244707
30051,Liberty,30,051,3703651373,44411471,1429.9877953107198,0.011849179922661938
38037,Grant,38,037,4297393834,17563451,1659.2330420359847,0.0040703649746558265
39101,Marion,39,101,1045855303,908577,403.80699162285725,8.67986579743275e-4
45035,Dorchester,45,035,1472172215,6781942,568.4088722260924,0.004585633684384715
47173,Union,47,173,579077904,61005196,223.58322959090043,0.09530824357024893
48349,Navarro,48,349,2615116305,197615409,1009.7020542295155,0.07025746821724782
48069,Castro,48,069,2316600393,12557414,894.444415787084,0.005391396822602669
51041,Chesterfield,51,041,1096874571,34967237,423.5056412035252,0.030894102650076343
66010,Guam,66,010,543555846,934337453,209.86808626649673,0.6322090056380992
72033,Cataño,72,033,12515854,5614795,4.832398264687008,0.3096852738145226
31091,Hooker,31,091,1867293650,1385457,720.9661117747993,7.41409798402589e-4
16003,Adams,16,003,3529648934,17359846,1362.80507775306,0.004894221321888016
01049,DeKalb,01,049,2012620262,4107136,777.0770305855846,0.002036535033972896
06111,Ventura,06,111,4767585000,947376202,1840.7748668806623,0.16577123947376188
06093,Siskiyou,06,093,16261931187,179151859,6278.766758426419,0.010896597170560877
09130,Lower Connecticut River Valley,09,130,1098452316,241091042,424.1148119560858,0.17998002122153034
37075,Graham,37,075,756194687,25055910,291.96840209420265,0.03207154029221177
38097,Traill,38,097,2232235427,1462184,861.8709201791313,6.546024819113262e-4
40013,Bryan,40,013,2342250031,101809038,904.3477964242384,0.04165571908278621
41019,Douglas,41,019,13042338719,251961371,5035.6751519437485,0.01895258639373771
44009,Washington,44,009,852827596,604769732,329.2785769942341,0.4149086447831359
47165,Sumner,47,165,1371278935,38053791,529.4537588802049,0.02700128244946467
48273,Kleberg,48,273,2282572444,541041659,881.3061511749803,0.19161317349462184
51119,Middlesex,51,119,337554148,208310589,130.33038568787245,0.38161576463950997
01115,St. Clair,01,115,1635759668,56431801,631.5703411919151,0.03334835450585764
20033,Comanche,20,033,2041681087,3604155,788.2974778918868,0.0017621771897574764
22107,Tensas,22,107,1562545689,99432220,603.302265751723,0.05982764239016128
24031,Montgomery,24,031,1277235204,35644638,493.1432711988136,0.027149962136443558
26013,Baraga,26,013,2326915077,441618719,898.4269375600605,0.15951357344384032
27163,Washington,27,163,996415255,99954121,384.71808229543603,0.0911682898009001
28109,Pearl River,28,109,2101307249,20783013,811.3192678375626,0.009793651746185714
32031,Washoe,32,031,16358036858,582745905,6315.873365595772,0.034398995203029394
34019,Hunterdon,34,019,1108086284,24761598,427.83450781105904,0.021857831394171242
36071,Orange,36,071,2103272841,67953621,812.0781871546051,0.03129734377749123
51165,Rockingham,51,165,2200954972,10645881,849.7934689352434,0.004813653867766889
08093,Park,08,093,5681165602,43519329,2193.5103107230493,0.007602047889891113
12105,Polk,12,105,4657106267,549837376,1798.1187894260981,0.10559695162807814
13217,Newton,13,217,709175869,13946237,273.8143348998399,0.019286143908868413
15001,Hawaii,15,001,10433586956,2739520971,4028.4304611283733,0.20796314629632656
17171,Scott,17,171,649542036,4814546,250.78958316449408,0.007357679486136811
21051,Clay,21,051,1215470276,4754889,469.2956990806251,0.003896730813611765
21131,Leslie,21,131,1038269511,9125982,400.8781009457148,0.00871302393507626
22053,Jefferson Davis,22,053,1687430141,18666917,651.52042242974,0.01094129839358764
27139,Scott,27,139,922320603,31800969,356.1099771076168,0.033330101669685336
28131,Stone,28,131,1153800120,6712351,445.484718636352,0.005783954216550595
30049,Lewis and Clark,30,049,8957164728,101496096,3458.380649702599,0.011204315734075883
30073,Pondera,30,073,4207608377,43980663,1624.5666831442197,0.01034452356194803
31171,Thomas,31,171,1845505749,2087569,712.5537561350185,0.0011298855541758352
36091,Saratoga,36,091,2097812305,87488004,809.9698624097925,0.040034774003228316
37079,Greene,37,079,690838977,1229492,266.734421289426,0.0017765467653461323
42099,Perry,42,099,1428247560,10591170,551.4494680496795,0.007360915284786642
48459,Upshur,48,459,1509910836,24878112,582.9798353127568,0.016209467778888386
48381,Randall,48,381,2363909286,25203162,912.710481565533,0.010549173615121527
48343,Morris,48,343,652649023,17382447,251.98919755654475,0.025942732212264598
48301,Loving,48,301,1732230053,19981167,668.8177652244811,0.011403400898209064
51081,Greensville,51,081,764634552,4086108,295.22705220151397,0.0053154653082954735
51145,Powhatan,51,145,673921282,5444168,260.2024627062958,0.008013607403791288
78010,St. Croix,78,010,215914976,645644854,83.36523862793037,0.7493906186410757
12091,Okaloosa,12,091,2408331330,820578555,929.8619287092476,0.2541348579630614
16043,Fremont,16,043,4827633110,83440652,1863.959571860581,0.016990307220720584
05081,Little River,05,081,1375943077,83115227,531.25459418134,0.056964979927217496
06045,Mendocino,06,045,9082586851,961786019,3506.80640231513,0.09575371518441052
37155,Robeson,37,155,2453481926,5076395,947.2946713538954,0.0020647852673005597
37175,Transylvania,37,175,979943598,5091023,378.3583399475851,0.005168369610026123
40135,Sequoyah,40,135,1744553526,105073391,673.5758847695091,0.05680788381390105
41033,Josephine,41,033,4244080759,5631773,1638.6487486178025,0.0013252126955866294
42059,Greene,42,059,1491658047,5296803,575.9323940523125,0.0035383852759487034
45021,Cherokee,45,021,1017770810,11691708,392.96350821071337,0.01135709925866383
47151,Scott,47,151,1378652171,2418741,532.3005812266088,0.0017513517799729026
48261,Kenedy,48,261,3777657843,1261927310,1458.5618532378585,0.2504030136783761
49043,Summit,49,043,4845023362,26030792,1870.6739857221737,0.005343975077473548
51117,Mecklenburg,51,117,1619544370,139655803,625.3095796077209,0.07938596479435431
20023,Cheyenne,20,023,2641501923,2738021,1019.8895983344479,0.0010354661672110344
21059,Daviess,21,059,1187242067,46811527,458.3967266104427,0.037933139393296074
22119,Webster,22,119,1536688180,55947134,593.31862567245,0.035128653438862525
24017,Charles,24,017,1185745256,479451413,457.8188046501063,0.2879247970679192
25025,Suffolk,25,025,150875412,160499085,58.25332247665539,0.5154535343978411
27073,Lac qui Parle,27,073,1981395036,33648339,765.0209033778958,0.016698568089136046
29099,Jefferson,29,099,1699708490,20267934,656.2611195008965,0.011783844079016283
30029,Flathead,30,029,13175846353,437160633,5087.222737818756,0.03211345101413584
32003,Clark,32,003,20439308559,438384090,7891.66118523865,0.020997726969651395
34001,Atlantic,34,001,1438939254,301106094,555.5775541980289,0.1730449694004182
36063,Niagara,36,063,1352876140,1598772310,522.348399979135,0.5416540408123467
13163,Jefferson,13,163,1363771360,8059597,526.5550679557176,0.005875065698783469
13309,Wheeler,13,309,765314383,12377032,295.48953641910555,0.015915094035080738
21067,Fayette,21,067,735181665,4434380,283.8552289101251,0.005995516227612396
21203,Rockcastle,21,203,819904083,3961380,316.56673750740396,0.004808285063407252
21123,Larue,21,123,676090529,6721655,261.04001365875,0.009844075951638262
22047,Iberville,22,047,1602476038,88659446,618.7194597535023,0.05242598646815455
51175,Southampton,51,175,1551909770,8090235,599.195714451352,0.005186048060301128
51069,Frederick,51,069,1070013827,5860366,413.1346499236811,0.005447073680296001
53027,Grays Harbor,53,027,4924766329,834338614,1901.4629175323237,0.14487296589622156
17027,Clinton,17,027,1227502157,75634262,473.94123432459014,0.05804017207810075
55003,Ashland,55,003,2706458787,3230728302,1044.969583837084,0.544151338600339
05039,Dallas,05,039,1728358302,1731378,667.3228738000765,0.0010007446550400786
06021,Glenn,06,021,3403160293,33693351,1313.967540236961,0.009803545477946457
45059,Laurens,45,059,1846327161,26061233,712.8709050825369,0.013918711034266323
46095,Mellette,46,095,3385920520,9210222,1307.3112266423154,0.0027127738811538234
46073,Jerauld,46,073,1362677265,16727973,526.1326355128813,0.012126946120817906
47119,Maury,47,119,1587995804,6344537,613.128610127591,0.0039794119466491
47129,Morgan,47,129,1352439680,823018,522.179881830345,6.081731220526112e-4
47097,Lauderdale,47,097,1222203226,80251266,471.8953056193578,0.06161540882458717
48035,Bosque,48,035,2545883877,50838528,982.9712642309051,0.019577960240228297
48091,Comal,48,091,1449171191,39766830,559.528127175565,0.026708183577239714
48239,Jackson,48,239,2148246693,71039573,829.4426885590709,0.03201009896214984
48105,Crockett,48,105,7270935061,53329,2807.3237328773826,7.3344911502464935e-6
48175,Goliad,48,175,2206698612,19050015,852.0111007459841,0.00855892474509881
29027,Callaway,29,027,2161520464,33187172,834.5677202146218,0.015121454655566706
30099,Teton,30,099,5883457565,52625570,2271.615674604837,0.008865369436912376
34013,Essex,34,013,326552231,8653266,126.08252176911546,0.025814809355587626
36065,Oneida,36,065,3140211187,117357244,1212.4423224183925,0.036026025695482924
37147,Pitt,37,147,1689620173,8247778,652.3659985155916,0.004857726418089389
39055,Geauga,39,055,1037107805,20701156,400.42956374973306,0.01956984367047728
40101,Muskogee,40,101,2099548022,76078046,810.6400264927858,0.034968346407954515
41003,Benton,41,003,1748781826,7670897,675.2084405329892,0.004367266422575952
51023,Botetourt,51,023,1401898974,12126225,541.2762220799393,0.008575678148151588
51125,Nelson,51,125,1219224542,8983980,470.74522929275236,0.007314702543645109
51101,King William,51,101,709424849,31090165,273.9104666156574,0.04198451673796853
53005,Benton,53,005,4403309852,154293637,1700.1274453732046,0.03385411595642211
54025,Greenbrier,54,025,2641329257,12163298,1019.8229316188749,0.004583882467309203
01071,Jackson,01,071,2792044644,126334711,1078.014468097363,0.04328933823615265
06015,Del Norte,06,015,2606049835,578810831,1006.2014705781852,0.18173819570165145
06025,Imperial,06,025,10814568238,790135127,4175.528157059872,0.06808749023116456
08083,Montezuma,08,083,5255990018,27208195,2029.3490993259775,0.005149947797349469
12089,Nassau,12,089,1680075565,200050173,648.6808047496435,0.10640255008306258
21089,Greenup,21,089,892130687,25867696,344.4535853272839,0.028178367717233768
40133,Seminole,40,133,1638993887,19960707,632.8190801339975,0.012032099656128382
54043,Lincoln,54,043,1132065762,4053564,437.09303606452863,0.0035679033946826814
22057,Lafourche,22,057,2765571304,1037643577,1067.7930543387438,0.2728332764429989
29069,Dunklin,29,069,1403538813,13708531,541.9093674600281,0.009672645398162764
36029,Erie,36,029,2700743427,476876396,1042.7628709954304,0.15007345829992325
13269,Taylor,13,269,975613090,7801539,376.68632145452716,0.00793311261591981
18183,Whitley,18,183,869256022,6074674,335.62162775960246,0.006939861731982491
08115,Sedgwick,08,115,1419419015,3530746,548.0407477547869,0.0024812864774078273
13191,McIntosh,13,191,1117184397,369182273,431.34730889304086,0.24837900395062007
13241,Rabun,13,241,958643876,17853954,370.13447127421165,0.018283659677973886
24003,Anne Arundel,24,003,1074343714,448054686,414.80642864729765,0.29430843201096374
26003,Alger,26,003,2369927689,10703517569,915.0341999640848,0.8187220245137925
34005,Burlington,34,005,2070137467,54133685,799.2845476780376,0.02548341578194157
38075,Renville,38,075,2272050279,40658500,877.2435205397276,0.017580466840092363
47155,Sevier,47,155,1534599867,13427921,592.51232351222,0.00867421186111163
48391,Refugio,48,391,1995545557,123688759,770.4844501022997,0.05836483397147859
51181,Surry,51,181,722475752,81216905,278.9494484549948,0.10105468090646
53015,Cowlitz,53,015,2955587568,65453462,1141.1587443200992,0.021665863306729073
08101,Pueblo,08,101,6181242832,28941249,2386.5912094345144,0.00466028842664189
16013,Blaine,16,013,6831709645,44656617,2637.7378509963037,0.00649421733783732
16025,Camas,16,025,2782253887,11548054,1074.2342356708125,0.004133454784510081
20047,Edwards,20,047,1610699241,206413,621.8944561946057,1.2813475419088695e-4
21049,Clark,21,049,653924827,6943411,252.48178823678765,0.010506498271142514
22103,St. Tammany,22,103,2189266452,648380545,845.2805061150667,0.2284923197584044
29207,Stoddard,29,207,2131929142,15025824,823.1424468707019,0.00699866752584693
30045,Judith Basin,30,045,4842466558,2066740,1869.6867981748642,4.266128175552484e-4
37161,Rutherford,37,161,1464475268,4693780,565.4370643633459,0.003194853585017808
37083,Halifax,37,083,1874472930,16919664,723.7380472906419,0.008945611849001455
42023,Cameron,42,023,1026239937,5653225,396.23345643943304,0.0054784983641552615
45049,Hampton,45,049,1450327687,7072565,559.9746527792927,0.0048528638514329005
47189,Wilson,47,189,1479109874,29878235,571.0875173519137,0.019800179220630293
48029,Bexar,48,029,3212426728,40788666,1240.3248987900754,0.01253795431904931
48055,Caldwell,48,055,1410355147,4949867,544.5411687412773,0.0034973853346357184
48429,Stephens,48,429,2322497231,64147705,896.7211976765453,0.02687777475082284
51085,Hanover,51,085,1211008825,12702538,467.5731232124194,0.010380338357616445
54031,Hardy,54,031,1508190150,5624064,582.3154747313317,0.003715161311069576
12039,Gadsden,12,039,1337405282,31475262,516.3750682869933,0.02299343221580626
13291,Union,13,291,834191645,18088424,322.0831960579278,0.02122356800062633
06061,Placer,06,061,3644330331,246442517,1407.0838128561286,0.06334024797327362
37043,Clay,37,043,556849483,15046554,215.0007882275598,0.02630994626038998
37029,Camden,37,029,622438924,181122666,240.3250130763149,0.22539985516231556
39043,Erie,39,043,650833152,969939816,251.28808584101216,0.598442740069194
42101,Philadelphia,42,101,347981627,21606292,134.35645785399555,0.05846049313099977
46123,Tripp,46,123,4175808486,13340585,1612.2886765387068,0.0031845572391663406
48369,Parmer,48,369,2281317978,11355762,880.8217991426293,0.0049530649746963125
50027,Windsor,50,027,2510071972,19366112,969.1442103537078,0.007656290194450951
17197,Will,17,197,2164905500,34569925,835.8746899261815,0.015717349967663313
05061,Howard,05,061,1521182021,21361761,587.3316641879551,0.01384839850205302
22031,De Soto,22,031,2269992573,46989269,876.4490358083112,0.020280378615069008
23003,Aroostook,23,003,17278162809,405078327,6671.135982825558,0.022907470631915495
25013,Hampden,25,013,1598035088,44416923,617.0047993656805,0.027043056784932757
27173,Yellow Medicine,27,173,1966062963,10687958,759.1011568740412,0.005406830919594649
29183,St. Charles,29,183,1451692063,82663660,560.5014413000584,0.05387515995207064
30035,Glacier,30,035,7757405145,105684958,2995.1508831256792,0.013440639318081588
33007,Coos,33,007,4647923888,92542131,1794.5734530594948,0.01952173702523908
13271,Telfair,13,271,1132621093,17356399,437.30745056318983,0.015092816268790069
16063,Lincoln,16,063,3111517506,11588561,1201.3636302035518,0.0037105883538344777
18067,Howard,18,067,759058622,2194576,293.0741735840408,0.002882846345691148
18125,Pike,18,125,865964082,17466144,334.35060261473785,0.019770824549532676
21065,Estill,21,065,655477008,6549172,253.08108867372786,0.009892617841789882
21189,Owsley,21,189,511268801,2299985,197.40198844929054,0.004478436117416217
21229,Washington,21,229,769962860,10138826,297.284323429903,0.012996800522233457
22001,Acadia,22,001,1697073813,5934788,655.2438650200747,0.0034848843373516234
51199,York,51,199,271175180,285635878,104.70132275897329,0.5129852827024854
53071,Walla Walla,53,071,3289370356,74932288,1270.0329997655201,0.022272754840780014
17047,Edwards,17,047,576012470,781202,222.39965890190769,0.0013543872582568832
54027,Hampshire,54,027,1658633561,10902927,640.402000688729,0.0065305113595097415
55007,Bayfield,55,007,3827694378,1460283600,1477.8810674844412,0.2761516038976212
05045,Faulkner,05,045,1676351918,43617755,647.2430965995558,0.025359607023722214
08031,Denver,08,031,396460145,4275563,153.0741183714319,0.010669283806373452
13077,Coweta,13,077,1142367466,12680737,441.07054623146723,0.010978534893231638
45047,Greenwood,45,047,1180009086,21260069,455.60405702250137,0.017698006239076372
47037,Davidson,47,037,1303999199,56424538,503.4769074807718,0.04147570824104196
47167,Tipton,47,167,1180026943,32703276,455.61095164877395,0.026966653825915753
48371,Pecos,48,371,12338274936,2532275,4763.8346044910395,2.051952483094341e-4
13221,Oglethorpe,13,221,1137165329,7708032,439.061989898718,0.006732650319741347
13315,Wilcox,13,315,978525378,11147628,377.81076214211174,0.011263950751830449
18071,Jackson,18,071,1320836469,10174044,509.9778137976773,0.007643849466724685
19161,Sac,19,161,1489300201,8569436,575.0220246185687,0.005721082655205728
21239,Woodford,21,239,490993051,6380990,189.5734775769819,0.012829358740095565
21231,Wayne,21,231,1186326542,67647953,458.04324043033245,0.05394683326473877
22079,Rapides,22,079,3429428124,96893609,1324.1096065267636,0.02747724579219499
55043,Grant,55,043,2970397063,94526753,1146.8767223293419,0.030841469046159156
05117,Prairie,05,117,1677059909,72638195,647.5164534539753,0.0415147017842342
06043,Mariposa,06,043,3752476985,36220865,1448.839469571308,0.009560241126116722
12095,Orange,12,095,2338738374,260147532,902.9919380710668,0.10009963553975271
13135,Gwinnett,13,135,1116606767,15938345,431.1242847023119,0.014073033233840843
46005,Beadle,46,005,3260011986,15834230,1258.6976696919958,0.004833630444146588
46137,Ziebach,46,137,5079608332,24212305,1961.247749362246,0.004743956875066023
48135,Ector,48,135,2325508519,10188915,897.8838624779781,0.004362258078329507
48185,Grimes,48,185,2039528004,36609847,787.4661678947482,0.017633630147615858
48023,Baylor,48,023,2246764590,86991035,867.4806613976334,0.03727512601067646
49011,Davis,49,011,841011791,804179376,324.7164691606112,0.488806037942945
27171,Wright,27,171,1712364892,137897439,661.1477836519789,0.07452858802214896
28043,Grenada,28,043,1093291104,70659566,422.12205685423805,0.060706667233586455
29033,Carroll,29,033,1799061890,17533392,694.621681852515,0.009651787700723533
37103,Jones,37,103,1220836956,6031825,471.3677858211009,0.00491643857388201
42051,Fayette,42,051,2048054609,20636361,790.7583085034252,0.009975564885846628
22011,Beauregard,22,011,2997852791,21944259,1157.477438216801,0.007266799270500645
26163,Wayne,26,163,1584644895,156839875,611.8348169244484,0.0900610086874317
33009,Grafton,33,009,4425249956,106463890,1708.5985669200566,0.023493074280047998
37095,Hyde,37,095,1585958032,2192938302,612.3418219566337,0.5803118445640854
47163,Sullivan,47,163,1071072985,41861227,413.5435931153506,0.037613388598031525
48075,Childress,48,075,1803954626,44560655,696.5107777908323,0.024106186980447256
51105,Lee,51,105,1127622849,4896591,435.37761775816654,0.004323626444769902
06055,Napa,06,055,1947606499,104444597,751.9750762561418,0.050897659031780756
08011,Bent,08,011,3918255147,73141519,1512.8467760141446,0.018324793329373392
51009,Amherst,51,009,1227554631,12898694,473.9614946493383,0.010398371095502526
51147,Prince Edward,51,147,906356801,10079281,349.94631867227497,0.010998345872636647
54045,Logan,54,045,1172954858,4748322,452.88040435398136,0.004031849519163224
06083,Santa Barbara,06,083,7080874935,2729198796,2733.9411076830816,0.27820369865067224
12045,Gulf,12,045,1433456928,624416742,553.4608162871482,0.3034281215134066
13039,Camden,13,039,1632397629,392733634,630.2722506717308,0.1939299645289215
53077,Yakima,53,077,11122734360,41188783,4294.51176242856,0.0036894541884970053
78030,St. Thomas,78,030,81108880,717920922,31.316313769935853,0.8984907949653672
02070,Dillingham,02,070,47484825298,5943879883,18333.99361873516,0.11124881022034813
09190,Western Connecticut,09,190,1378202959,300184873,532.1271395030734,0.178853103720547
45057,Lancaster,45,057,1422274877,15293348,549.1434022418867,0.010638345877462615
16083,Twin Falls,16,083,4977216100,18060781,1921.7138874112973,0.0036155715549414007
19001,Adair,19,001,1474404192,2597996,569.2706433670487,0.0017589655730421978
21147,McCreary,21,147,1105159773,10987658,426.70457559245153,0.009844271191087838
27023,Chippewa,27,023,1505361876,17238350,581.2234720306244,0.011321652069687792
30027,Fergus,30,027,11238811037,27700317,4339.329218153551,0.00245864191049392
37159,Rowan,37,159,1325062500,31968204,511.6094934953562,0.02355746550595365
42063,Indiana,42,063,2142939384,18085569,827.3935250899415,0.008368977403473785
49029,Morgan,49,029,1577814087,4437369,609.1974272005342,0.0028044651077255827
47187,Williamson,47,187,1509613349,3011572,582.8649749394601,0.0019909575455156737
48311,McMullen,48,311,2952066567,43985124,1139.7992782283438,0.014681029747293503
30039,Granite,30,039,4473328971,14546367,1727.161978466233,0.0032412591492531335
01081,Lee,01,081,1573532974,21510597,607.5444802236736,0.013485899314031968
01059,Franklin,01,059,1641945980,32539346,633.9588896180643,0.019432446193917857
05143,Washington,05,143,2438344183,27900311,941.4499560828098,0.011312873102353493
05089,Marion,05,089,1545182805,112951239,596.5984187340474,0.06811948612279985
08009,Baca,08,009,6617400566,6142192,2554.9926526689446,9.27327296646705e-4
08099,Prowers,08,099,4243454812,15319854,1638.4070691290049,0.003597244560109347
08125,Yuma,08,125,6123764035,11134194,2364.3985217538257,0.0018148946542206773
09150,Northeastern Connecticut,09,150,1434581261,23987846,553.8949236871011,0.016446149781232135
12015,Charlotte,12,015,1764086777,689242503,681.1177151740582,0.2809417018004204
48153,Floyd,48,153,2569637283,983737,992.1425055968404,3.8268457012772736e-4
27061,Itasca,27,061,6908825994,674112376,2667.5126399229403,0.08889856980335711
31179,Wayne,31,179,1147146595,1084985,442.9157782616839,9.449182716260077e-4
37115,Madison,37,115,1164498325,4840167,449.6153186958658,0.004139235159976244
41031,Jefferson,41,031,4614570973,26212115,1781.6958205329206,0.0056482094730474506
01095,Marshall,01,095,1465531837,148497637,565.845007936523,0.0920042907469235
22065,Madison,22,065,1615854948,68460376,623.8850858040622,0.04064581911979327
26063,Huron,26,063,2165275133,3369019054,836.0174060259195,0.608753156258623
37049,Craven,37,049,1830014536,172777673,706.5725653334083,0.08626839680301553
41065,Wasco,41,065,6167114402,35722739,2381.136192092929,0.005759096714610969
48351,Newton,48,351,2418212546,15672146,933.6770875510972,0.006439148925794715
06109,Tuolumne,06,109,5752133236,138668835,2220.911067506449,0.02353989037972551
12007,Bradford,12,007,761368539,16898784,293.9660375273539,0.021713341291087457
51003,Albemarle,51,003,1866013520,14223772,720.4718508166119,0.007564881337328565
53021,Franklin,53,021,3215718486,60508754,1241.5958536643468,0.01846903452277016
12103,Pinellas,12,103,709091780,1535981840,273.78186795530064,0.6841565578593365
02063,Chugach,02,063,24683085007,14538012081,9530.192438722015,0.37066816484967774
72127,San Juan,72,127,124024379,75273472,47.886080634887854,0.3776933450225713
60040,Swains Island,60,040,2432605,149170816,0.9392340451293965,0.9839541549659357
16027,Canyon,16,027,1520451463,43117846,587.049594166089,0.027576549214551
08071,Las Animas,08,071,12361852648,6929970,4772.938010024061,5.60279068201504e-4
39061,Hamilton,39,061,1050120461,18612564,405.45377833975374,0.017415541173156877
45025,Chesterfield,45,025,2069364015,17265236,798.9859161901169,0.008274223124077157
18009,Blackford,18,009,427559406,1298757,165.0816102205257,0.0030284068534799
27125,Red Lake,27,125,1119929342,227815,432.40713808685064,2.033777122936331e-4
42061,Huntingdon,42,061,2265182336,37851956,874.5917929120986,0.016435689269363254
47049,Fentress,47,049,1291385622,841022,498.60677815469495,6.508316508601567e-4
48005,Angelina,48,005,2066460810,173300091,797.8649824684522,0.07737437104229547
48347,Nacogdoches,48,347,2450966942,89731149,946.3236305989204,0.03531751738542161
47141,Putnam,47,141,1038860592,3777708,401.10631859659895,0.0036232200562745487
49007,Carbon,49,007,3831481453,15484604,1479.3432653223388,0.0040251470303004026
36113,Warren,36,113,2246093482,166839689,867.2215451491843,0.06914393278901133
38043,Kidder,38,043,3499233940,211737414,1351.0617828707398,0.05705714051707013
51630,Fredericksburg,51,630,27066499,178344,10.45043372979204,0.006545972755284367
29227,Worth,29,227,690564983,493903,266.62863161417613,7.147046510881563e-4
13195,Madison,13,195,731214549,8448220,282.32351685322413,0.011421718591327394
21069,Fleming,21,069,903057248,6844691,348.6723541316657,0.007522449075691002
24027,Howard,24,027,649957176,6336170,250.94986961523105,0.009654478502056914
54075,Pocahontas,54,075,2435206742,4094092,940.2385833355759,0.0016783874883060036
28003,Alcorn,28,003,1036110409,3408033,400.0444669996746,0.003278472860417035
12119,Sumter,12,119,1442996400,58752793,557.1440270324022,0.039122906324078846
04011,Greenlee,04,011,4772927116,11947401,1842.8374694076779,0.002496909993679569
04017,Navajo,04,017,25769065747,24121095,9949.491948244859,9.351731194659021e-4
01053,Escambia,01,053,2448595164,20024887,945.4078819898824,0.008111773616959899
01111,Randolph,01,111,1503618354,9283013,580.5502944202716,0.006135900992942919
01075,Lamar,01,075,1566544672,1600679,604.8462817261593,0.0010207465774644253
13281,Towns,13,281,431178089,13754198,166.47879154348237,0.030913013961605354
02068,Denali,02,068,32740165566,66105677,12641.048646516947,0.002015031714831207
17069,Hardin,17,069,459435094,10485761,177.38888221146652,0.02231388730342687
17067,Hancock,17,067,2055798714,53563360,793.7483241718369,0.025393155902546108
17111,McHenry,17,111,1562790274,19871806,603.3967005485468,0.012555937398841324
17033,Crawford,17,033,1149031259,5744821,443.64345110311507,0.004974835467669195
17077,Jackson,17,077,1511439596,48312243,583.5700928510057,0.030974313856859635
18163,Vanderburgh,18,163,604506338,8955935,233.40120288583566,0.01459899882058436
18165,Vermillion,18,165,665353010,7817397,256.8942343789147,0.011612805492799983
12081,Manatee,12,081,1923744064,573084393,742.7617385577948,0.22952493648225028
12063,Jackson,12,063,2378205370,94103479,918.2302304786651,0.03806299485521924
02198,Prince of Wales-Hyder,02,198,13643584003,14612158683,5267.817254836035,0.5171394305710446
02016,Aleutians West,02,016,11377885026,25183635754,4393.025985717849,0.6888016476540011
13143,Haralson,13,143,730804590,2616531,282.1652307977786,0.0035675697427862865
13055,Chattooga,13,055,811512398,570806,313.3266898021655,7.028910303629429e-4
13047,Catoosa,13,047,419998926,771159,162.16249256125926,0.0018327324766921108
13083,Dade,13,083,450855116,488463,174.07613417219946,0.001082242049576161
13253,Seminole,13,253,615241253,49235709,237.54597675564608,0.07409693912006539
20121,Miami,20,121,1491519614,37234703,575.8789447719856,0.02435623735347398
01125,Tuscaloosa,01,125,3420980038,78703449,1320.8477822735942,0.022488733421851873
20025,Clark,20,025,2524300310,6603384,974.6378023899028,0.0026091012533011855
20019,Chautauqua,20,019,1654694134,15243776,638.8809794145386,0.009128348969573366
01045,Dale,01,045,1453276164,4051341,561.1130661179485,0.0027799797822384473
21053,Clinton,21,053,510391738,21636754,197.06335253046143,0.04066841217218119
21163,Meade,21,163,791146216,49058513,305.4632629393162,0.05838876086592462
21161,Mason,21,161,621926398,16274514,240.12712568061605,0.02550061225860486
01031,Coffee,01,031,1758565928,3907189,678.9861034496645,0.00221687863622603
21225,Union,21,225,888050070,52667331,342.87805028911134,0.055986347168675364
18077,Jefferson,18,077,934204258,5992630,360.69828197280134,0.006373803270874047
18127,Porter,18,127,1082907706,268619697,418.1130044574336,0.1987526826342862
18115,Ohio,18,115,223126824,3369528,86.14974871892268,0.014876742915488546
19057,Des Moines,19,057,1077769233,35341938,416.12902893260394,0.03175059142407978
19193,Woodbury,19,193,2260790944,12793666,872.8962669751262,0.00562709034171374
19167,Sioux,19,167,1988881470,2802041,767.9114317166168,0.0014068706119844962
19131,Mitchell,19,131,1215368214,1118491,469.25629272196267,9.194436695467214e-4
20125,Montgomery,20,125,1666900085,20430012,643.5937234615093,0.01210789283989166
20021,Cherokee,20,021,1521791034,8951464,587.5668054227739,0.005847792173860453
20107,Linn,20,107,1538662703,31893232,594.0809932678841,0.020306969837403467
20091,Johnson,20,091,1226653398,16345313,473.6135266413,0.013149903419328646
20209,Wyandotte,20,209,392739382,11801597,151.63752373997394,0.029172809709347148
26005,Allegan,26,005,2137395690,2610802937,825.2530928617008,0.5498512471980461
26009,Antrim,26,009,1232002673,326536774,475.6788932736795,0.20951460332206787
26091,Lenawee,26,091,1941553343,30470381,749.6379396492208,0.015451325777255203
26001,Alcona,26,001,1747349240,2890404966,674.6553159838842,0.6232337544453299
27049,Goodhue,27,049,1959878210,59112990,756.7132103811597,0.029278478281628963
27155,Traverse,27,155,1486320973,31025234,573.8717382523881,0.020447036976051176
27071,Koochiching,27,071,8041150183,132757600,3104.7054552103928,0.016241631729208852
28039,George,28,039,1239816911,12838126,478.6959874448844,0.010248732189467098
28041,Greene,28,041,1845983901,15430619,712.7383716550667,0.00828972742729008
28141,Tishomingo,28,141,1098925142,52373918,424.29737109602934,0.04549114979734284
05071,Johnson,05,071,1711955744,59529090,660.9898107253852,0.03360406414859547
22027,Claiborne,22,027,1954908517,32473223,754.7944011789089,0.016339700796486136
01011,Bullock,01,011,1613083468,6030667,622.8150113894345,0.0037246707132230676
26097,Mackinac,26,097,2646654801,2793754478,1021.8791356608936,0.5135191737842045
26105,Mason,26,105,1281963205,1935616622,494.9687625977895,0.6015753224698471
26021,Berrien,26,021,1470546336,2625447249,567.7811168321584,0.6409793361529398
26027,Cass,26,027,1269375087,47139869,490.10846304660623,0.035806557901344495
29165,Platte,29,165,1087337874,16894639,419.82350189176543,0.015299892731921397
29127,Marion,29,127,1131623305,19113754,436.9222024610846,0.016610009950153173
29045,Clark,29,045,1306924726,18695976,504.60645977485376,0.014103563690422812
29129,Mercer,29,129,1175427717,3302140,453.8351805554628,0.002801439176576317
31055,Douglas,31,055,845585111,33326339,326.4822378913633,0.03791774359066548
31021,Burt,31,021,1273203888,14183704,491.5867713832353,0.011017431027096616
31161,Sheridan,31,161,6320009960,76575662,2440.169497303868,0.011971333852959093
31057,Dundy,31,057,2381956202,3046331,919.6784348159746,0.0012772862744796086
31133,Pawnee,31,133,1116478177,4852359,431.0746358255468,0.004327322626305434
31153,Sarpy,31,153,616409496,24667969,237.99703790144827,0.03847892079625666
31051,Dixon,31,051,1231852119,18379775,475.6207640490703,0.014701092723843118
29209,Stone,29,209,1201273286,121206420,463.8142105749443,0.09165087331782466
29091,Howell,29,091,2401376472,2920041,927.1766430123752,0.0012145095183607247
30067,Park,30,067,7258388275,27861797,2802.47939170068,0.003823887009734793
31083,Harlan,31,083,1433471190,53339808,553.4663228761552,0.03587531170522052
31025,Cass,31,025,1442361950,23289936,556.8990645169373,0.01589049638762584
31067,Gage,31,067,2205292883,21993061,851.4683457425924,0.009874376956064515
29119,McDonald,29,119,1397155461,520251,539.4447414642561,3.722258285904878e-4
29011,Barton,29,011,1533351028,12152201,592.0301440767237,0.007862941190917435
40143,Tulsa,40,143,1476917121,42925549,570.2408906820846,0.028243416142540594
40047,Garfield,40,047,2741521326,4075930,1058.5073058829885,0.0014845330978870996
40031,Comanche,40,031,2769531009,37661894,1069.3219049925365,0.013416211604037387
45081,Saluda,45,081,1172510653,23102147,452.70889584396156,0.019322431977978154
46115,Spink,46,115,3894043703,16165380,1503.4986851870092,0.0041341472174162
46069,Hyde,46,069,2229019814,14541548,860.6293650538394,0.006481457670958054
47179,Washington,47,179,845756030,8485270,326.5482300864625,0.009933106722889657
47079,Henry,47,079,1455320362,81582236,561.9023353813865,0.053082242235886964
36055,Monroe,36,055,1701477039,1838269506,656.9439600900097,0.5193223533466292
36011,Cayuga,36,011,1791207571,445691126,691.5891123206319,0.19924510957860334
40077,Latimer,40,077,1870249270,18237494,722.1072830411846,0.009657199800209985
48085,Collin,48,085,2178871854,115507424,841.2671293740693,0.050343648544754684
48099,Coryell,48,099,2725307438,11833644,1052.2470887028398,0.0043233591712975505
46087,McCook,46,087,1487184882,6895715,574.2052953834035,0.00461535677114479
55019,Clark,55,019,3133102389,23238613,1209.6976001549967,0.007362516592876045
55085,Oneida,55,085,2885102824,317602311,1113.9444324087822,0.09916689099135566
56043,Washakie,56,043,5798152470,10415890,2238.679193159227,0.001793194011751288
47051,Franklin,47,051,1436141691,55046635,554.4974090807599,0.03691460967083778
72077,Juncos,72,077,68609109,323994,26.490125186289465,0.004700122087932122
37179,Union,37,179,1638781797,17888591,632.7371917268655,0.010797917998399088
37187,Washington,37,187,897456201,195282199,346.5097777862377,0.17870901123269758
48143,Erath,48,143,2805419712,17166727,1083.1786107434239,0.006081913652955094
48139,Ellis,48,139,2423462949,41944384,935.704279490705,0.017013165913220718
48331,Milam,48,331,2632349434,11831398,1016.3558025614094,0.004474504109861122
56027,Niobrara,56,027,6801380673,4969450,2626.0277693939984,7.301196544690301e-4
60050,Western,60,050,72498512,196726219,27.99183208602387,0.7307137730968705
69100,Rota,69,100,85096796,539092797,32.856056751766545,0.8636683518047696
72011,Añasco,72,011,101768273,14586805,39.292950033245326,0.1253645758374207
72087,Loíza,72,087,50179424,119730395,19.37438399813497,0.7046702521647675
72129,San Lorenzo,72,129,137547961,256428,53.107564857151274,0.001860811559492492
72019,Barranquitas,72,019,88714044,77812,34.25268401812348,8.76341632052381e-4
37171,Surry,37,171,1379541810,10392706,532.6440727662031,0.007477119159475568
37033,Caswell,37,033,1101995790,8340796,425.4829549216848,0.007511952776452959
48281,Lampasas,48,281,1845440046,2749903,712.5283880647945,0.001487889814295273
48227,Howard,48,227,2333039148,8841781,900.791454601664,0.0037755040790120376
48131,Duval,48,131,4645084668,5478267,1793.477224084543,0.001177979327786476
48389,Reeves,48,389,6825534318,17396672,2635.353543902383,0.002542283712260556
48397,Rockwall,48,397,329469169,56264592,127.20875783174448,0.1458637995651099
48277,Lamar,48,277,2349976646,66748711,907.3310591658702,0.027619485518560725
72147,Vieques,72,147,131541389,552192821,50.788414433255504,0.8076132697821278
72101,Morovis,72,101,100676192,139537,38.87129520015941,0.0013840796608235607
72149,Villalba,72,149,92298567,3622640,35.63667609129169,0.03776683085316055
72117,Rincón,72,117,37005462,103924382,14.287888813079874,0.7374192651486934
72067,Hormigueros,72,067,29384895,481,11.345571433320485,1.636868624719997e-5
37005,Alleghany,37,005,608220278,3687222,234.83516314225537,0.0060257833087517315
37073,Gates,37,073,882181709,13292008,340.61226343086287,0.014843549003906721
48021,Bastrop,48,021,2300500051,19009784,888.2280389628045,0.008195603964748872
48253,Jones,48,253,2405076785,22097342,928.6053418546594,0.009104143684702354
48237,Jack,48,237,2359405672,23704614,910.9716264719517,0.009946922783749002
48199,Hardin,48,199,2306581582,18001144,890.576131218518,0.007743817330594756
48265,Kerr,48,265,2857617599,10231764,1103.332327665907,0.003567748059576168
48283,La Salle,48,283,3850545747,19503739,1486.7040304162015,0.005039661397239301
48207,Haskell,48,207,2339103809,18465208,903.1330333139368,0.007832308563121908
72133,Santa Isabel,72,133,88189167,111096016,34.050027874645444,0.5574725342224766
72135,Toa Alta,72,135,69972563,1405465,27.01655772086366,0.01969044311507177
72095,Maunabo,72,095,54816717,44549509,21.164852842374064,0.44833653036193605
48393,Roberts,48,393,2393298442,346846,924.0576981801577,1.4490283992320586e-4
48137,Edwards,48,137,5485263220,5196312,2117.8719778673885,9.464256989263609e-4
47039,Decatur,47,039,864741776,28501002,333.8786676278551,0.03190734109691285
47027,Clay,47,027,612608184,59089285,236.52934312709775,0.08797008731917673
48293,Limestone,48,293,2345053180,71830221,905.4300983081737,0.02972018466851972
48081,Coke,48,081,2361153198,42331832,911.6463500353534,0.017612688022442147
48011,Armstrong,48,011,2354617585,12183672,909.122935738585,0.005147737675043833
48319,Mason,48,319,2405674102,8755301,928.8359672386139,0.0036262402160615174
48435,Sutton,48,435,3765674775,1277066,1453.9351647986337,3.3901840371311503e-4
48195,Hansford,48,195,2382296646,1548341,919.8098809797619,6.495141288312301e-4
72027,Camuy,72,027,120058677,40429657,46.354914526441256,0.25191648509479825
72051,Dorado,72,051,59869070,79239770,23.11557724917732,0.5696242596804056
12021,Collier,12,021,5171811319,1575210652,1996.847521809077,0.23346754446192095
12011,Broward,12,011,3115520735,273292460,1202.90928556776,0.08064547801077598
47175,Van Buren,47,175,708142395,2893456,273.41530835605,0.004069353178086093
47133,Overton,47,133,1122727661,3486591,433.48757509735276,0.0030958505398136268
49001,Beaver,49,001,6689710369,5298466,2582.9116238024412,7.914053783321109e-4
50015,Lamoille,50,015,1194643959,12744800,461.25461310034586,0.010555672234811655
72031,Carolina,72,031,117529651,38717131,45.37845212493447,0.24779474178226596
12061,Indian River,12,061,1301540085,295514461,502.52743825348074,0.18503717467894173
12005,Bay,12,005,1964760713,1834028527,758.5983553360727,0.4827929140391058
02122,Kenai Peninsula,02,122,41485210464,22540897216,16017.529371660046,0.3520579031394276
36001,Albany,36,001,1354273423,26971925,522.8878939636827,0.019527251287437458
36037,Genesee,36,037,1276803034,6136678,492.9764094282904,0.004783294135024796
51173,Smyth,51,173,1169223433,3287728,451.4396931012926,0.0028040057181169978
51063,Floyd,51,063,986585627,2190752,380.9228416918209,0.0022156192709777505
51163,Rockbridge,51,163,1545053253,8821787,596.5483984270044,0.005677282132030385
51790,Staunton,51,790,51593819,147694,19.92048496284597,0.002854458469353225
72021,Bayamón,72,021,115097582,314191,44.43942503056288,0.002722347918526475
72143,Vega Alta,72,143,71816311,25307600,27.72843280631289,0.26057023177330657
13061,Clay,13,061,506093894,56546964,195.40394567836046,0.10050276867735049
13099,Early,13,099,1327626624,9702715,512.5995073104776,0.007255292108715189
36069,Ontario,36,069,1668148120,47853414,644.0755924708689,0.027886579966192503
37025,Cabarrus,37,025,935587431,6985702,361.2323280558702,0.007411310332776057
37059,Davie,37,059,682977541,7511429,263.6991038684695,0.010878419969547087
51135,Nottoway,51,135,814265583,4297830,314.3897004777744,0.005250454554581955
51540,Charlottesville,51,540,26535238,46120,10.245312710124034,0.0017350505568601874
51600,Fairfax,51,600,16163924,84155,6.2409259718220325,0.005179381513346901
72111,Peñuelas,72,111,115560336,60208304,44.61809534955006,0.3425429246081667
72043,Coamo,72,043,202052320,38061,78.01283720183888,1.8833652453750384e-4
13111,Fannin,13,111,1002597521,13473582,387.1050685522455,0.01326047159516552
13045,Carroll,13,045,1292752886,12024409,499.13468173849907,0.009215679216735604
37105,Lee,37,105,660622415,10710345,255.0677414309355,0.015953854240630234
37189,Watauga,37,189,809214845,2271720,312.43959962595966,0.0027994548498778906
51595,Emporia,51,595,17881071,165621,6.9039201377025625,0.009177360593287678
54079,Putnam,54,079,895304727,12224530,345.6790890274747,0.013470122208963672
54101,Webster,54,101,1433479488,7146543,553.4695267518797,0.004960720441126057
72099,Moca,72,099,130383563,56474,50.341375313654915,4.3294989252417953e-4
72055,Guánica,72,055,95960072,109853143,37.050391080947435,0.5337516495235741
72047,Corozal,72,047,110248542,16284,42.567200212232635,1.476808207179323e-4
13275,Thomas,13,275,1410592608,19645695,544.6328529463127,0.013735959216580986
13257,Stephens,13,257,463250304,13039270,178.86194303363786,0.027376769746381223
37069,Franklin,37,069,1273761680,7173998,491.80213607931245,0.005600591913562111
37195,Wilson,37,195,952012884,14332533,367.57423093951667,0.01483168724957072
54015,Clay,54,015,885617417,4862288,341.9387977110783,0.005460301871787185
55039,Fond du Lac,55,039,1863667256,119853823,719.5659532180862,0.060424779080454634
55015,Calumet,55,015,824263569,204161559,318.2499444688568,0.19851864121313068
55017,Chippewa,55,017,2611628499,85233303,1008.3554047989641,0.03160462391391014
72073,Jayuya,72,073,115340542,3091,44.533232411376716,2.679818486383206e-5
72089,Luquillo,72,089,66851394,53659425,25.811467627978676,0.44526645362853273
16081,Teton,16,081,1163139970,2868473,449.0908548962059,0.0024600790991013434
16075,Payette,16,075,1053849237,8872160,406.89346680782046,0.008348528621937589
37181,Vance,37,181,653701482,42190675,252.39555424984385,0.06062818006440041
13239,Quitman,13,239,391703076,24158295,151.23740375486668,0.05809218332038828
38101,Ward,38,101,5213719152,111244414,2013.0282266547865,0.02089111270362446
38027,Eddy,38,027,1632310789,36012924,630.2387215601492,0.021586292707691076
40069,Johnston,40,069,1665492483,39645099,643.0502452887717,0.023250381329053365
40063,Hughes,40,063,2083575253,26461993,804.4729058793745,0.0125410075344234
40057,Harmon,40,057,1391491971,3800411,537.2580557416461,0.0027237380845959495
72025,Caguas,72,025,151783114,1201073,58.60378817956731,0.00785096174678498
72063,Gurabo,72,063,72220853,1108805,27.884627346357306,0.0151208260101254
01093,Marion,01,093,1922657200,3183480,742.3420980196781,0.0016530339363274849
01019,Cherokee,01,019,1433620850,120310807,553.5241069254333,0.07742348671386903
04019,Pima,04,019,23798578895,5112015,9188.682718271948,2.1475724161131783e-4
38047,Logan,38,047,2570819036,47710154,992.5987829828252,0.018220210865779962
38103,Wells,38,103,3290664846,51166900,1270.5328051507263,0.015311034154021708
38025,Dunn,38,025,5201969430,190528746,2008.4916336102085,0.035332185525434656
41053,Polk,41,053,1918983619,8331775,740.9237204603372,0.004322995097708435
42107,Schuylkill,42,107,2016509897,10820294,778.5788270610201,0.005337213468252444
72057,Guayama,72,057,168445342,108210431,65.03711040216749,0.39113744067795037
04023,Santa Cruz,04,023,3201899628,3068237,1236.2603627406627,9.573378358974592e-4
05127,Scott,05,127,2312470680,14373451,892.8499246772601,0.006177229840411687
06059,Orange,06,059,2053499195,406256078,792.8604749187843,0.16516117780469944
06079,San Luis Obispo,06,079,8549140866,815650229,3300.8417552188753,0.08709753594348599
06095,Solano,06,095,2128287126,218615209,821.7362566260439,0.09315053538433674
06049,Modoc,06,049,10225876984,660504011,3948.233192268335,0.060672505518901326
39173,Wood,39,173,1598453880,8706879,617.1664958615061,0.0054175532542354715
39147,Seneca,39,147,1427151722,4576816,551.0263626307781,0.003196706553320096
39139,Richland,39,139,1282631596,12560134,495.22682980666974,0.009697509418161587
42065,Jefferson,42,065,1689810002,11296014,652.4392919025381,0.006640393893004726
42037,Columbia,42,037,1251636166,18574480,483.2594273309595,0.014623149363841815
72035,Cayey,72,035,134509880,68570,51.93455522054329,5.095169397477829e-4
72053,Fajardo,72,053,77458701,195342715,29.906971773345212,0.7160619540185964
08085,Montrose,08,085,5804023560,4923260,2240.9460336902707,8.475305683724611e-4
12087,Monroe,12,087,2546045482,11153864045,983.0336602704854,0.8141560367984757
08021,Conejos,08,021,3334423894,9235012,1287.4282681067143,0.0027619479915933745
39133,Portage,39,133,1262380877,43125138,487.4079834575302,0.033033274074957056
39153,Summit,39,153,1069129550,19007561,412.7932286638691,0.017467983407469686
39011,Auglaize,39,011,1039590219,1339586,401.388029157354,0.001286912905717019
42021,Cambria,42,021,1781816295,13645124,687.9631203710936,0.007599786804441494
42109,Snyder,42,109,851547200,7158854,328.78421333287207,0.008336792277931233
72069,Humacao,72,069,115821799,69096343,44.71904677863191,0.3736590810002839
72123,Salinas,72,123,179755401,115816412,69.40394861273687,0.3918384869804889
08061,Kiowa,08,061,4578603586,47032918,1767.808734719669,0.010167880238606833
08075,Logan,08,075,4761949507,16363553,1838.5989908602282,0.0034245460258729887
09120,Greater Bridgeport,09,120,363067866,253764138,140.1812873194282,0.41139911086714626
39127,Perry,39,127,1056544080,11790392,407.93395151120575,0.011036236599131288
39149,Shelby,39,149,1055922235,7802978,407.69385581346876,0.007335520400041509
39019,Carroll,39,019,1022040910,11183048,394.612203044485,0.010823450146904163
42047,Elk,42,047,2141664027,12792134,826.9011069973642,0.0059375234602418074
42121,Venango,42,121,1746337768,22149577,674.2647844598205,0.012524588916410935
46049,Faulk,46,049,2542625555,62622903,981.7132190684582,0.024037209505950317
46119,Sully,46,119,2607411018,164375674,1006.7270262747539,0.05930314712687855
35013,Doña Ana,35,013,9863137493,17594316,3808.178691245724,0.0017806693208668994
35035,Otero,35,035,17126455957,36944199,6612.561639568923,0.002152498844297178
48017,Bailey,48,017,2141847187,1775275,826.971825469005,8.281658881031076e-4
48295,Lipscomb,48,295,2414422645,298741,932.2137985884954,1.237165503780402e-4
49053,Washington,49,053,6287425956,7782767,2427.5887429753056,0.001236300072397139
05135,Sharp,05,135,1566013574,5209695,604.6412236411434,0.003315693639972436
08001,Adams,08,001,3021842651,43699739,1166.7399749828967,0.014255140996435545
08105,Rio Grande,08,105,2361956083,984295,911.9563456681519,4.165551569409933e-4
08121,Washington,08,121,6521806797,15207397,2518.083691967542,0.002326352146207379
08017,Cheyenne,08,017,4605713958,8166129,1778.2761079095305,0.00176990490563653
13169,Jones,13,169,1020304153,3820256,393.9416374152452,0.0037302655482357515
13037,Calhoun,13,037,726191502,8271470,280.3841075563243,0.011261929212681944
13173,Lanier,13,173,509030778,8418857,196.53788293467449,0.016269906152315675
36027,Dutchess,36,027,2060598611,76906718,795.6015747717141,0.03597966141023829
17073,Henry,17,073,2131719312,6804791,823.0614310544515,0.003182003415558417
50025,Windham,50,025,2035623287,32917039,785.9585482265343,0.01591317248508889
31109,Lancaster,31,109,2169269688,22850324,837.559712339991,0.010423847177578707
08079,Mineral,08,079,2268209075,5222161,875.760423378007,0.002297039346212273
12043,Glades,12,043,2089659352,467293938,806.821989645435,0.1827541941526824
18031,Decatur,18,031,964946132,1955432,372.5677859292095,0.0020223692595040628
18113,Noble,18,113,1064085737,17060235,410.845801569513,0.01577977020849503
13095,Dougherty,13,095,851183380,15352851,328.64374164499054,0.017717494607562462
17123,Marshall,17,123,1001865309,30343504,386.8223599174066,0.029396672085960963
21129,Lee,21,129,540843067,6309608,208.82067643476816,0.011531713703126828
22083,Richland,22,083,1439031396,22771218,555.6131304232633,0.015577491640742134
17055,Franklin,17,055,1059114972,58391305,408.9265784657466,0.05225143357293196
31121,Merrick,31,121,1263381767,23270576,487.7944292485359,0.018086141238231903
31151,Saline,31,151,1486832714,5800636,574.0693225578913,0.003886176065944125
31141,Platte,31,141,1748547661,24530571,675.1180289206734,0.013835018984091842
31035,Clay,31,035,1482222882,3234876,572.2894564650702,0.0021776963919562364
31099,Kearney,31,099,1336933473,404663,516.1929018129465,3.025883948919258e-4
18149,Starke,18,149,800679819,7929143,309.14420765099266,0.009805905416121273
18157,Tippecanoe,18,157,1292138881,11255447,498.89761308169716,0.00863548870683746
18023,Clinton,18,023,1049119199,461117,405.0671889187444,4.393346492599429e-4
18047,Franklin,18,047,995658286,17155846,384.4258149294199,0.016938790107640402
18117,Orange,18,117,1031795760,25416478,398.3785717007734,0.0240410364981038
22007,Assumption,22,007,891009957,67104891,344.0208690534138,0.07003846265411388
26049,Genesee,26,049,1649674145,32748546,636.9427508180443,0.019465111933633567
26073,Isabella,26,073,1483287235,12943517,572.7004054574613,0.008650749212779179
36007,Broome,36,007,1827626589,25078245,705.6505738385439,0.013536017470120123
36117,Wayne,36,117,1563913376,2018184725,603.8303326567408,0.5634085578048774
31135,Perkins,31,135,2287768804,2840175,883.3124769955507,0.0012399213597948618
32019,Lyon,32,019,5187884295,59489121,2003.0533325616439,0.011336933029886738
32510,Carson City,32,510,374341371,32594082,144.53401195163792,0.08009644222372535
18015,Carroll,18,015,964057410,7236323,372.22464844529594,0.007450190147577118
19165,Shelby,19,165,1530103550,1486125,590.7762858061008,9.703153685728523e-4
19023,Butler,19,023,1502550827,4194983,580.1381199396244,0.002784134505076208
19179,Wapello,19,179,1118466908,10822775,431.8424891604714,0.009583701297304776
19087,Henry,19,087,1124800190,5774829,434.287783021088,0.0051078689188691516
26037,Clinton,26,037,1469427624,18687990,567.3491797124473,0.012558157326074532
26035,Clare,26,035,1461703749,28496979,564.366974890734,0.019122913084498237
26165,Wexford,26,165,1463148676,27182043,564.9248643265967,0.01823893358263388
26051,Gladwin,26,051,1299620412,36677056,501.7862483615272,0.02744677504694636
26085,Lake,26,085,1470061186,17483127,567.593799369194,0.011753012563868409
36089,St. Lawrence,36,089,6939939683,366960962,2679.5257024539997,0.050221151186872336
36079,Putnam,36,079,596350119,41229629,230.25206911182332,0.06466583847641284
33001,Belknap,33,001,1040780145,176540721,401.8474621562933,0.14502398334803537
35027,Lincoln,35,027,12512530054,554839,4831.114881956407,4.434070453005437e-5
19183,Washington,19,183,1473258541,5339036,568.8283050412471,0.003610878364100011
19031,Cedar,19,031,1500798732,6385833,579.4616322754533,0.004236928341951273
19101,Jefferson,19,101,1128002432,3522238,435.5241755743974,0.0031128247517572902
19079,Hamilton,19,079,1493725535,1956182,576.7306556350587,0.0013078865495017614
19047,Crawford,19,047,1849765413,2171717,714.1984216066475,0.001172673178165611
27141,Sherburne,27,141,1121327043,47058538,432.9467934621012,0.04027654805507224
27067,Kandiyohi,27,067,2065166105,168381165,797.3650940712816,0.07538732994892022
27039,Dodge,27,039,1138031312,804838,439.39634780561346,7.067197506858208e-4
37149,Polk,37,149,615606321,1964035,237.68693029902337,0.003180261132870827
17095,Knox,17,095,1855428863,8837382,716.3850918851712,0.004740407666395312
17081,Jefferson,17,081,1479490501,32550293,571.2344782587998,0.021527390748427123
17181,Union,17,181,1070731267,22540420,413.4116550574113,0.020617400293107564
19065,Fayette,19,065,1892806760,1354955,730.8167786562417,7.153322703494722e-4
20015,Butler,20,015,3702946932,43541269,1429.7158091189685,0.011621888729925298
20063,Gove,20,063,2775601942,245369,1071.6659053375572,8.83942711933985e-5
20055,Finney,20,055,3372157854,1716371,1301.9974315712107,5.087240618757802e-4
20151,Pratt,20,151,1903740948,1771939,735.0384922617984,9.299013468178134e-4
27131,Rice,27,131,1284233685,52063538,495.8453998302154,0.038961046318061535
27001,Aitkin,27,001,4717323619,449370012,1821.3688391077935,0.08697438712134856
27019,Carver,27,019,916541649,57071065,353.87871048519486,0.058617830456967515
37071,Gaston,37,071,921389647,20549066,355.7505329850743,0.021815714458271768
37011,Avery,37,011,640602137,445285,247.33786884966767,6.946209979454531e-4
17009,Brown,17,009,791828626,4144346,305.72674291437863,0.005206641614459241
17169,Schuyler,17,169,1132602759,10510632,437.30037176618686,0.009194741381522317
20115,Marion,20,115,2445722725,24432825,944.298827087275,0.009891209077906046
20093,Kearny,20,093,2254696659,1133601,870.543250372463,5.025205220892816e-4
20029,Cloud,20,029,1852726652,6859888,715.3417623810703,0.003688931841806082
20049,Elk,20,049,1668637027,16060833,644.2643605196487,0.00953336107401478
20027,Clay,20,027,1671314415,26701337,645.2981058098297,0.015725023144543833
27009,Benton,27,009,1057499903,12286827,408.30299683616306,0.01148530511310418
27017,Carlton,27,017,2230473957,36173451,861.1908128072093,0.01595901103644436
27101,Murray,27,101,1825079944,38432252,704.6673087030786,0.020623558076246686
28117,Prentiss,28,117,1074806610,8324262,414.98515379279155,0.007685370452629846
37143,Perquimans,37,143,640173980,211755191,247.1725565071129,0.2485596199874696
38087,Slope,38,087,3147520241,10980611,1215.2643639559578,0.0034765262111760863
50001,Addison,50,001,1984788915,107311072,766.3312873908571,0.051293471950105224
51710,Norfolk,51,710,137981432,111701531,53.27492894658474,0.4473734597582455
20111,Lyon,20,111,2194958230,20561826,847.4781138955811,0.009280812396310801
20061,Geary,20,061,996243012,51658044,384.6515789010768,0.04929668092633356
20207,Woodson,20,207,1289344338,19254559,497.81863399295156,0.014713873780683768
20053,Ellsworth,20,053,1853331065,19969761,715.5751275459528,0.010660199751601455
20165,Rush,20,165,1858997546,544720,717.7629681001237,2.929323038038437e-4
28129,Smith,28,129,1647926077,2599432,636.2678179872718,0.0015749117392162644
28155,Webster,28,155,1090793736,5364867,421.1578176749152,0.004894243392623358
28105,Oktibbeha,28,105,1186834308,9566078,458.2392899797493,0.0079957162434416
28161,Yalobusha,28,161,1209914676,72140595,467.15066992006643,0.05626948902423724
28061,Jasper,28,061,1751636189,3130850,676.3105162529511,0.0017841969506016005
39001,Adams,39,001,1512221265,6250108,583.8718969403759,0.004116052571772784
39111,Monroe,39,111,1180317743,4495411,455.7232301569262,0.00379419403373707
51740,Portsmouth,51,740,86248205,34658275,33.30061825380587,0.2866535772110808
53073,Whatcom,53,073,5459563206,1028031790,2107.949146947818,0.15846115403841401
53039,Klickitat,53,039,4847515944,84930636,1871.6363770165585,0.01721876448583859
53069,Wahkiakum,53,069,680980771,61564427,262.92814665828,0.08291000624045515
20141,Osborne,20,141,2311604929,4806274,892.5156563460658,0.0020748794487677152
20075,Hamilton,20,075,2580958332,2893322,996.513587070149,0.0011197709417724955
21207,Russell,21,207,655971056,76673438,253.27184167371271,0.10465299149576357
21077,Gallatin,21,077,254547580,16452438,98.28137048197249,0.06071009928862809
28035,Forrest,28,035,1207042886,10872917,466.0418655977608,0.008927478380046934
28063,Jefferson,28,063,1346620554,18988092,519.9331047119483,0.013904490174119767
29109,Lawrence,29,109,1584393363,4247256,611.7376998759183,0.0026735159287778476
39029,Columbiana,39,029,1377658470,7277033,531.9169111240318,0.00525442014031465
39025,Clermont,39,025,1172125418,19874908,452.5601557783219,0.016673575976857577
17103,Lee,17,103,1877142078,9779872,724.7686110990239,0.005182976434186904
53023,Garfield,53,023,1841054896,19294817,710.8352721775053,0.010371607480662966
21073,Franklin,21,073,538480614,10617911,207.90852822837294,0.019336986927801347
21045,Casey,21,045,1150621984,3842017,444.25763346171357,0.0033279660488954475
29077,Greene,29,077,1749093453,6607713,675.3287603908295,0.0037635749909845423
29003,Andrew,29,003,1120510438,9677371,432.63150050766643,0.008562622002233967
39107,Mercer,39,107,1197732213,28431995,462.4469946406317,0.023187754800293437
39171,Williams,39,171,1089504756,6298923,420.660139712611,0.005748222168544116
39085,Lake,39,085,594129618,1942308103,229.39472887925623,0.7657621895933001
54053,Mason,54,053,1115683500,36124377,430.76780931927834,0.03136319669395697
17051,Fayette,17,051,1855578066,22920396,716.4426994857621,0.012201445177440874
17105,Livingston,17,105,2702983877,5975815,1043.627913579989,0.0022059445984551032
21227,Warren,21,227,1403057985,15127045,541.7237187305996,0.010666481932897006
21215,Spencer,21,215,483473768,12916810,186.6702661684044,0.02602146489573378
21043,Carter,21,043,1060593553,6782466,409.4974617837047,0.006354336128288076
21001,Adair,21,001,1049702545,18391917,405.29242006942036,0.01721937305578877
29187,St. Francois,29,187,1170380016,7218075,451.8862522959082,0.0061294893862051955
29061,Daviess,29,061,1458893649,14926594,563.281989210684,0.010127825337516416
29175,Randolph,29,175,1250220618,13254192,482.71288119045795,0.010490270083026032
29137,Monroe,29,137,1677352687,58366943,647.6294956722002,0.03362694181202525
39051,Fulton,39,051,1050103237,4586248,405.44712811614846,0.004348434364072569
40007,Beaver,40,007,4700407073,7347161,1814.8373241560453,0.0015606509250074843
41027,Hood River,41,027,1352455749,29044350,522.1860861059555,0.02102377699503878
17143,Peoria,17,143,1602412932,29919375,618.6950943905881,0.01832921818167506
17137,Morgan,17,137,1473595803,9053547,568.9585226279611,0.0061063305359422984
17173,Shelby,17,173,1964529416,24746071,758.5090510647519,0.012439740579782251
13015,Bartow,13,015,1188576997,27365982,458.9121459670027,0.022505974764134067
13297,Walton,13,297,846460833,8234411,326.82035604719573,0.009634324114713337
29103,Knox,29,103,1305380284,7303439,504.0101473825304,0.005563746142375226
29221,Washington,29,221,1968043965,6791224,759.8660260253705,0.0034388814002442813
29035,Carter,29,035,1314052440,4304986,507.35848554670963,0.003265416430399809
29017,Bollinger,29,017,1600364576,8530122,617.9042197143685,0.0053018522657845195
42085,Mercer,42,085,1741866411,25964036,672.5383838636169,0.014686949217364622
42117,Tioga,42,117,2936765818,8279717,1133.8916259885518,0.0028114054270471575
42115,Susquehanna,42,115,2132840100,22389171,823.494169722247,0.010388301282494971
54029,Hancock,54,029,213958963,13877476,82.61001778347939,0.06090981785402642
54069,Ohio,54,069,274098976,8274294,105.83020671021616,0.02930268151797796
54009,Brooke,54,009,231015796,8732461,89.19569784895923,0.0364234597959976
13177,Lee,13,177,921632944,15408829,355.8444704823161,0.01644412174994892
13065,Clinch,13,065,2110829178,23303279,814.9957051926223,0.010919321771038507
30103,Treasure,30,103,2532492074,17149960,977.8006601651953,0.006726418756555533
30107,Wheatland,30,107,3684208396,13010928,1422.48081989257,0.0035191117593542038
30021,Dawson,30,021,6143260044,29884287,2371.925972941729,0.004841015436805604
42057,Fulton,42,057,1133252799,1305486,437.5513536143274,0.0011506557373559701
46053,Gregory,46,053,2628707540,99900744,1014.9496594212151,0.03661234358401589
17203,Woodford,17,203,1366366882,39858698,527.5572046064613,0.028344455233135498
17079,Jasper,17,079,1281043617,9334509,494.61370768460284,0.007233933071181029
55105,Rock,55,105,1860044982,20695798,718.1673854022727,0.011004067237804031
05063,Independence,05,063,1978003734,20251226,763.711514350201,0.010134455515126057
13119,Franklin,13,119,676873327,12752556,261.34225365745885,0.018491991548408863
13187,Lumpkin,13,187,732820607,3275562,282.9436193162432,0.004449910402943559
30017,Custer,30,017,9798723729,25612454,3783.3083978262293,0.002607041689424239
31137,Phelps,31,137,1397985736,1709313,539.7653124352192,0.0012212038623850272
31081,Hamilton,31,081,1403851005,7017550,542.0299054655889,0.0049739218973520885
31097,Johnson,31,097,974059399,1675330,376.08643800332516,0.0017169933079219117
46039,Deuel,46,039,1612885713,35935421,622.7386577567672,0.021794614503042875
46021,Campbell,46,021,1900214169,96243697,733.676795271762,0.048207226728420226
47069,Hardeman,47,069,1729509838,6768751,667.7674843370902,0.003898424505654029
06029,Kern,06,029,21068705434,78332288,8134.672678225818,0.0037041730870186226
55123,Vernon,55,123,2050138652,64286576,791.5629620074316,0.030403806740807577
13321,Worth,13,321,1478083952,10525439,570.6914066516367,0.0070706520217028515
31131,Otoe,31,131,1594435564,8815511,615.6150153740089,0.005498521808257637
32009,Esmeralda,32,009,9277050177,18552010,3581.88911254071,0.001995783557298223
33011,Hillsborough,33,011,2270202107,41309760,876.5299373383222,0.01787131642703351
48489,Willacy,48,489,1529680708,502856285,590.6130255965269,0.2474032633756841
48271,Kinney,48,271,3523765249,11885327,1360.5333742653104,0.0033615671980363705
48443,Terrell,48,443,6107081791,259482,2357.9574713103893,4.248690033863775e-5
05149,Yell,05,149,2409688595,46994485,930.3859716575531,0.019129241937059296
05111,Poinsett,05,111,1963975402,13892744,758.2951450626356,0.007024100179830693
13293,Upson,13,293,837774877,10585407,323.4666896732074,0.012477490047141339
13207,Monroe,13,207,1025872450,5643846,396.0915689149305,0.005471407501641642
33003,Carroll,33,003,2413515422,159620276,931.8635178285182,0.06203336890629854
34029,Ocean,34,029,1627263273,742151361,628.2898647294943,0.31322139669033544
18095,Madison,18,095,1170470191,2546731,451.9210690581937,0.002171094851434718
18069,Huntington,18,069,991031147,13127296,382.6392665665143,0.013072932953470173
18085,Kosciusko,18,085,1376439342,59432000,531.4462031698138,0.04139089503466112
18107,Montgomery,18,107,1307030257,2067987,504.64720552190954,0.0015797034405005282
18049,Fulton,18,049,954133332,7439345,368.39294049266095,0.007736643498658813
20173,Sedgwick,20,173,2582220576,31390123,997.0009422051012,0.012010251952217004
20167,Russell,20,167,2295402858,34126776,886.2600017351431,0.014649642357801404
20123,Mitchell,20,123,1817632930,44979980,701.7920005115081,0.024148860860198806
20057,Ford,20,057,2844508247,2097356,1098.270778541415,7.36791917289007e-4
20133,Neosho,20,133,1480129690,16350961,571.4812705124011,0.01092627625293633
20205,Wilson,20,205,1477388031,12046473,570.4227100502894,0.008087950807939656
20203,Wichita,20,203,1861078196,61987,718.566311559501,3.330592749874554e-5
20153,Rawlins,20,153,2769775705,415527,1069.4163826467002,1.4999939181094052e-4
21221,Trigg,21,221,1143304981,103337186,441.4325227980777,0.08289241992245237
48177,Gonzales,48,177,2762704899,8204086,1066.6863291765703,0.0029607923047678163
48367,Parker,48,367,2340620308,16513787,903.718556853601,0.0070058750730513705
48325,Medina,48,325,3432668368,23757602,1325.3606717343605,0.006873458944645066
48303,Lubbock,48,303,2319597736,13210797,895.6016963938946,0.005663043843127095
18059,Hancock,18,059,792425277,2769690,305.95711115429447,0.003483032608278568
21201,Robertson,21,201,257938637,1333016,99.59066491463803,0.005141387361772249
20197,Wabaunsee,20,197,2057320865,13845234,794.3360299609099,0.006684753099562972
17147,Piatt,17,147,1137492089,754122,439.1881526405469,6.625297696686117e-4
17035,Cumberland,17,035,895989975,2538006,345.9436647604674,0.0028246265599601843
21113,Jessamine,21,113,445767041,6121602,172.1116174240337,0.013546704691137812
21157,Marshall,21,157,782500003,98537659,302.124941423476,0.11184273187177327
48497,Wise,48,497,2342372276,47035843,904.3949954827978,0.019685144042987993
48031,Blanco,48,031,1836953707,10813186,709.2517942456956,0.005852029301403876
48231,Hunt,48,231,2176679797,107761746,840.4207714313436,0.04717203043790033
48493,Wilson,48,493,2081662650,12111507,803.7344457296927,0.005784533618159468
21021,Boyle,21,021,467067884,6486677,180.3359189179286,0.013697845051480773
21223,Trimble,21,223,382723828,21257574,147.77049670614315,0.052620179777483914
17037,DeKalb,17,037,1635155504,8560431,631.3370721664705,0.005207974697890849
17135,Montgomery,17,135,1822745310,15472187,703.7659014726747,0.008416951217824252
17065,Hamilton,17,065,1125731581,3172088,434.64739509807015,0.00280988368370694
08041,El Paso,08,041,5507392242,7065030,2126.416041062119,0.0012811831974604518
08089,Otero,08,089,3268424308,20092555,1261.945685387512,0.006109913932954645
08073,Lincoln,08,073,6676289550,22780358,2577.7298165964544,0.003400525492769645
12051,Hendry,12,051,2993896404,86578552,1155.9498686499755,0.028105585416744416
48375,Potter,48,375,2352718727,35190085,908.3897825630936,0.014736779236777657
48279,Lamb,48,279,2631897589,3973764,1016.1813442308866,0.0015075712991369195
48149,Fayette,48,149,2460316901,25574662,949.9336699655106,0.010287923407703363
48019,Bandera,48,019,2048663920,17291422,790.9935647966877,0.008369697857680023
48335,Mitchell,48,335,2359720442,12480258,911.0931598488811,0.005261046419891875
48009,Archer,48,009,2339508191,57767717,903.2891660776356,0.02409723336693208
21103,Henry,21,103,741386195,12616890,286.25081134542665,0.016733207397951165
21039,Carlisle,21,039,490706561,24648733,189.46286316913964,0.047828620928069866
54035,Jackson,54,035,1202685109,18828941,464.3593184848996,0.015414428511894725
55101,Racine,55,101,861457778,1190182837,332.6107089063459,0.5801127294411649
12003,Baker,12,003,1515738969,9686120,585.2300900533095,0.006349784115816388
13299,Ware,13,299,2329020700,22655225,899.2399231486817,0.009633650946186388
13129,Gordon,13,129,923183222,5728607,356.4430361668457,0.0061670083436950185
48193,Hamilton,48,193,2165008743,1238628,835.9145522714949,5.717851140094933e-4
48145,Falls,48,145,1982623104,21693054,765.4950630854249,0.010823169744660613
48095,Concho,48,095,2547914005,25740025,983.7551010369507,0.010001353989292803
48249,Jim Wells,48,249,2240795374,8723372,865.1759342060298,0.0038778836653446586
48129,Donley,48,129,2401014207,15563758,927.0367717133527,0.006440412113912493
21149,McLean,21,149,654037067,9610577,252.5251243432354,0.014481445217034478
22093,St. James,22,093,616057914,38773983,237.86129133180185,0.05921211715195358
55059,Kenosha,55,059,704044388,1248872159,271.83305900131353,0.6394907969408485
55127,Walworth,55,127,1438566003,54811390,555.4334411806757,0.03670297291021065
13097,Douglas,13,097,518530105,2424099,200.20559360871195,0.004653190206331457
45037,Edgefield,45,037,1296776326,16307326,500.68814061346455,0.012419106715068599
21081,Grant,21,081,668154249,7246883,257.97579880772423,0.010729746600424708
21199,Pulaski,21,199,1704469885,49351326,658.0995043954063,0.028139314139016876
22095,St. John the Baptist,22,095,555484724,506440074,214.4738518296667,0.4769076632863413
23019,Penobscot,23,019,8798661091,414021728,3397.1820530758423,0.04494040836249483
26015,Barry,26,015,1432533268,61999481,553.1041891659656,0.04148419032067661
55093,Pierce,55,093,1486700541,48452323,574.0182902770866,0.0315618881586505
55063,La Crosse,55,063,1170175855,73149624,451.80742529280343,0.058833849410722165
45011,Barnwell,45,011,1420294945,23008122,548.3789462198687,0.015941296409647275
45023,Chester,45,023,1503905790,14249301,580.6612740807574,0.009385932362558603
21091,Hancock,21,091,486076270,29131626,187.67509781222546,0.0565434385345678
21169,Metcalfe,21,169,750193213,3985177,289.651220019119,0.005284130456190876
26057,Gratiot,26,057,1472098902,8369164,568.3805659184303,0.005653052701509605
26155,Shiawassee,26,155,1375198039,25833543,530.9669334001959,0.018438944083703033
51700,Newport News,51,700,178698611,131131002,68.99591971098245,0.4232358577035049
55061,Kewaunee,55,061,886951790,1921336269,342.4540020087351,0.6841663777483591
55117,Sheboygan,55,117,1324828370,1967670377,511.5190953966159,0.5976222098164401
17063,Grundy,17,063,1082945365,32126925,418.1275446786802,0.02881151768196123
46003,Aurora,46,003,1834902863,11201379,708.4599589473017,0.00606757665421149
46035,Davison,46,035,1128285086,3404449,435.6333088943536,0.0030082888413384508
46029,Codington,46,029,1780837050,76608858,687.5850317613429,0.04124419326024325
46061,Hanson,46,061,1125562874,2003166,434.58225696094894,0.0017765398468368202
46077,Kingsbury,46,077,2155483577,81655106,832.2368651037431,0.03649979619971553
46043,Douglas,46,043,1118358780,4832944,431.80074070610596,0.004302866462360081
13081,Crisp,13,081,706237950,21408088,272.67999802779013,0.029421019124686004
13227,Pickens,13,227,601031054,1690669,232.05938822653277,0.00280505735148358
13225,Peach,13,225,389233785,2678496,150.28400516589247,0.006834427319209219
51735,Poquoson,51,735,39773690,163429842,15.356707623482903,0.804266738828142
51800,Suffolk,51,800,1033837942,77026744,399.1670625822566,0.06933944788303406
51169,Scott,51,169,1387786258,8105326,535.8272719476973,0.0058065583981628185
55065,Lafayette,55,065,1640985415,2539010,633.5880133966639,0.001544856870624238
55095,Polk,55,095,2368076577,109026970,914.3194816223287,0.04401389281123984
46065,Hughes,46,065,1920546198,153323261,741.527035587538,0.07393100869228819
46097,Miner,46,097,1476734132,4537900,570.1702382339131,0.0030635156149360146
13167,Johnson,13,167,784815230,9256633,303.0188555692592,0.011657172897461045
13091,Dodge,13,091,1284538002,18529136,495.9628972812655,0.014219632634155186
51115,Mathews,51,115,222508058,430071655,85.91084182973658,0.6590331363855928
51013,Arlington,51,013,67332992,273562,25.997413656070464,0.004046382840338231
55031,Douglas,55,031,3378048824,454292862,1304.2719478131964,0.11854184705387462
55009,Brown,55,009,1372931372,221810752,530.0917683753064,0.1390887897559543
47011,Bradley,47,011,851489209,6959141,328.7618228825067,0.008106650796171953
13235,Pulaski,13,235,645583957,5046606,249.2613603128138,0.007756484688838695
13125,Glascock,13,125,372299245,1832723,143.74554269187567,0.0048986003783563345
51510,Alexandria,51,510,38682332,1069028,14.935331942258731,0.02689286605540037
53003,Asotin,53,003,1647427910,11291731,636.0754746324895,0.006807498217837766
17029,Coles,17,029,1316418028,4650074,508.27184418337674,0.0035199351138371516
56007,Carbon,56,007,20455066929,171534313,7897.745525935042,0.008316169541820632
56005,Campbell,56,005,12437291886,11010427,4802.065262770899,8.84492256305633e-4
56011,Crook,56,011,7393068933,28186052,2854.479884675918,0.0037980169199104807
02060,Bristol Bay,02,060,1248248809,949842637,481.9515614762863,0.43212152921503155
47043,Dickson,47,043,1268833489,3679792,489.89935088890945,0.0028917513513951293
47017,Carroll,47,017,1547925981,6308712,597.6575649131361,0.004059047213662988
13011,Banks,13,011,602473935,4635947,232.6164876973759,0.007636092143201188
13243,Randolph,13,243,1109126226,6830041,428.2360316636204,0.0061203482627155675
13043,Candler,13,043,629520842,15018189,243.05935691364758,0.02330066648826423
17199,Williamson,17,199,1088338986,62470432,420.21003339745073,0.05428390750274517
17167,Sangamon,17,167,2248704829,22747766,868.2297918666112,0.010014633829503274
53051,Pend Oreille,53,051,3626617235,65406812,1400.244748228766,0.01771570584789314
05119,Pulaski,05,119,1964159826,126989205,758.3663515674068,0.06072699894529899
47113,Madison,47,113,1443073935,3757608,557.1739634633842,0.002597128890491711
47177,Warren,47,177,1120619163,3524883,432.67347946502144,0.003135615059780337
13003,Atkinson,13,003,887636776,4701677,342.7184765829619,0.005268939138723858
13159,Jasper,13,159,954167637,13100766,368.4061857272626,0.013544085549954638
18179,Wells,18,179,953341278,5596377,368.08712673235834,0.005836017566752032
18055,Greene,18,055,1404983933,8919619,542.4673314136077,0.006308505970851398
18131,Pulaski,18,131,1123212804,2224821,433.674889857602,0.0019768496721442024
18139,Rush,18,139,1057069253,838340,408.13672194092317,7.924510661868366e-4
18011,Boone,18,011,1095260015,876741,422.8822576443498,7.998463651555537e-4
05137,Stone,05,137,1570673289,8145444,606.4403496680159,0.005159201515504187
05125,Saline,05,125,1873898608,17955554,723.5163003258587,0.00949098210668524
47101,Lewis,47,101,730614739,1024940,282.0919289165846,0.001400880828936015
47153,Sequatchie,47,153,688550847,498315,265.85096935387463,7.231922299326445e-4
16001,Ada,16,001,2724708181,22156242,1052.015714280695,0.008066012219053011
16045,Gem,16,045,1449796226,12491930,559.7694545391927,0.008542728017554974
18133,Putnam,18,133,1244585885,5585892,480.5372986076654,0.0044680995866058495
19169,Story,19,169,1482882549,2862354,572.5441553187059,0.0019265447212508458
19003,Adams,19,003,1096686253,5367876,423.4329312169426,0.004870791605191654
19013,Black Hawk,19,013,1465303202,17928724,565.7567314691523,0.012087606587831767
19055,Delaware,19,055,1496193387,3185375,577.6834986230245,0.0021244631981788735
05115,Pope,05,115,2100355867,50772506,810.9519371922983,0.023602731774297506
05053,Grant,05,053,1636581698,2896901,631.8877287505684,0.0017669648153790876
47095,Lake,47,095,429381241,72799687,165.78502464934104,0.14496704860922158
47061,Grundy,47,061,933545795,1755421,360.4440479861664,0.0018768509758892477
16053,Jerome,16,053,1547629732,12908802,597.5431825343136,0.008272017459839284
16051,Jefferson,16,051,2832619467,31166194,1093.68049490266,0.010882865440815544
19077,Guthrie,19,077,1529656727,6355531,590.603766480626,0.004137682474145984
19075,Grundy,19,075,1299799697,92512,501.8554706872977,7.116897798100427e-5
19147,Palo Alto,19,147,1460400553,14428727,563.8638081001221,0.009783320141297982
19083,Hardin,19,083,1474498036,1783759,569.3068767381595,0.0012082781255187123
19035,Cherokee,19,035,1494181144,423160,576.906567254112,2.831251046631537e-4
19151,Pocahontas,19,151,1495047199,3666528,577.240952960363,0.0024464498682742765
05023,Cleburne,05,023,1434747668,98885396,553.9591737892541,0.06447787174207663
05059,Hot Spring,05,059,1592697300,18725599,614.9438678888139,0.01162053673906492
05097,Montgomery,05,097,2021363886,52979164,780.4529626989406,0.02554021332199609
47169,Trousdale,47,169,296143586,5960709,114.34167824940971,0.019730633091462668
48291,Liberty,48,291,3000121460,46620493,1158.353376218215,0.0153017530592293
16047,Gooding,16,047,1888935206,12470063,729.3219632939627,0.0065583404039678194
18063,Hendricks,18,063,1053849437,4880780,406.89354402825245,0.004610031830233481
18017,Cass,18,017,1067448399,7002034,412.144132631343,0.0065168515782058414
19009,Audubon,19,009,1147262317,1152260,442.96045877585306,0.0010033484623732706
19011,Benton,19,011,1854696287,5857896,716.102242709146,0.0031484683722322964
19175,Union,19,175,1097235795,5575854,423.6451105701991,0.005056034731820284
19067,Floyd,19,067,1296471923,2023930,500.57060995762873,0.001558672671402055
19039,Clarke,19,039,1116573604,1524746,431.1114803963771,0.001363695778640582
19093,Ida,19,093,1117614339,1391966,431.51331042795135,0.0012439304352266363
06031,Kings,06,031,3602601921,3164290,1390.9723836182877,8.775638282778284e-4
06103,Tehama,06,103,7638229380,33767224,2949.1368628296013,0.0044013606552425425
08087,Morgan,08,087,3316441489,34663098,1280.485222692722,0.010343782803577416
08119,Teller,08,119,1442988176,4960197,557.1408517282376,0.003425672553312783
48121,Denton,48,121,2275817772,188973111,878.6981577251262,0.07666902385243853
48217,Hill,48,217,2483430145,69544766,958.8577434004426,0.027240677415337124
18005,Bartholomew,18,005,1053968861,6715105,406.93965389261825,0.006330919685081767
18057,Hamilton,18,057,1021441624,20942536,394.38081742537736,0.02009099601053032
18143,Scott,18,143,493140263,6074951,190.40252076833866,0.012169002125003346
19029,Cass,19,029,1461422459,1787165,564.2583682141242,0.0012214005229916395
19121,Madison,19,121,1452999047,2983840,561.0060706456527,0.0020493647464140835
19197,Wright,19,197,1503260259,4703964,580.4120331672566,0.0031194135300118457
19037,Chickasaw,19,037,1306192614,3455450,504.3237897502309,0.0026384569221185824
20085,Jackson,20,085,1699600349,4666513,656.2193660272029,0.0027381351501042095
20045,Douglas,20,045,1180428103,48875040,455.76584039131296,0.03975832997605864
20077,Harper,20,077,2075290349,3899269,801.2740865488919,0.001875379218058408
20017,Chase,20,017,2002198770,12091093,773.0532700130939,0.006002657920341229
20041,Dickinson,20,041,2193895358,12632458,847.0677367204892,0.005725039090103181
39143,Sandusky,39,143,1057351023,24514231,408.2455139465699,0.02265922757881639
40067,Jefferson,40,067,1965685985,39417590,758.9556048539373,0.01965863035279861
40009,Beckham,40,009,2335328722,5521744,901.6754640687345,0.0023588623366598248
40001,Adair,40,001,1486345557,8864933,573.8812301878916,0.005928886306836973
47139,Polk,47,139,1125622665,19906879,434.6053423952025,0.01737788353366118
48181,Grayson,48,181,2416024350,120093895,932.8322203488116,0.04735342890134052
18019,Clark,18,019,964737730,10702951,372.4873214668438,0.010972426318151478
18153,Sullivan,18,153,1158231909,17922659,447.19584194228537,0.015238353433832006
20043,Doniphan,20,043,1019096302,12433564,393.4752835350865,0.012053518186743417
20157,Republic,20,157,1857998455,7951912,717.3772169069039,0.004261588164740289
40025,Cimarron,40,025,4752131819,15923999,1834.8083603164046,0.0033397257934533685
20119,Meade,20,119,2533222394,3258258,978.0826382947473,0.0012845585860987675
20099,Labette,20,099,1671560706,20006201,645.3931992969389,0.011827023168407254
21083,Graves,21,083,1429042910,13030079,551.7565544027017,0.009035658457922894
21105,Hickman,21,105,627634138,27735813,242.3308964238098,0.042320849403728614
23005,Cumberland,23,005,2165729697,987482231,836.1929141682157,0.31316709867526543
48197,Hardeman,48,197,1800337387,4548860,695.1141539993948,0.0025203028764615547
18171,Warren,18,171,944543937,4442757,364.6904543692691,0.004681579866282087
18141,St. Joseph,18,141,1185646711,9336371,457.78075621274087,0.007812973372287459
18003,Allen,18,003,1702000525,7347978,657.146079165383,0.004298700930268987
20005,Atchison,20,005,1116736556,6851102,431.17439651556697,0.006097523367420257
34017,Hudson,34,017,119640823,41836491,46.19358019444182,0.25908587382126014
01079,Lawrence,01,079,1788864400,68682236,690.6844089360874,0.03697470344426927
21041,Carroll,21,041,333331142,22186244,128.6998739492278,0.06240551059857309
23013,Knox,23,013,945723205,2017077723,365.1457722913862,0.6808009623385672
21037,Campbell,21,037,391916807,20943964,151.31992575564342,0.050728878767704474
21023,Bracken,21,023,524900457,16279752,202.6652002764028,0.030081942630684783
27135,Roseau,27,135,4329782924,16924046,1671.7385396481166,0.0038935327632633123
27063,Jackson,27,063,1820689902,42120424,702.9723040040222,0.02261122531484185
34039,Union,34,039,266163571,6841269,102.76632969858046,0.02505914913449886
13109,Evans,13,109,473694904,10295112,182.89462565484374,0.021271331349116095
40053,Grant,40,053,2591904426,7042653,1000.7398976080237,0.002709810083054792
40071,Kay,40,071,2381778880,65545215,919.6099704087443,0.026782400881808832
40115,Ottawa,40,115,1219410535,35714103,470.8170415918127,0.02845462667110834
01037,Coosa,01,037,1685846963,39991153,650.9091539841438,0.02317201864372313
21015,Boone,21,015,637830301,26513521,246.26765698267107,0.039909336283404165
28045,Hancock,28,045,1227561217,204095552,473.9640375181646,0.14255899627573373
28147,Walthall,28,147,1046169275,1236552,403.92821689026295,0.0011805853740013612
13255,Spalding,13,255,507561203,9375991,195.97047685277008,0.018137582493241915
13247,Rockdale,13,247,336228519,5899671,129.8185574675034,0.017244036511577722
40085,Love,40,085,1331031195,47500219,513.9140195277345,0.03445711756554864
41057,Tillamook,41,057,2857229733,593692069,1103.1825717654842,0.17203869083788645
01127,Walker,01,127,2048757782,36683003,791.0298051176374,0.01759004775577936
22023,Cameron,22,023,3327199807,1688890170,1284.6390325113848,0.3366945524789178
28095,Monroe,28,095,1981578016,18140832,765.0915523511478,0.009071691262070856
29149,Oregon,29,149,2045687598,4528441,789.8444004433843,0.0022087628395536124
35023,Hidalgo,35,023,8905805092,23581028,3438.550583301908,0.0026408341719240157
35031,McKinley,35,031,14118189399,12689169,5451.063423418818,8.979745271277884e-4
35015,Eddy,35,015,10816688004,56493049,4176.346603291343,0.005195632145241718
40045,Ellis,40,045,3189509979,952235,1231.476692499089,2.9846302389087003e-4
41037,Lake,41,037,21078901114,568489460,8138.609252297337,0.026261338892401877
22019,Calcasieu,22,019,2755958086,77914414,1064.0813701035922,0.027493972999843852
27169,Winona,27,169,1621791131,40051875,626.1770588830118,0.024100877673399194
29133,Mississippi,29,133,1066029407,44515175,411.59625675500206,0.04008409542625638
29173,Ralls,29,173,1216743024,36381069,469.7871098326668,0.029032295527016094
36085,Richmond,36,085,148982680,117441532,57.52253456299664,0.4408065284997446
36087,Rockland,36,087,449840998,66919666,173.68458102182012,0.12949837451249965
41059,Umatilla,41,059,8327976997,41618632,3215.449907665599,0.004972597703023389
41063,Wallowa,41,063,8147835329,14191752,3145.896820529793,0.0017387533585910679
27055,Houston,27,055,1429966784,43313922,552.1132641497464,0.02939963974523128
27115,Pine,27,115,3655344666,60270933,1411.3364713915093,0.016220981798068933
29510,St. Louis,29,510,159853177,11534970,61.71965693587549,0.06730319571049449
29005,Atchison,29,005,1417462628,7359186,547.2853825081281,0.0051649868970914
36003,Allegany,36,003,2666409356,12990521,1029.5064120178777,0.004848294990050117
36101,Steuben,36,101,3601398422,35039875,1390.5077100547296,0.009635767786547431
41029,Jackson,41,029,7208589508,46774848,2783.251980192496,0.006446933014648451
42039,Crawford,42,039,2621988043,65390015,1012.355247114842,0.024332272418963092
42083,McKean,42,083,2537396002,13034578,979.6940773588882,0.0051107362428190455
48147,Fannin,48,147,2307251053,20847065,890.834615417731,0.008954547421699346
48501,Yoakum,48,501,2071252477,34329,799.715055447552,1.657375497229909e-5
48359,Oldham,48,359,3886337114,2339716,1500.523154527235,6.016740660858671e-4
29147,Nodaway,29,147,2271326611,2361588,876.9641107617445,0.0010386595668828557
29097,Jasper,29,097,1653723332,7163884,638.5061506653254,0.004313287459249129
30075,Powder River,30,075,8542288818,1565958,3298.196164685081,1.8328471644893043e-4
36083,Rensselaer,36,083,1689859764,33525770,652.4585051182281,0.019453435890335144
36033,Franklin,36,033,4219857155,176622254,1629.2959627884004,0.04017356561216639
42007,Beaver,42,007,1125854807,24162294,434.69497292284854,0.021010378001326782
45045,Greenville,45,045,2035563102,24968466,785.9353106680297,0.012117487733631267
46083,Lincoln,46,083,1495182130,1179561,577.2930501109252,7.882860187443813e-4
49009,Daggett,49,009,1803965918,61230034,696.5151376564239,0.032827668285653665
49027,Millard,49,027,17574316025,133292861,6785.4813792387695,0.007527434215321081
50003,Bennington,50,003,1746264294,6898408,674.2364159897105,0.003934836163312354
30101,Toole,30,101,4959475398,78025726,1914.8641640477035,0.015488974410003527
31029,Chase,31,029,2316548821,7962797,894.4245037264843,0.003425578490698686
31129,Nuckolls,31,129,1489645187,1718484,575.1552244583672,0.001152290372507002
31145,Red Willow,31,145,1857462671,2164642,717.1703495471659,0.0011640192552925793
13117,Forsyth,13,117,581793050,58413050,224.63155332644192,0.09124100816908805
13155,Irwin,13,155,917795237,21756147,354.36272351984934,0.02315588840641844
46007,Bennett,46,007,3068208298,15044356,1184.6418514432555,0.004879378269725151
46135,Yankton,46,135,1349873612,28676585,521.1891174326245,0.02080198824997883
46101,Moody,46,101,1345185721,3690537,519.3791125912895,0.0027360085686970407
46011,Brookings,46,011,2051833292,32942236,792.2172661719951,0.01580133475166157
50021,Rutland,50,021,2410114034,38760900,930.5502345744368,0.01582804391594136
50011,Franklin,50,011,1634181032,150651912,630.9608264223299,0.08440672977627424
31127,Nemaha,31,127,1054904339,5966167,407.30084396912866,0.005623840955382353
31147,Richardson,31,147,1429261305,7077610,551.840877183953,0.0049275348081758265
31095,Jefferson,31,095,1476765697,14202851,570.1824255485961,0.009525922608529767
24047,Worcester,24,047,1213156432,586531107,468.40231891412935,0.3259071890478873
01063,Greene,01,063,1675782054,33416150,647.0230708782021,0.019550775282700918
24510,Baltimore,24,510,209649328,28758743,80.94605840080887,0.12062822738916419
25001,Barnstable,25,001,1020973582,2360362409,394.20010539816764,0.6980561574722256
26139,Ottawa,26,139,1459508867,2765824532,563.5195262094061,0.6545813716509522
46031,Corson,46,031,6396478610,155287098,2469.6942082475202,0.02370156457371293
51520,Bristol,51,520,33336229,322409,12.871190025931007,0.009578789254633535
51025,Brunswick,51,025,1466554906,8366820,566.2400170873372,0.005672721373961237
32005,Douglas,32,005,1840283025,72182210,710.5372511170997,0.037743018110339664
32013,Humboldt,32,013,24969535383,44194899,9640.791547652285,0.0017668255994509887
33019,Sullivan,33,019,1393091317,36932078,537.8755666869666,0.025826205451694725
26153,Schoolcraft,26,153,3035145674,1844210517,1171.8763008988342,0.3779618549680092
26061,Houghton,26,061,2613558395,1275354760,1009.1005418133002,0.3279463205189523
46019,Butte,46,019,5827498556,42750488,2250.009780353817,0.007282568027279082
46013,Brown,46,013,4436728204,46414569,1713.0303432668281,0.010353132021477113
16017,Bonner,16,017,4489032921,478907927,1733.225307483073,0.09639968382328855
16071,Oneida,16,071,3105269247,3995240,1198.9511639068921,0.0012849469759502
18025,Crawford,18,025,791534795,8201106,305.6132941305792,0.010254767842415517
19053,Decatur,19,053,1377569409,4138626,531.8825244795526,0.002995297049133828
19185,Wayne,19,185,1360957548,4272458,525.4686490644493,0.0031294785356483002
26059,Hillsdale,26,059,1549207167,22939100,598.1522335952045,0.01459094518207446
26017,Bay,26,017,1145834941,487713370,442.409345819002,0.29856072619085217
47181,Wayne,47,181,1901333937,4023436,734.1091401153542,0.002111643756186835
47047,Fayette,47,047,1823539295,3696802,704.0724607962484,0.002023166029868553
16009,Benewah,16,009,2012242914,18803193,776.9313357076815,0.009257885842765852
17163,St. Clair,17,163,1703526434,41843531,657.7352359263735,0.023974018024310394
19133,Monona,19,133,1797639076,12591063,694.0723302937183,0.0069555040150615895
19155,Pottawattamie,19,155,2463783967,20387189,951.272311637262,0.008206837500209667
26151,Sanilac,26,151,2493048508,1624879474,962.5714141312078,0.39458666618322613
26011,Arenac,26,011,940627660,822313309,363.1783713600846,0.4664440406455833
47099,Lawrence,47,099,1598359119,2218403,617.1299084347144,0.0013860015959914248
47115,Marion,47,115,1290472798,36484703,498.2543348365191,0.02749500490596345
17149,Pike,17,149,2153190724,45251530,831.3515896076897,0.020583451722539534
17101,Lawrence,17,101,963938126,5076516,372.1785926352326,0.005238843439478183
19139,Muscatine,19,139,1132964480,30262337,437.44003302563436,0.026015852246294973
19089,Howard,19,089,1225702840,931480,473.24651414421555,7.593787201388594e-4
19191,Winneshiek,19,191,1786686738,745729,689.843608933956,4.172068113161335e-4
27047,Freeborn,27,047,1831756443,39305226,707.2451193887724,0.02100691102341213
27045,Fillmore,27,045,2230843181,2055817,861.333370991164,9.20694129847068e-4
27157,Wabasha,27,157,1354362716,68875490,522.922370183863,0.04839350834571399
47125,Montgomery,47,125,1396441788,12068782,539.169190777363,0.008568471019709848
47131,Obion,47,131,1411149165,27448111,544.8477408062222,0.019079774067360323
17075,Iroquois,17,075,2894039689,4241183,1117.3949752896547,0.001463344371131743
17131,Mercer,17,131,1453604388,19411909,561.2397941133397,0.013178339601221669
17201,Winnebago,17,201,1328792562,15873992,513.0496784908007,0.01180515121223131
19043,Clayton,19,043,2016211326,36692127,778.4635481529818,0.017873284272760196
19007,Appanoose,19,007,1287997902,49093607,497.29877214493763,0.03671671435316848
19059,Dickinson,19,059,985574546,60680641,380.5324611337017,0.05799793564129781
38011,Bowman,38,011,3009070655,13583664,1161.8086797387216,0.004493952191163544
38029,Emmons,38,029,3906739847,121497556,1508.4006938101375,0.030161468613919228
38009,Bottineau,38,009,4322321780,74690378,1668.857775833024,0.01698662075885031
47137,Pickett,47,137,422090560,29845401,162.9700769667629,0.06603900458366047
47171,Unicoi,47,171,481902934,825726,186.06376376787213,0.0017105385870397668
17151,Pope,17,151,955362039,14662240,368.8673469194704,0.015115333004979352
17071,Henderson,17,071,981068795,42565932,378.7927809398043,0.041583126165277116
17083,Jersey,17,083,957143526,20333974,369.55518289833066,0.02080249826722354
20039,Decatur,20,039,2314199321,1631670,893.5173567013686,7.045721412059642e-4
20201,Washington,20,201,2317414334,10139473,894.7586801653645,0.004356278668835087
20013,Brown,20,013,1478550072,3196147,570.8713765904947,0.002157013771330568
38013,Burke,38,013,2858360397,65734594,1103.6191235782126,0.022480320988997583
38019,Cavalier,38,019,3856816538,53639348,1489.1251963667323,0.013716904003964513
39053,Gallia,39,053,1208305869,12087309,466.5295060622093,0.009904438354702111
17089,Kane,17,089,1345145418,12474709,519.3635515159317,0.00918865944302548
17091,Kankakee,17,091,1752101352,12458977,676.490116692042,0.007060669332320686
51079,Greene,51,079,403900921,1680243,155.94701805772775,0.004142803337878876
51760,Richmond,51,760,155205067,6849165,59.925011624570786,0.04226464755329561
51680,Lynchburg,51,680,126848431,1422888,48.97645321227537,0.011092799318606836
51011,Appomattox,51,011,865635017,3206454,334.2235499074301,0.003690493728746058
46109,Roberts,46,109,2851720399,89929974,1101.055406007464,0.030571265309237348
46102,Oglala Lakota,46,102,5422402222,7126155,2093.6012107545976,0.001312481398971423
48079,Cochran,48,079,2007453830,229068,775.0822600304612,1.140957071598266e-4
17021,Christian,17,021,1837552893,16227346,709.4831412545872,0.008753651408407316
54091,Taylor,54,091,447475053,7532835,172.7710845466819,0.0165553943099993
51183,Sussex,51,183,1269679003,6740704,490.22580567069014,0.00528094635568017
51620,Franklin,51,620,21438217,227442,8.277341892034176,0.010497811305901196
13147,Hart,13,147,601970611,63521436,232.42215321375414,0.09545033075353943
51820,Waynesboro,51,820,38771593,364644,14.969795807169925,0.009317298441339671
72059,Guayanilla,72,059,109480895,56910875,42.27081004735118,0.3420293864293889
48077,Clay,48,077,2819871856,72506820,1088.7586147596585,0.025068232110006056
48357,Ochiltree,48,357,2376792063,1331778,917.6845495931043,5.600120469083678e-4
50019,Orleans,50,019,1798880704,71408888,694.5517255465383,0.03818065838865022
55025,Dane,55,025,3098910671,106205565,1196.4961039782384,0.03313626002298907
55027,Dodge,55,027,2268049874,81331258,875.6989555280196,0.034618162584273277
55047,Green Lake,55,047,905314776,79202662,349.5439905689142,0.08044820634248634
13115,Floyd,13,115,1320461799,22356808,509.83315290135886,0.016649164588169875
16057,Latah,16,057,2786483033,2369979,1075.86711807672,8.498041990030846e-4
72061,Guaynabo,72,061,71444635,468302,27.58492789986178,0.006512068892416395
72131,San Sebastián,72,131,182394907,2060665,70.42306758088965,0.011171606136137758
50007,Chittenden,50,007,1390433438,217071279,536.84935386382665,0.13503616922823625
51650,Hampton,51,650,133282615,219667964,51.460705553048676,0.622375984259258
55113,Sawyer,55,113,3257170151,239930110,1257.6004310598955,0.06860830176238404
55097,Portage,55,097,2074252976,56835087,800.8735545927798,0.02666951590916025
55033,Dunn,55,033,2201902877,35572577,850.1594571032971,0.015898532847100452
55139,Winnebago,55,139,1125861145,372630325,434.69742003833915,0.24867030107285162
16055,Kootenai,16,055,3205836473,184444919,1237.7803870990758,0.054404014792173924
17195,Whiteside,17,195,1771808920,31883751,684.0992512668302,0.017676931060723926
17177,Stephenson,17,177,1461392058,1350223,564.2466303223555,9.230764828079787e-4
72109,Patillas,72,109,120704457,74065750,46.60425157937984,0.38027248181750917
72007,Aguas Buenas,72,007,77919500,28383,30.084887262609428,3.6412791351883155e-4
51089,Henry,51,089,990284625,5269785,382.35103280976466,0.005293316916751944
17133,Monroe,17,133,997924034,33755285,385.30062512642434,0.0327187764437488
55115,Shawano,55,115,2313441748,41883059,893.2248561296478,0.017782285855234913
55055,Jefferson,55,055,1441308425,67985724,556.4922962387355,0.045044714474673286
55053,Jackson,55,053,2558687749,32538319,987.914866867535,0.012557113175815735
18091,LaPorte,18,091,1549560917,38773767,598.288817234334,0.024411584907504294
18135,Randolph,18,135,1171656772,2420288,452.3792105454075,0.002061438795167329
18111,Newton,18,111,1040539826,4349506,401.75467447128426,0.004162647532896814
19189,Winnebago,19,189,1037261957,3182049,400.4890821699142,0.0030583567992605648
72041,Cidra,72,041,93297947,1120363,36.022538868035724,0.011865950576747244
72121,Sabana Grande,72,121,94050242,25323,36.31300159255558,2.691772300277973e-4
51077,Grayson,51,077,1144218747,9792930,441.7853298244884,0.008485988656074925
51683,Manassas,51,683,25493247,146287,9.842997734236693,0.0057055249132063005
51530,Buena Vista,51,530,16674752,219579,6.438157766053056,0.01299720006669693
55131,Washington,55,131,1115362170,12999404,430.64374311217875,0.011520601462807346
55073,Marathon,55,073,4002033765,80653069,1545.1938813927368,0.01975489972151021
55005,Barron,55,005,2235297630,69178273,863.0532433720448,0.030019091503600763
56031,Platte,56,031,5390953617,76102033,2081.458836432492,0.013920113105122681
48431,Sterling,48,431,2391722770,167451,923.4493278173749,7.000781161686936e-5
19005,Allamakee,19,005,1655186561,51091699,639.0711065429219,0.029943356952810266
20129,Morton,20,129,1889993632,507796,729.7306238588509,2.686038701050904e-4
20191,Sumner,20,191,3060505681,8512878,1181.6678543812613,0.0027738111830688346
72105,Naranjito,72,105,70969175,898340,27.40135176682858,0.012499945211685697
72153,Yauco,72,153,175373919,1623262,67.71224894817084,0.009171117815712556
54097,Upshur,54,097,918506904,302703,354.63749968580936,3.2945127880013557e-4
54089,Summers,54,089,933918959,18481563,360.5881274126317,0.019405242409138452
01061,Geneva,01,061,1487908432,11567409,574.4846596013317,0.007714301680436344
01057,Fayette,01,057,1625693253,4330881,627.6836766161204,0.002656942869534225
05113,Polk,05,113,2219200783,12520930,856.8382159748147,0.005610435175256997
20037,Crawford,20,037,1527499257,13573629,589.7707626533111,0.008807908518351545
51075,Goochland,51,075,730451416,21934893,282.0288695534933,0.029153764146976256
51049,Cumberland,51,049,770454314,5917833,297.4740748808846,0.007622417963945839
51750,Radford,51,750,25061727,858278,9.676386930117555,0.033112570773038044
72081,Lares,72,081,159155345,485277,61.45022249330026,0.003039809002999249
72093,Maricao,72,093,94852003,12228,36.62256324652611,1.2890000657887586e-4
39135,Preble,39,135,1098741137,6062721,424.2263263680632,0.005487599410609589
39081,Jefferson,39,081,1057037102,7335056,408.12430837037437,0.006891439187758235
05033,Crawford,05,033,1541738662,26917846,595.2686276821117,0.01715980895927281
05077,Lee,05,077,1553493435,57858191,599.8071709287004,0.03590662029716411
51021,Bland,51,021,926296565,2561891,357.6451046242259,0.0027581069897693864
51720,Norton,51,720,19366553,88961,7.4774679466673994,0.004572534038422218
32029,Storey,32,029,683238145,1881143,263.79972363579583,0.002745716013179883
12109,St. Johns,12,109,1555652804,572113480,600.6409079640173,0.2688798503398036
39013,Belmont,39,013,1378201569,23693388,532.1266028210708,0.01690097241715094
39007,Ashtabula,39,007,1819252261,1724330055,702.417227708498,0.4866064623966252
08081,Moffat,08,081,12284943822,19803411,4743.243346175992,0.0016094122556934282
08095,Phillips,08,095,1781724977,301808,687.9278622940391,1.6936221303766766e-4
08103,Rio Blanco,08,103,8342275014,4868111,3220.9704029142063,5.832068441979663e-4
09160,Northwest Hills,09,160,2037392865,55597912,786.6417861147702,0.026563859053259458
53001,Adams,53,001,4985698849,12464425,1924.9890951236416,0.0024938010858586448
55049,Iowa,55,049,1975379654,13870580,762.6983513939697,0.006972767811171211
13285,Troup,13,285,1072278217,82757751,414.0089357939521,0.07164950122141997
13053,Chattahoochee,13,053,644225832,6277089,248.73698531665067,0.009649593871693007
40139,Texas,40,139,5286923168,19169341,2041.2924553591577,0.0036127038809605494
40003,Alfalfa,40,003,2244392664,38546676,866.5648556454757,0.01688466939292395
40105,Nowata,40,105,1465460409,38903890,565.8174294314325,0.025860684161316965
41011,Coos,41,011,4133733922,544707632,1596.0435964937444,0.11642929076121146
12085,Martin,12,085,1408493389,542089457,543.8223399559249,0.27791152686062326
12111,St. Lucie,12,111,1481145187,300766786,571.8733560976593,0.16878880133098473
13145,Harris,13,145,1201270819,23680869,463.8132580609154,0.019332084058485743
55119,Taylor,55,119,2525374175,24630990,975.0524239860407,0.009659192200106779
55078,Menominee,55,078,926217566,19022479,357.61460293968145,0.020124495466122577
55137,Waushara,55,137,1621749748,29096948,626.1610808173211,0.017625469445770998
55129,Washburn,55,129,2064515987,145563867,797.1140821071726,0.0658636233150334
17127,Massac,17,127,614218330,12784614,237.15102397574722,0.020390038232420166
05031,Craighead,05,031,1831541697,14320048,707.1622054943032,0.007757920136104234
41025,Harney,41,025,26248072909,241568254,10134.437648188421,0.009119347918438997
42073,Lawrence,42,073,925634970,11380404,357.38966136562556,0.01214537596263602
42015,Bradford,42,015,2971688854,35331261,1147.375485624818,0.011749592503141603
13295,Walker,13,295,1155874769,1672676,446.28574509666663,0.001445017227781968
13101,Echols,13,101,1088849471,809587,420.40713275864084,7.429727620361781e-4
69120,Tinian,69,120,108237606,632893009,41.7907734788434,0.853956099222807
72083,Las Marías,72,083,120071823,376224,46.35999022543771,0.0031235375696876183
02164,Lake and Peninsula,02,164,61724231553,25989628379,23831.85913209408,0.2963001331733481
05005,Baxter,05,005,1434675033,84916246,553.9311292588565,0.05588097745328005
06035,Lassen,06,035,11762090640,462950977,4541.368603199374,0.03786907165667443
45033,Dillon,45,033,1049143220,4515866,405.0764634787318,0.004285889107779212
46027,Clay,46,027,1067132267,13978087,412.0220733832715,0.01292938038034922
46091,Marshall,46,091,2170620943,124689684,838.0814348143143,0.054323664315087054
17179,Tazewell,17,179,1674346567,29712323,646.4688262467306,0.01743620667945343
54061,Monongalia,54,061,932633985,14990435,360.09199617558085,0.015818962326867855
72065,Hatillo,72,065,108200656,43988738,41.77650700402832,0.28903944515345137
72003,Aguada,72,003,79923635,38025989,30.85868811520794,0.3223917780356807
08007,Archuleta,08,007,3496712165,13740247,1350.0881200959957,0.003914095788061633
37157,Rockingham,37,157,1465006551,18434917,565.6421938772614,0.012427127997745847
38033,Golden Valley,38,033,2592280438,4148883,1000.8850766534409,0.0015979187133821464
38001,Adams,38,001,2557733897,2894336,987.5465825499352,0.0011303226148565238
38095,Towner,38,095,2655029702,42795048,1025.1127030274772,0.015862797611297767
46121,Todd,46,121,3596439528,5855476,1388.5930703697054,0.0016254848627050423
47161,Stewart,47,161,1190814528,86082696,459.776061519356,0.06741552443064909
48165,Gaines,48,165,3891102467,1262946,1502.3630676140945,3.244674808233376e-4
48421,Sherman,48,421,2390195607,425429,922.8596868842756,1.7795752383733312e-4
17099,LaSalle,17,099,2939993576,33775236,1135.137870324578,0.011357720836840897
17113,McLean,17,113,3064597289,7804856,1183.2476330682755,0.0025403106857940306
54051,Marshall,54,051,791063472,17411505,305.43131530218227,0.021536232407103926
72029,Canóvanas,72,029,85130269,362179,32.86898074937101,0.004236385885218774
72071,Isabela,72,071,143256003,94636772,55.311452203197376,0.39781272045777766
38081,Sargent,38,081,2223461624,21731925,858.483335888686,0.009679310280255931
39155,Trumbull,39,155,1599521858,47808460,617.5788444742275,0.029021781167752416
40065,Jackson,40,065,2078860497,4114418,802.6525284035089,0.0019752604653906743
50013,Grand Isle,50,013,211782350,288954848,81.76962280251404,0.577058882691595
51590,Danville,51,590,110858220,2327667,42.80259820498789,0.020564993231002377
17057,Fulton,17,057,2242109835,43927321,865.6834504374749,0.01921548863924065
17109,McDonough,17,109,1526339604,2012552,589.323018125064,0.0013168116995151476
55071,Manitowoc,55,071,1526285247,2343354900,589.3020307699483,0.6055743715127421
72075,Juana Díaz,72,075,156119307,121326507,60.27800166340533,0.43729802677794233
72119,Río Grande,72,119,157008571,74876349,60.62134841468963,0.32290305467039426
40129,Roger Mills,40,129,2955524813,13688537,1141.1345144790432,0.004610156087301709
40041,Delaware,40,041,1910774948,140487351,737.7543348558243,0.06848824310205878
51810,Virginia Beach,51,810,633818768,654697226,244.7187954261257,0.5081017457669214
51071,Giles,51,071,925207239,11232364,357.224513502591,0.011994755416169643
17107,Logan,17,107,1600748259,2262329,618.0523605494558,0.0014113000980377805
56037,Sweetwater,56,037,27005754360,166230245,10426.980093074559,0.00611770716848601
02230,Skagway,02,230,1123980973,28784118,433.97148156781105,0.024969630174201726
05101,Newton,05,101,2126576327,5935911,821.0757134366756,0.0027835296296198795
05037,Cross,05,037,1596255187,15389371,616.3175757448461,0.009548861703785183
72107,Orocovis,72,107,164788359,402899,63.62514136647963,0.0024389849976201527
44003,Kent,44,003,436588773,50686111,168.56786832341044,0.10401954351499061
46099,Minnehaha,46,099,2089707837,18182409,806.8407098086667,0.008625880324890502
53063,Spokane,53,063,4569319084,43407377,1764.2239684421716,0.009410351419492074
08097,Pitkin,08,097,2514104903,6472577,970.7013337242746,0.002567894481069473
08014,Broomfield,08,014,85387137,1502572,32.96815803902728,0.017292864912230286
12027,DeSoto,12,027,1649031786,6243548,636.6947346205953,0.00377190904241433
51065,Fluvanna,51,065,743630407,10747024,287.1173064463115,0.014246216228597645
51840,Winchester,51,840,23809500,54462,9.192899380502945,0.002282186000799029
51775,Salem,51,775,37593968,275156,14.515112250901847,0.007265972141314914
51730,Petersburg,51,730,58845730,577678,22.720463464677692,0.009721387908280185
48169,Garza,48,169,2313937114,7209242,893.4161180122796,0.0031058972138334217
48275,Knox,48,275,2203098613,12587673,850.6211333557865,0.005681162120980876
48353,Nolan,48,353,2362061742,5052159,911.9971408362841,0.0021343117447224186
48417,Shackelford,48,417,2367989254,3268209,914.2857660234037,0.0013782598688651972
48507,Zavala,48,507,3360268878,11208707,1297.4070722564322,0.0033245681507326407
29105,Laclede,29,105,1980373787,8720826,764.6265969330129,0.004384319349619595
29117,Livingston,29,117,1378657549,16187907,532.3026576840257,0.011605520117205012
31111,Lincoln,31,111,6641091556,28437984,2564.139795082456,0.004263866563517762
31117,McPherson,31,117,2225470204,2671077,859.2588529653862,0.0011987915769870788
31071,Garfield,31,071,1474624515,5255328,569.3557105532647,0.0035511856079791203
31085,Hayes,31,085,1846829891,562429,713.0650102214755,3.0444480791172717e-4
31077,Greeley,31,077,1475843024,2150066,569.8261795102457,0.0014547199270058834
37067,Forsyth,37,067,1056347047,11644850,407.8578766442981,0.010903500328710828
37107,Lenoir,37,107,1033630006,5900299,399.0867780434976,0.005675927841276354
48247,Jim Hogg,48,247,2942674729,92565,1136.1730692893916,3.145508657403204e-5
38003,Barnes,38,003,3863120989,56577967,1491.5593585159716,0.014434263354177856
38057,Mercer,38,057,2700790031,180823535,1042.780864900499,0.0627507925189994
29051,Cole,29,051,1014104092,19106873,391.5477804704971,0.018492712182937392
31107,Knox,31,107,2870314748,81551358,1108.2347243217064,0.0276270518619519
31007,Banner,31,007,1932231568,392060,746.0387821859103,2.0286412435396346e-4
39165,Warren,39,165,1039665901,15705152,401.41725014103343,0.014881166159860555
39157,Tuscarawas,39,157,1469987545,10363043,567.5653664200233,0.00700039780036214
37077,Granville,37,077,1377850209,14503653,531.990941966104,0.010416642920907129
37097,Iredell,37,097,1487784717,59453449,574.436892972597,0.03842553157391543
38073,Ransom,38,073,2233792872,3582338,862.4722530578422,0.0016011342147658819
38093,Stutsman,38,093,5754703472,197271625,2221.903441177973,0.033143892873381084
31177,Washington,31,177,1009909970,8467982,389.9284209066443,0.008315166273356241
31031,Cherry,31,031,15436585720,128192827,5960.0990908027725,0.008236084221365826
31043,Dakota,31,043,684472406,8143543,264.2762744740024,0.011757660232568511
31157,Scotts Bluff,31,157,1915608705,15369467,739.6206588748419,0.00795942037194608
32017,Lincoln,32,017,27540342252,9802713,10633.385632930127,3.55813481651493e-4
39109,Miami,39,109,1053040428,7924793,406.58118390582564,0.00746941826474819
39103,Medina,39,103,1091571148,4196171,421.4579781273898,0.0038294361651791515
39169,Wayne,39,169,1436897058,5040384,554.7890579111155,0.003495563575219236
40059,Harper,40,059,2689919590,5259447,1038.583764149341,0.001951427689143161
41067,Washington,41,067,1875855589,6118186,724.2718949172006,0.0032509411561805635
48173,Glasscock,48,173,2331552974,2245302,900.2176396100043,9.620805804383069e-4
48413,Schleicher,48,413,3394546068,87401,1310.6415693570175,2.5746815023816642e-5
26143,Roscommon,26,143,1346526240,155723123,519.8966898728222,0.10365996940016675
26113,Missaukee,26,113,1462793671,23588781,564.7877961292563,0.015869926995074616
26111,Midland,26,111,1341248824,26442920,517.859068155564,0.01933397647240605
34037,Sussex,34,037,1342876715,43884322,518.4876003870443,0.03164519396574307
37045,Cleveland,37,045,1202400604,10177696,464.24947048984507,0.00839343405700069
37145,Person,37,145,1016154886,31205409,392.339596463783,0.029794340256138887
39089,Licking,39,089,1767478814,12761091,682.4273879868406,0.00716818613275608
39067,Harrison,39,067,1042032638,21847163,402.3310524090825,0.020535367791986118
39003,Allen,39,003,1042587388,11152061,402.5452425823887,0.010583319254663303
39129,Pickaway,39,129,1298084314,13880987,501.1931576056276,0.010580300400795432
42077,Lehigh,42,077,894428133,7453862,345.3406341905586,0.008264786348240603
42013,Blair,42,013,1359916303,3294803,525.0666221207734,0.0024169426037525255
26125,Oakland,26,125,2246536802,103196194,867.3927119587923,0.04391826397964069
26133,Osceola,26,133,1466674406,17425113,566.2861562954671,0.01174120251163561
26067,Ionia,26,067,1479710874,22590323,571.3195647501237,0.015037146375914124
38079,Rolette,38,079,2338867335,94423046,903.0417301917333,0.03880467647317758
38023,Divide,38,023,3266310795,86676913,1261.1296534528478,0.025850650389559974
39015,Brown,39,015,1267911780,8879057,489.5434770530413,0.006954198559932178
39041,Delaware,39,041,1147743708,36698376,443.1463248807977,0.03098368125866085
39057,Greene,39,057,1071296931,6803805,413.6300591496926,0.006310917684040984
39027,Clinton,39,027,1058609496,9329331,408.73141309027636,0.008735829023285431
42069,Lackawanna,42,069,1188509485,15908159,458.88607943797115,0.013208174987512887
42093,Montour,42,093,337556585,5174320,130.33132661883658,0.015097325407523433
20181,Sherman,20,181,2735193251,548248,1056.0640224563194,2.0040197518676452e-4
26025,Calhoun,26,025,1829210177,31256789,706.2620005860258,0.016800507384015548
26077,Kalamazoo,26,077,1455457976,47507421,561.9554684440442,0.03160912493050563
27007,Beltrami,27,007,6486994906,1425755980,2504.642745655858,0.18018461601294497
27151,Swift,27,151,1921840373,26237086,742.0267193505638,0.013468194438976875
38015,Burleigh,38,015,4228659157,92691314,1632.6944347736578,0.02144961734116196
38051,McIntosh,38,051,2524106808,51795568,974.5630908497224,0.02010773718856184
39117,Morrow,39,117,1051881045,2819351,406.1335436251618,0.0026731297444208034
40109,Oklahoma,40,109,1836035186,24721024,708.8971513035137,0.013285471716899443
20103,Leavenworth,20,103,1200218360,14338598,463.4069013676163,0.01180562007039278
01103,Morgan,01,103,1501335553,50196370,579.6689000231314,0.032352779376232016
27051,Grant,27,051,1418795379,71705190,547.7999605480812,0.04810812655248305
27059,Isanti,27,059,1128667913,41203726,435.7811192259918,0.03522072390371026
27111,Otter Tail,27,111,5106510658,654470600,1971.6347955421106,0.11360401478327461
27093,Meeker,27,093,1574629040,94913815,607.9676736738675,0.05685018190203928
39049,Franklin,39,049,1378966325,29013424,532.4218767646075,0.02060642137829498
39137,Putnam,39,137,1249784146,4544339,482.54435840844206,0.0036229257760976383
39131,Pike,39,131,1140325072,9566957,440.2819734963261,0.008319874178378185
40121,Pittsburg,40,121,3381261537,187443330,1305.5123832422241,0.0525241893027631
40021,Cherokee,40,021,1940228930,69661251,749.1265809290784,0.03465923245883055
20147,Phillips,20,147,2294395646,22493383,885.8711150062812,0.009708442104242015
20117,Marshall,20,117,2331450541,12735557,900.1780900074406,0.00543282677551311
27153,Todd,27,153,2447791807,89136471,945.0977041168644,0.03513558967077744
27109,Olmsted,27,109,1692579774,3226187,653.5087068546762,0.0019024505599081333
29229,Wright,29,229,1765786965,3526470,681.7741614334058,0.0019931290466914924
29049,Clinton,29,049,1085049760,11764909,418.94005613384866,0.0107264329448898
29179,Reynolds,29,179,2093946390,15373678,808.4772242775941,0.007288451967641356
40123,Pontotoc,40,123,1865705449,12725534,720.3529039380528,0.006774554995721128
40015,Caddo,40,015,3309366432,32099077,1277.7535279023095,0.009606287095749878
21111,Jefferson,21,111,986344428,43437020,380.82971423691095,0.042180814273127205
21117,Kenton,21,117,415359131,10196816,160.37105768941564,0.023961164382458978
27079,Le Sueur,27,079,1162212764,65216707,448.7328586567637,0.05313275307530888
27143,Sibley,27,143,1525091340,30329930,588.8410606983098,0.019499495464659553
29177,Ray,29,177,1473655260,13412073,568.9814791040932,0.009019143049119754
29139,Montgomery,29,139,1385765320,14100641,535.046983420503,0.010072850824894085
29101,Johnson,29,101,2147776086,10180467,829.2609861798206,0.004717642246247763
40037,Creek,40,037,2460214791,50817257,949.8942450739445,0.02023759793925179
40005,Atoka,40,005,2526412629,37269115,975.4533733185878,0.01453734071603234
40019,Carter,40,019,2129750449,29733323,822.3012487972435,0.013768717961914836
40111,Okmulgee,40,111,1806369916,12960866,697.4433264770598,0.007123974446115868
01007,Bibb,01,007,1612188713,9572302,622.4695445511892,0.0059024121997407865
01133,Winston,01,133,1587657467,48873867,612.9979774810548,0.029864302616524174
01091,Marengo,01,091,2530155124,14951685,976.8983587221887,0.005874678794276095
24013,Carroll,24,013,1159316253,13112686,447.6145095029587,0.011184205339714837
25027,Worcester,25,027,3912634568,177352210,1510.676658321326,0.043362538713810975
26159,Van Buren,26,159,1574177249,1248660328,607.7932361928613,0.4423422509937772
28081,Lee,28,081,1165404269,8314457,449.9651056311803,0.0070838581815384615
28091,Marion,28,091,1404804180,16115365,542.3979283920262,0.011341504208811484
28067,Jones,28,067,1799639019,12681687,694.8445126060618,0.006997485024595862
28107,Panola,28,107,1774595233,51686997,685.1750527347982,0.02830175760950157
29057,Dade,29,057,1269120978,42072597,490.0103510128097,0.03208725073260064
29007,Audrain,29,007,1792918163,11843439,692.2495755868531,0.006562328778978532
29205,Shelby,29,205,1297230219,3764606,500.86338968121123,0.0028936364139649827
29123,Madison,29,123,1280453084,8323284,494.3857016177024,0.006458284157488524
29223,Wayne,29,223,1966281377,38535344,759.1854869912337,0.019221379987682176
40103,Noble,40,103,1895123224,28103707,731.7111704103968,0.01461278778234829
40093,Major,40,093,2473438558,7651009,954.9999700770826,0.003083729463765868
40099,Murray,40,099,1078405803,22710693,416.37480998464815,0.020625150093110584
26023,Branch,26,023,1311597696,34428004,506.41070358585813,0.025577523519796093
26019,Benzie,26,019,828008634,1398251499,319.6959221550091,0.6280719302626078
26069,Iosco,26,069,1423138614,3472103967,549.4768929633306,0.7092812888326198
28085,Lincoln,28,085,1518269754,5291052,586.2072316085158,0.0034728197123233165
28073,Lamar,28,073,1286109795,8871408,496.56976995376925,0.006850607545073378
28133,Sunflower,28,133,1807187010,23747316,697.7588082354509,0.012970053410861663
29203,Shannon,29,203,2599881424,464012,1003.8198337668038,1.7844244598278058e-4
30111,Yellowstone,30,111,6820102421,40493134,2633.2562767373333,0.005902276803139724
40033,Cotton,40,033,1638523151,23986260,632.6373279475686,0.014427743892031417
40061,Haskell,40,061,1493711222,126247870,576.7251293548414,0.07793275189692259
27099,Mower,27,099,1842188272,617123,711.2728710992919,3.3488234931068237e-4
27011,Big Stone,27,011,1292738450,74945835,499.12910796771615,0.05479761361738539
28125,Sharkey,28,125,1118149684,8806463,431.72000828884114,0.007814379488894168
28127,Simpson,28,127,1525930873,3378528,589.165206203071,0.0022091853994952327
30065,Musselshell,30,065,4840577746,7118682,1868.957523781673,0.0014684669524442425
30109,Wibaux,30,109,2303979499,1756846,889.571461351502,7.619457462297147e-4
32021,Mineral,32,021,9715777469,155864513,3751.2826676693994,0.015789117280003075
35001,Bernalillo,35,001,3007611376,15882885,1161.2452489646573,0.0052531553325147855
35011,De Baca,35,011,6016818946,29090018,2323.1067918806266,0.004811521009200561
28047,Harrison,28,047,1485708639,1064623409,573.6353147722956,0.41744501851627125
28005,Amite,28,005,1890950868,3877823,730.1002147461604,0.0020465295983846804
28153,Wayne,28,153,2099745602,7255476,810.7163125575751,0.003443508442286616
28019,Choctaw,28,019,1083125335,4295085,418.19703148443034,0.003949792482285738
28037,Franklin,28,037,1460658822,7250805,563.9635263189047,0.004939544551403096
31023,Butler,31,023,1514595612,15598402,584.7886374458632,0.01019374135389867
31089,Holt,31,089,6246663903,14619277,2411.850426262576,0.0023348691601583174
35047,San Miguel,35,047,12228666257,51380263,4721.514456765264,0.004184044654580022
36049,Lewis,36,049,3305625876,39648337,1276.3092911507972,0.011852043950813787
36097,Schuyler,36,097,850405403,36246373,328.34336304479547,0.04088005458413473
29181,Ripley,29,181,1630438188,5455724,629.5157062690752,0.0033350108830284587
29186,Ste. Genevieve,29,186,1292800351,19739769,499.15300807752743,0.015039364282441896
29021,Buchanan,29,021,1057361281,17942874,408.24947458252797,0.016686324438130718
29107,Lafayette,29,107,1627237795,27073170,628.2800276186597,0.016365224297476624
29053,Cooper,29,053,1462695259,11475878,564.7497990434782,0.0077846307745204485
31011,Boone,31,011,1778104027,1780542,686.5298056774856,0.0010003693672114755
31143,Polk,31,143,1136569019,4687900,438.8317533196388,0.004107664034236624
31093,Howard,31,093,1474391207,16386643,569.2656298305,0.010992008634955235
31163,Sherman,31,163,1465613583,14937776,565.876570243701,0.010089333213060122
31175,Valley,31,175,1471346018,6133639,568.0898757797381,0.004151420272313096
36095,Schoharie,36,095,1610503551,11676951,621.818899862899,0.007198305605081178
36035,Fulton,36,035,1283234687,96916403,495.45968454449655,0.07022158928990883
30041,Hill,30,041,7509401939,44199218,2899.3963095814997,0.0058514100865704475
01105,Perry,01,105,1863936201,10902207,719.6697934635298,0.005815011551651549
31065,Furnas,31,065,1862730822,3727356,719.2043940279108,0.001997020905120972
29167,Polk,29,167,1646006426,17837670,635.5266365895658,0.010720758058331926
29151,Osage,29,151,1571034360,17734586,606.5797599610593,0.011162470190929826
29161,Phelps,29,161,1739919007,6567069,671.7864869726621,0.003760161097327867
31139,Pierce,31,139,1484707023,3482144,573.2485886711216,0.002339853075949719
31045,Dawes,31,045,3616756317,11755838,1396.4374264885619,0.0032398507977438483
31101,Keith,31,101,2750729944,123802447,1062.0627731841703,0.043068725677824514
31149,Rock,31,149,2611461739,8812080,1008.2910184027486,0.0033630378382985323
36041,Hamilton,36,041,4447989312,234204425,1717.3782813905593,0.05002023370994911
37081,Guilford,37,081,1673080902,30289482,645.9801502562888,0.017782087961909755
48329,Midland,48,329,2331915358,4252951,900.3575568551839,0.0018204814197742805
48093,Comanche,48,093,2428768926,25719485,937.7529286717572,0.010478552224869314
48305,Lynn,48,305,2309924847,4169718,891.8669730567487,0.001801878826849066
48385,Real,48,385,1810812879,2346259,699.15876408853,0.0012940171388309766
29055,Crawford,29,055,1923005890,3306286,742.4767279818776,0.001716381197810588
29083,Henry,29,083,1805055455,91656837,696.9358102456146,0.04832405915572566
29225,Webster,29,225,1534731555,3109298,592.563168533477,0.0020218594101817635
31063,Frontier,31,063,2524345617,14047824,974.6552955204697,0.0055341397330690625
31039,Cuming,31,039,1477563029,10772508,570.4902771560996,0.007237956584517138
31047,Dawson,31,047,2625694321,14624783,1013.7862490565111,0.00553902101372668
31059,Fillmore,31,059,1490200736,2991991,575.3697231272993,0.0020037540673073476
37035,Catawba,37,035,1039552786,37943193,401.37357619519565,0.03521423164401433
37151,Randolph,37,151,2026235121,19710825,782.3337570547138,0.00963408883726198
37001,Alamance,37,001,1096742604,27933991,423.4546884597655,0.02483735424404382
48297,Live Oak,48,297,2692796909,101483818,1039.6947032304897,0.03631840459671896
48307,McCulloch,48,307,2759893532,20286193,1065.6008543050834,0.007296719998920214
48151,Fisher,48,151,2328272103,7258480,898.9508882299498,0.0031078505470377733
48045,Briscoe,48,045,2330991073,4068657,900.0006884201514,0.0017424209529749374
25003,Berkshire,25,003,2400592147,50709767,926.8738134356679,0.020686871213367805
01013,Butler,01,013,2012002548,2701199,776.8385298758708,0.0013407425305195504
26121,Muskegon,26,121,1305130151,2476314283,503.9135704909223,0.6548593602843352
13059,Clarke,13,059,308985573,4776726,119.29999716987116,0.015224027919300782
13199,Meriwether,13,199,1297342091,10832501,500.9065837020641,0.008280623294661879
16067,Minidoka,16,067,1960610977,13927954,756.9961333026973,0.007053775330196313
18119,Owen,18,119,997909062,6568942,385.2948444048835,0.0065396573880576485
18037,Dubois,18,037,1106616362,20892925,427.2669677517051,0.018530157791950854
29059,Dallas,29,059,1401057564,4909180,540.9513518614236,0.003491675760433207
31123,Morrill,31,123,3687380850,16454219,1423.705711234735,0.004442481561265222
39083,Knox,39,083,1361036418,10721050,525.4991009418151,0.007815557961299905
39031,Coshocton,39,031,1460521589,9127208,563.91054036117,0.006210468799505982
26157,Tuscola,26,157,2084527019,282490891,804.8403847878683,0.11934463605304955
26031,Cheboygan,26,031,1852563997,440607444,715.278960934222,0.1921389025357219
13249,Schley,13,249,432291202,2369649,166.90856687719915,0.005451719414224402
31027,Cedar,31,027,1917080040,14653906,740.188744496548,0.00758588211919324
32023,Nye,32,023,47090939214,43207981,18181.913350876013,9.167022969831841e-4
35059,Union,35,059,9906834380,15498790,3825.050153705339,0.0015620106414951191
18021,Clay,18,021,926180653,7047383,357.60035075064627,0.007551619462919779
54049,Marion,54,049,799749352,7079302,308.7849523324065,0.0087742322547706645
40073,Kingfisher,40,073,2326031241,20586906,898.0856865713012,0.008773010652082032
42019,Butler,42,019,2044750110,16004632,789.4824343015321,0.007766393386758491
42131,Wyoming,42,131,1028894328,20019505,397.2583225382387,0.0190859385872929
45001,Abbeville,45,001,1272188737,53216416,491.1948193893246,0.040151055607069906
28093,Marshall,28,093,1829011195,9173803,706.1851732060081,0.004990685382581933
39105,Meigs,39,105,1113957874,7519818,430.10154139318246,0.006705276488014173
39093,Lorain,39,093,1270483154,1119495057,490.53629010882327,0.4684122440311235
55021,Columbia,55,021,1982894214,78696997,765.5997392420452,0.03817293970797783
72091,Manatí,72,091,116913019,66163823,45.140369177758,0.36139919324149145
46047,Fall River,46,047,4506292101,24021148,1739.8891141623392,0.005302315023205584
47023,Chester,47,023,740053474,575590,285.7362448885383,7.771636679923757e-4
15005,Kalawao,15,005,31057603,105764468,11.991407605309075,0.773007360778803
28011,Bolivar,28,011,2270141682,81446732,876.5066071152991,0.03463477346423089
28057,Itawamba,28,057,1379932999,19825536,532.7951116841039,0.014163539999418542
41009,Columbia,41,009,1705984350,78454244,658.6842426032769,0.04396578524124882
50017,Orange,50,017,1779343340,12005265,687.0083071038048,0.006701802745981986
72103,Naguabo,72,103,133801408,53350090,51.661012650984766,0.28506365468685696
72139,Trujillo Alto,72,139,53763396,1615332,20.758163329012977,0.029168817311946926
12086,Miami-Dade,12,086,4920781679,1267531174,1899.924435560148,0.20482661496105845
48505,Zapata,48,505,2585876042,154371160,998.4123255238122,0.05633475691073801
48383,Reagan,48,383,3044049119,1792716,1175.313940245517,5.885781656157468e-4
49031,Piute,49,031,1963753824,20286511,758.2095933182087,0.010224848074976258
21233,Webster,21,233,859944623,9398697,332.0264764923051,0.010811260389048599
21211,Shelby,21,211,983652093,15210928,379.79019787774314,0.015228242191578738
17005,Bond,17,005,985066648,6462629,380.33636061879974,0.006517839815636629
17019,Champaign,17,019,2579898018,6110542,996.1041975443825,0.0023629241196324578
55079,Milwaukee,55,079,625371985,2455452227,241.45747426407092,0.7970114677221317
56021,Laramie,56,021,6956355036,4348083,2685.863705705829,6.246614638873812e-4
12059,Holmes,12,059,1240232909,26393540,478.8566051712747,0.02083766687553198
02105,Hoonah-Angoon,02,105,16989573435,7803641230,6559.711002147075,0.3147490688658546
05027,Columbia,05,027,1984098878,1985830,766.0648626146198,9.998717537076974e-4
19123,Mahaska,19,123,1478496994,6594320,570.8508830600418,0.0044403464876773225
19187,Webster,19,187,1853665899,7269394,715.7044076766222,0.003906312071862028
19099,Jasper,19,099,1891795093,6544165,730.4261718422567,0.0034473105755051504
19135,Monroe,19,135,1123299102,1522790,433.7082097018129,0.0013538054431821104
19017,Bremer,19,017,1127886260,10165785,435.4793213142562,0.008932618718680832
19157,Poweshiek,19,157,1514943343,2961952,584.922897136091,0.0019513417666811683
21087,Green,21,087,740640299,7328706,285.96281928862913,0.009798141301323041
22003,Allen,22,003,1973788820,10457653,762.0841269502357,0.005270339719535437
08039,Elbert,08,039,4791700174,442147,1850.0857876528466,9.226499765301941e-5
08003,Alamosa,08,003,1871643028,1670455,722.6454160156179,8.917114061042607e-4
13233,Polk,13,233,803776473,4663881,310.3398324494232,0.005768985896020723
37185,Warren,37,185,1112119289,38613740,429.3916597531857,0.033555776211234484
42001,Adams,42,001,1343409411,7762899,518.6932754633119,0.00574530645909995
20095,Kingman,20,095,2236245129,8391920,863.4190747826216,0.003738653428953538
20127,Morris,20,127,1800929252,19545268,695.3426743543725,0.010736359001607998
20177,Shawnee,20,177,1409020130,30313507,544.0257157938292,0.02106079245336222
20159,Rice,20,159,1880936103,4482698,726.2334923469339,0.0023775608886590287
22061,Lincoln,22,061,1221532396,1897706,471.63629670730916,0.0015511356119959194
23001,Androscoggin,23,001,1211995418,75541705,467.95404890084245,0.058671477233981084
13231,Pike,13,231,559660486,8595984,216.0861225578604,0.015126944353136886
13273,Terrell,13,273,869695791,4951325,335.7914235204401,0.005660940177386923
46105,Perkins,46,105,7434457141,50539948,2870.4599611866943,0.006752166687449195
48117,Deaf Smith,48,117,3876750570,3926557,1496.8217691811017,0.0010118226462801526
16021,Boundary,16,021,3285862967,24278846,1268.6787892963678,0.007334684545734295
17045,Edgar,17,045,1614400671,1565052,623.3235863130027,9.684933150033158e-4
29217,Vernon,29,217,2140343862,27020859,826.3913884391978,0.012467149039656256
31015,Boyd,31,015,1396957276,13360589,539.36822180766,0.009473459375060812
26081,Kent,26,081,2198720085,59599780,848.9305742370013,0.02639120388732001
17011,Bureau,17,011,2250884574,11523903,869.071396119542,0.005093643838923787
17121,Marion,17,121,1482865623,9234118,572.5376201535444,0.006188673415231161
18109,Morgan,18,109,1045922857,14491958,403.8330743681795,0.013666310386280297
19127,Marshall,19,127,1482776071,1803080,572.5030439329046,0.001214539486685813
19177,Van Buren,19,177,1255605676,14880499,484.79206371643176,0.011712444647420111
20081,Haskell,20,081,1495772621,910409,577.5210399615349,6.08284440827795e-4
17023,Clark,17,023,1298554904,8771353,501.3748534211412,0.006709383333375518
18001,Adams,18,001,877812925,2693850,338.9254664915256,0.003059431314426854
19109,Kossuth,19,109,2519361810,4125592,972.7310368723315,0.0016348771928602639
20137,Norton,20,137,2274122713,8421464,878.0436917837576,0.0036895075612812553
22051,Jefferson,22,051,779233472,883630909,300.863726748397,0.5313908452766359
32007,Elko,32,007,44478647069,75156805,17173.30171092292,0.0016868774036117443
36015,Chemung,36,015,1054988439,8875327,407.33331516079164,0.008342540918909349
17041,Douglas,17,041,1079110220,1448705,416.64678690994754,0.0013406996754017834
54077,Preston,54,077,1680420301,6668159,648.8139080639019,0.003952465539358855
17061,Greene,17,061,1406736598,8423898,543.14403915601,0.005952609632483692
21137,Lincoln,21,137,862215191,9037597,332.9031477017211,0.010373105400036895
21143,Lyon,21,143,553700579,110705475,213.78498959126492,0.16662321833689975
26087,Lapeer,26,087,1675677868,41080675,646.9828444385516,0.023929209595318145
23029,Washington,23,029,6637427367,1799648496,2562.7250437946027,0.21330239590379751
29145,Newton,29,145,1618106507,4715004,624.7544175975171,0.00290543597557723
29111,Lewis,29,111,1307990182,14964045,505.0178346379275,0.011311082949508578
13013,Barrow,13,013,417082894,4909581,161.03660630718727,0.011634285658766782
37041,Chowan,37,041,447179939,157966156,172.65714039381106,0.2610380490020348
39017,Butler,39,017,1208270965,9195666,466.5160295524138,0.007553115433190053
56023,Lincoln,56,023,10555073815,49947312,4075.3367998100066,0.004709779584770081
56015,Goshen,56,015,5764310957,16969725,2225.6129118894405,0.00293528820574915
05141,Van Buren,05,141,1837778050,37208224,709.5700748586451,0.019844531405886975
26079,Kalkaska,26,079,1449729129,28020186,559.7435482425575,0.018961393326715904
27149,Stevens,27,149,1459869414,30336104,563.6587341849176,0.020356993470748912
28097,Montgomery,28,097,1054074831,2352156,406.9805691385223,0.0022265201750284328
29089,Howard,29,089,1201239501,19855699,463.8011661134659,0.016260565924753452
51035,Carroll,51,035,1229582401,7586185,474.7444210264904,0.006131892682894229
17115,Macon,17,115,1503613057,13477734,580.5482492371297,0.008883933697281273
17139,Moultrie,17,139,870127369,22111272,335.9580567184845,0.024781791534177682
42009,Bedford,42,009,2621037920,11998904,1011.9884025721971,0.004557058940699418
47103,Lincoln,47,103,1477179214,971039,570.3420853555273,6.569284807340895e-4
26131,Ontonagon,26,131,3395416178,6292279424,1310.9775207075274,0.6495125035411904
29155,Pemiscot,29,155,1275841039,53915406,492.6049810808011,0.04054532407248457
29093,Iron,29,093,1425174278,4665920,550.2628672309344,0.0032632457854566486
31001,Adams,31,001,1458833580,2516930,563.25879644003,0.0017223314891100289
35037,Quay,35,037,7443508558,18554572,2873.9547328422086,0.0024865203733541717
37135,Orange,37,135,1029618364,8862452,397.53787440181674,0.008534054614640085
17159,Richland,17,159,932484078,4874777,360.03411675906926,0.005200545099667299
17053,Ford,17,053,1257690130,1640595,485.59687590842594,0.001302751507154723
05051,Garland,05,051,1755013635,147452177,677.6145554491158,0.07750582221763468
48485,Wichita,48,485,1625458309,13645835,627.5929642302217,0.008325178756914912
19159,Ringgold,19,159,1386898611,8756867,535.4845495236059,0.006274375831311
29213,Taney,29,213,1637553942,50101664,632.2631142590964,0.029687137483428
29163,Pike,29,163,1736428526,36976721,670.4388047188324,0.02085068884427407
29153,Ozark,29,153,1929557613,26607427,745.0063623844449,0.013601831366948466
29081,Harrison,29,081,1871309888,10070644,722.5167899420078,0.005352794837998249
37037,Chatham,37,037,1765028677,70582736,681.4813847986405,0.03845189428444679
40035,Craig,40,035,1971642559,3649781,761.2554509420332,0.0018477168802264478
05043,Drew,05,043,2146237578,18789748,828.6669649177152,0.008678757895732905
08047,Gilpin,08,047,388556748,942056,150.02259971773614,0.002418636438226393
19085,Harrison,19,085,1804896269,12325506,696.8743481871596,0.00678260967899749
19097,Jackson,19,097,1647340582,35133402,636.0417571030539,0.020881988270910465
20189,Stevens,20,189,1883593922,464936,727.2596820039444,2.4677360689970545e-4
33005,Cheshire,33,005,1830367249,57589052,706.7087485845977,0.03050338186826497
35025,Lea,35,025,11374066521,8147103,4391.551652689061,7.157749159461743e-4
41069,Wheeler,41,069,4444475013,1241033,1716.0214029554807,2.79152556564338e-4
42025,Carbon,42,025,987706484,15918751,381.3556070006654,0.015861250240484438
13085,Dawson,13,085,546042256,9272655,210.8280945383494,0.016698011914180348
13161,Jeff Davis,13,161,857075892,11600966,330.91885325650725,0.013354754294605602
21219,Todd,21,219,969984465,6586292,374.51309718372835,0.006744305983759864
01015,Calhoun,01,015,1569248377,16534047,605.8901880668873,0.01042642846191616
36005,Bronx,36,005,109235672,39353304,42.176128917349075,0.2648467272565362
46079,Lake,46,079,1457879899,31783045,562.8905781458996,0.021335729084229673
47087,Jackson,47,087,799813547,27751888,308.809738160573,0.03353437302513728
48255,Karnes,48,255,1936669679,15010315,747.7523464296997,0.007690971391901248
18045,Fountain,18,045,1024774339,5728993,395.66758588581934,0.005559412397901883
19171,Tama,19,171,1867410495,2769418,721.0112258816941,0.001480829721648283
20009,Barton,20,009,2318705427,13926862,895.2571739615329,0.005970448949744432
20109,Logan,20,109,2779039725,274632,1072.9932407797548,9.881285983656724e-5
20101,Lane,20,101,1858080220,551220,717.4087865500231,2.9657305269731153e-4
21047,Christian,21,047,1858731000,16530508,717.6600541137622,0.008815041491269174
21019,Boyd,21,019,414051809,5571590,159.86629784129124,0.013277596085627246
36107,Tioga,36,107,1343600016,11044570,518.7668684655347,0.008153112716164503
48049,Brown,48,049,2446120254,32375524,944.4523138928707,0.013062569760003844
48483,Wheeler,48,483,2368629232,2455912,914.5328629116095,0.0010357755419347354
49039,Sanpete,49,039,4117605581,32165095,1589.8164091950846,0.00775105361508897
51570,Colonial Heights,51,570,19475360,709877,7.519478564399582,0.03516812807300702
21141,Logan,21,141,1430232787,12470413,552.215968482635,0.008643782726759044
26145,Saginaw,26,145,2074078770,39262555,800.8062932798803,0.018578425801615363
27117,Pipestone,27,117,1204481403,2347611,465.0528714784442,0.0019452722571020322
29215,Texas,29,215,3049106823,5071079,1177.2667306849787,0.0016603744649842601
01123,Tallapoosa,01,123,1855797991,128790986,716.5276130033184,0.06489554637892156
25019,Nantucket,25,019,119637316,666826385,46.192226134166404,0.8478794178957282
36019,Clinton,36,019,2687763025,206581998,1037.751109744481,0.07137435114279395
13165,Jenkins,13,165,899705946,13195935,347.37840919037427,0.014454932424440913
13259,Stewart,13,259,1188153054,12598484,458.7484606589505,0.010492165615697924
16065,Madison,16,065,1215396274,10500950,469.26712674857464,0.008565930156637666
13093,Dooly,13,093,1016908646,12141885,392.6306248279673,0.01179911445961831
13175,Laurens,13,175,2090990047,28838463,807.335773859347,0.013604149045056479
29115,Linn,29,115,1594366554,14989603,615.5883704639415,0.00931403712894858
29043,Christian,29,043,1457133932,3049199,562.6025586758487,0.0020882305344205486
29141,Morgan,29,141,1547866672,42414965,597.6346655801237,0.026671354314330174
29075,Gentry,29,075,1272776755,762384,491.42185440929245,5.986341343216465e-4
40119,Payne,40,119,1773885850,31991880,684.901158426172,0.0177154186402199
40081,Lincoln,40,081,2466629763,34723064,952.3710796200183,0.013881713777118417
47015,Cannon,47,015,687992379,156144,265.6353436527372,2.269045050322661e-4
47071,Hardin,47,071,1495684381,48706058,577.4869703069292,0.03153739933247541
13069,Coffee,13,069,1533913422,26942696,592.2472856149416,0.017261485981502876
30037,Golden Valley,30,037,3041740574,2621792,1174.4226060343674,8.611957726454171e-4
56009,Converse,56,009,11020385629,26068678,4254.994696307678,0.0023599136225531305
04003,Cochise,04,003,16083471945,17648749,6209.863259603393,0.0010961192910364753
05049,Fulton,05,049,1600597359,6357861,617.9940977334992,0.003956464325122887
40051,Grady,40,051,2850386657,11374380,1100.54044534027,0.003974608589934478
48299,Llano,48,299,2419217897,82338677,934.0652557438391,0.03291497696106072
48209,Hays,48,209,1753038621,5043724,676.851998277521,0.0028688781355119064
31053,Dodge,31,053,1369696181,36672841,528.8426541419244,0.02607625767229108
31173,Thurston,31,173,1019398005,6437925,393.5917717150901,0.00627578427673127
13211,Morgan,13,211,899791083,18672325,347.4112807699773,0.02032996071194597
17141,Ogle,17,141,1964903749,12378959,758.6535818446424,0.006260591340790707
12035,Flagler,12,035,1259229649,219207667,486.1912875198152,0.14826984183075098
13087,Decatur,13,087,1546842840,67154651,597.2393618333613,0.04160765513854197
17015,Carroll,17,015,1153597400,55881822,445.4064480064599,0.04620320959924684
48191,Hall,48,191,2288233615,53366403,883.4919415266811,0.022790571656034212
48235,Irion,48,235,2723485995,176317,1051.5438256260713,6.473526443538056e-5
48033,Borden,48,033,2324366072,22297606,897.4427612234974,0.009501832839976312
49041,Sevier,49,041,4948109948,20139931,1910.475939252385,0.00405372746751895
49021,Iron,49,021,8537032444,11390957,3296.1666673294753,0.0013325213861853729
50023,Washington,50,023,1779477067,21517931,687.0599393873663,0.011947801645143714
12133,Washington,12,133,1514305979,81008171,584.6768095189317,0.05077882058527469
31017,Brown,31,017,3163421479,9689323,1221.4038662957562,0.003053572221270324
31105,Kimball,31,105,2465517096,1448446,951.9414764878649,5.87136697023229e-4
33013,Merrimack,33,013,2416197730,57178203,932.8991627413268,0.023117473667113586
17025,Clay,17,025,1213023030,3064499,468.3508121137699,0.0025199658140725822
17087,Johnson,17,087,890273379,12814662,343.73647469654395,0.014189825817879477
17155,Putnam,17,155,414649315,31195045,160.09699619855397,0.06996846388277739
19145,Page,19,145,1385497643,1359014,534.9436327525983,9.79923911487559e-4
19061,Dubuque,19,061,1575486019,21140740,608.2985551169135,0.0132408779201727
20035,Cowley,20,035,2915648168,17322935,1125.738055707669,0.0059062753745787585
13223,Paulding,13,223,809073017,5212122,312.3848395287994,0.006400856101096056
13023,Bleckley,13,023,559122125,8425420,215.8782602128558,0.014845311329819954
46045,Edmunds,46,045,2916275921,64969684,1125.9804324969678,0.021792798248838004
46067,Hutchinson,46,067,2105694664,3644220,813.0132582462444,0.0017276598026246786
46059,Hand,46,059,3720862490,9284294,1436.633044761866,0.0024889889158849787
35006,Cibola,35,006,11758505166,5554598,4539.984243943051,4.7216676142686757e-4
35057,Torrance,35,057,8664061385,2316559,3345.212815842667,2.673041742431537e-4
35028,Los Alamos,35,028,282626748,208105,109.1227979001139,7.357827290118308e-4
18079,Jennings,18,079,975382328,4528274,376.597223747862,0.004621109304009755
18041,Fayette,18,041,556901575,366408,215.02090106128287,6.575077183287596e-4
18137,Ripley,18,137,1156241451,4232758,446.4273218089303,0.003647438234450241
18121,Parke,18,121,1151822274,13655204,444.72106802343995,0.011716403154724882
21075,Fulton,21,075,533360972,64082320,205.93182339331983,0.10726092477409555
27105,Nobles,27,105,1852143784,19253011,715.1167157872269,0.010288043161899291
28113,Pike,28,113,1059783761,3907959,409.18479934328656,0.0036739582780619933
46081,Lawrence,46,081,2072127352,667509,800.0528465748549,3.220333148056758e-4
46015,Brule,46,015,2116594503,75770744,817.2217096287044,0.034561186418952575
46107,Potter,46,107,2230336533,97172021,861.1377531039622,0.04174937223453057
36109,Tompkins,36,109,1229321338,43781287,474.6436240382726,0.034389440521340534
36023,Cortland,36,023,1291817953,7110638,498.7737020876659,0.005474233186695634
36099,Seneca,36,099,838372770,172818533,323.69753745200603,0.1709058735842391
18101,Martin,18,101,869615719,12033245,335.76050754827793,0.01364856705032095
18073,Jasper,18,073,1449563750,4428654,559.6796950534251,0.003045857727878474
19153,Polk,19,153,1482460078,50523820,572.3810383530333,0.03295782823675816
48309,McLennan,48,309,2685015343,61002370,1036.690223789059,0.02221484942038318
48251,Johnson,48,251,1877871517,23810470,725.0502490725729,0.012520742249634613
48451,Tom Green,48,451,3942790948,47251782,1522.3201017796182,0.011842425055934176
48133,Eastland,48,133,2399644791,14002299,926.5080372377,0.005801303371156883
48285,Lavaca,48,285,2511535215,1882216,969.7091716367345,7.488672501372495e-4
48113,Dallas,48,113,2261577252,91947122,873.199862192417,0.03906784353532257
48013,Atascosa,48,013,3158599705,4992623,1219.542168938923,0.001578149926528713
38063,Nelson,38,063,2542889239,70073746,981.8150280304376,0.0268177338914734
38061,Mountrail,38,061,4727150574,301102217,1825.1630476603348,0.0598820762430518
38089,Stark,38,089,3457408931,14023939,1334.913056550337,0.0040398128165445414
19049,Dallas,19,049,1523516297,8735225,588.2329331937857,0.005700908026247665
19021,Buena Vista,19,021,1488981872,13798140,574.8991171040516,0.00918174309600812
19015,Boone,19,015,1477486979,8209423,570.4609140868254,0.005525639685839395
19141,O'Brien,19,141,1484153956,447448,573.0350483077509,3.0139268277291757e-4
19091,Humboldt,19,091,1125017999,3373409,434.37187954647356,0.002989573454816664
48101,Cottle,48,101,2332448732,2723997,900.5634937087162,0.0011665077131859567
48183,Gregg,48,183,708052151,6206460,273.3804649527154,0.008689373714809859
48233,Hutchinson,48,233,2298418617,19497034,887.4243927993336,0.0084114510342896
48127,Dimmit,48,127,3441795903,14575999,1328.8848327140963,0.0042171384947220876
48447,Throckmorton,48,447,2363499444,7586186,912.5522406840402,0.003199456782166066
48337,Montague,48,337,2411034611,19087359,930.9056713426598,0.007854486003432987
48159,Franklin,48,159,736569934,26875120,284.39124256980176,0.03520242859547034
48445,Terry,48,445,2302113089,5414060,888.8508364189009,0.00234626058564306
38083,Sheridan,38,083,2518053313,86198847,972.225823354169,0.03309927061748122
39091,Logan,39,091,1187522538,21594566,458.5050170693834,0.017859780436949305
39063,Hancock,39,063,1376118085,6028216,531.3221651481718,0.004361489080887104
39121,Noble,39,121,1030846430,16984489,398.0120333371416,0.01620918861242345
20051,Ellis,20,051,2330762304,1197085,899.9123602150913,5.133386994845303e-4
20143,Ottawa,20,143,1866683176,1567629,720.7304064447246,8.390891607296805e-4
20169,Saline,20,169,1865429340,2760902,720.2462976567343,0.0014778484213921936
20155,Reno,20,155,3251231985,43517492,1255.3076923403623,0.013208133821338185
20105,Lincoln,20,105,1863226707,2748359,719.3958562975637,0.00147288088146404
30011,Carter,30,011,8651796246,19503322,3340.4772191810457,0.0022491809730543493
30079,Prairie,30,079,4497780199,15092932,1736.602650413722,0.0033444175277880196
31037,Colfax,31,037,1065675346,13096487,411.4595530381008,0.012140182566298058
31041,Custer,31,041,6670405020,1285152,2575.4577868523797,1.926276500958594e-4
48461,Upton,48,461,3215010597,464309,1241.3225361923478,1.443982657534072e-4
48163,Frio,48,163,2935753503,2193621,1133.5007689803672,7.466509461931351e-4
48179,Gray,48,179,2398261679,8700790,925.9740147068629,0.003614842404923265
48425,Somervell,48,425,482274684,14205924,186.2072972458831,0.02861325048973514
48211,Hemphill,48,211,2347270018,15205586,906.2860242485284,0.006436293341719519
48107,Crosby,48,107,2331503444,3873557,900.1985159700155,0.0016586431220061502
48433,Stonewall,48,433,2373238700,10177387,916.3125884632443,0.004270084042610559
27121,Pope,27,121,1747086641,109712781,674.5539259427485,0.05908703961240246
39023,Clark,39,023,1025322040,14608569,395.8790544249991,0.014047638249678638
39059,Guernsey,39,059,1352599522,15666081,522.2415971718171,0.011449590609930725
39005,Ashland,39,005,1095528196,9969109,422.98580290774305,0.009017759658853262
39159,Union,39,159,1118126414,13420715,431.71102369157603,0.011860500244351731
20031,Coffey,20,031,1623623909,70470788,626.884698427765,0.04159790366193443
20171,Scott,20,171,1858536839,306079,717.5850881322582,1.646610356561608e-4
20087,Jefferson,20,087,1379494404,62293259,532.6257692072021,0.043205570833074886
20179,Sheridan,20,179,2320518305,647342,895.9571300733003,2.788866020125103e-4
20071,Greeley,20,071,2016057909,0,778.4043135178883,0
31181,Webster,31,181,1489017942,337241,574.9130438089658,2.26434233988898e-4
31019,Buffalo,31,019,2507740549,18531976,968.2440428973399,0.00733569946100728
31013,Box Butte,31,013,2784653174,7115630,1075.1606055641723,0.002548789136766928
27159,Wadena,27,159,1389132780,18009881,536.347167000497,0.012798901987095677
28099,Neshoba,28,099,1476641121,3830971,570.1343264859016,0.002587668501622792
28065,Jefferson Davis,28,065,1057871277,1791496,408.44638513976184,0.0016906284203304744
28115,Pontotoc,28,115,1289330915,8308394,497.8134513436567,0.006402699072366033
40049,Garvin,40,049,2077546552,30019851,802.1452114007782,0.014243845867569565
40131,Rogers,40,131,1750176496,92946097,675.7469256325927,0.05042860271639023
20187,Stanton,20,187,1762103387,178555,680.3519240107705,1.013203368567457e-4
21173,Montgomery,21,173,511202049,3786799,197.37621535790066,0.007353166995181223
21057,Cumberland,21,057,790326358,14920717,305.14671399455466,0.018529365039916475
31003,Antelope,31,003,2220026330,3715966,857.156961454765,0.0016710416520314276
32027,Pershing,32,027,15634691978,79934815,6036.588344942588,0.005086650548749051
35049,Santa Fe,35,049,4947861292,2643021,1910.3799326336673,5.338892429725675e-4
28135,Tallahatchie,28,135,1672069540,16969517,645.5896612034627,0.010046847010240568
29039,Cedar,29,039,1228870903,62637821,474.46971011179545,0.04849972736227526
29001,Adair,29,001,1469362054,5468507,567.3238629938106,0.003707888312466289
29169,Pulaski,29,169,1417014584,11312724,547.1123917519158,0.00792026024892048
41071,Yamhill,41,071,1854279303,6373252,715.9412442860258,0.0034252778590358585
41049,Morrow,41,049,5259046260,44372727,2030.5291209639147,0.008366815276856043
22121,West Baton Rouge,22,121,498174685,29604699,192.34632197730946,0.05609294318324491
22049,Jackson,22,049,1474681465,28647417,569.3776990712814,0.019055987909903004
26075,Jackson,26,075,1817904855,55933445,701.8969913413888,0.02984966472293794
36039,Greene,36,039,1676140498,28201061,647.161466880871,0.01654660173665342
36057,Montgomery,36,057,1044052635,18613523,403.11097761414425,0.017515870680432453
29079,Grundy,29,079,1127403258,7116081,435.29283319873167,0.006272331158561238
29211,Sullivan,29,211,1678265913,9121738,647.9820942034444,0.005405834275600018
29131,Miller,29,131,1534756299,19216025,592.5727222453261,0.012365744681048773
29015,Benton,29,015,1823437753,125605711,704.0332552107093,0.06444479731725469
42011,Berks,42,011,2218072315,24220126,856.4025120424299,0.010801501872431278
42087,Mifflin,42,087,1064581424,9507560,411.0371873909382,0.008851743330047969
26095,Luce,26,095,2328593561,2624711552,899.0750038581258,0.5298909500065759
26039,Crawford,26,039,1441108424,17887265,556.4150754206167,0.01225998482028414
27037,Dakota,27,037,1457015232,62996790,562.5567283494469,0.04144492878228038
37197,Yadkin,37,197,867498039,7176192,334.9428667259127,0.00820441685105503
37063,Durham,37,063,744742287,26718209,287.54660571606485,0.03463328211688496
40083,Logan,40,083,1926268077,13203700,743.7362654291732,0.006807884577946091
40097,Mayes,40,097,1697286680,73073740,655.3260534285853,0.04127619391762046
42075,Lebanon,42,075,937148928,1722125,361.8352254205338,0.0018342508212360446
51197,Wythe,51,197,1196450498,7232493,461.9521217105206,0.006008636039619837
51045,Craig,51,045,849770438,2793174,328.09820168671814,0.0032762059753495554
51660,Harrisonburg,51,660,44898873,131080,17.33555185060503,0.002910951295019118
27123,Ramsey,27,123,394323905,46008726,152.24931149297558,0.10448629686042958
27035,Crow Wing,27,035,2585738273,409712717,998.3591326153197,0.13677830762973023
27005,Becker,27,005,3405929305,336990161,1315.0366617514574,0.09003404002174169
37191,Wayne,37,191,1434651140,9842326,553.9219041199456,0.006813686757098838
37061,Duplin,37,061,2110115796,14237879,814.7202668614577,0.006702216851909087
42119,Union,42,119,818320616,4614461,315.95535747828336,0.005607320831215462
42081,Lycoming,42,081,3182886780,38917581,1228.9194610585275,0.012079436439747248
51640,Galax,51,640,21332077,105290,8.236361008762936,0.004911517351921064
53013,Columbia,53,013,2249624776,12561759,868.5849853904734,0.005552928021472818
55087,Outagamie,55,087,1651266086,18260943,637.5574026768694,0.010937794167332406
27003,Anoka,27,003,1092905199,62440487,421.9730581001511,0.05404485233867918
27095,Mille Lacs,27,095,1482265590,282932803,572.3059461161231,0.16028385484713048
27029,Clearwater,27,029,2587406740,80628708,999.0033313280474,0.03022025365534049
37003,Alexander,37,003,673358185,9445988,259.9850497382594,0.013834109944726421
38031,Foster,38,031,1642258768,33103934,634.0796577405124,0.019759264045022294
38045,LaMoure,38,045,2968139578,12824671,1146.0051024944864,0.004302188798239425
38069,Pierce,38,069,2637345130,166227811,1018.2846515781289,0.05929141652391201
42079,Luzerne,42,079,2304589784,42011358,889.8070937082683,0.017903067226922878
13307,Webster,13,307,543010089,2338844,209.65736830991617,0.004288711059053269
46037,Day,46,037,2663777421,162139506,1028.4902162291787,0.057375892564587055
55077,Marquette,55,077,1180290395,22667821,455.7126710350522,0.018843398464307094
55103,Richland,55,103,1518120286,8153423,586.1495216908526,0.005342045107585614
56017,Hot Springs,56,017,5191453508,5100561,2004.431413410741,9.815275531197404e-4
28025,Clay,28,025,1062082196,15376919,410.07223006159757,0.014271464026734787
28139,Tippah,28,139,1185754676,5522228,457.82244173245425,0.004635553649582046
28119,Quitman,28,119,1048975539,3676001,405.0117214824269,0.0034921347286491406
39073,Hocking,39,073,1091289821,5955974,421.3493571650001,0.005428112850503109
39175,Wyandot,39,175,1053812244,1783532,406.8791837306125,0.001689597515024539
39151,Stark,39,151,1489779853,13611937,575.207219291857,0.009054151479701775
46125,Turner,46,125,1598188442,1636386,617.0640096763378,0.0010228532345292493
46033,Custer,46,033,4032463871,5490769,1556.9430110509002,0.0013597896681672482
46017,Buffalo,46,017,1220933806,42362357,471.4051798153049,0.03353319533513061
17193,White,17,193,1281999217,17833682,494.98266690877847,0.013719980478813839
18043,Floyd,18,043,384571595,2676083,148.48392353617376,0.0069105204550768155
18007,Benton,18,007,1052616459,236033,406.4174885591173,2.2418430102362337e-4
28123,Scott,28,123,1577902084,3001523,609.231403032315,0.0018986122788952559
28101,Newton,28,101,1496417773,4525334,577.770134542317,0.0030149936922292684
29121,Macon,29,121,2075118027,28912941,801.2075526524619,0.013741689851401465
29067,Douglas,29,067,2107274104,2520175,813.6230834419664,0.0011945121972719124
39141,Ross,39,141,1784931095,9994410,689.165751379321,0.005568147520417567
39077,Huron,39,077,1274903645,8628942,492.243051232552,0.006722807108597391
39047,Fayette,39,047,1052469885,1694038,406.36089602110525,0.0016069967516807156
46063,Harding,46,063,6919333290,16954253,2671.5695296051745,0.00244428347223148
47075,Haywood,47,075,1380741528,2472509,533.1072864774939,0.001787510055466564
18039,Elkhart,18,039,1199580238,12457801,463.16052108501964,0.010278391105842182
18033,DeKalb,18,033,939735804,2657419,362.8340238320014,0.0028198621712711533
13063,Clayton,13,063,367145193,6928044,141.7555520814941,0.018520555107234254
13171,Lamar,13,171,475264404,6044329,183.50061299509446,0.012558112050711534
27041,Douglas,27,041,1649506207,215746559,636.8779095934842,0.11566612468435819
28031,Covington,28,031,1071784951,2880713,413.8184847258564,0.002680566706930724
29071,Franklin,29,071,2389725909,20813993,922.6783354718888,0.008634577250818726
17001,Adams,17,001,2214831300,41749180,855.1511491500675,0.01850108177839064
51690,Martinsville,51,690,28374648,135578,10.955512884402827,0.004755416530195166
56019,Johnson,56,019,10759204099,52952166,4154.1519434008205,0.00489746584327599
21191,Pendleton,21,191,717810239,12332855,277.1480838077982,0.0168910109557237
26107,Mecosta,26,107,1437843578,41665709,555.1545113276775,0.028161843501831294
29185,St. Clair,29,185,1748193268,70137865,674.981197017855,0.03857265804181773
30097,Sweet Grass,30,097,4805816390,17455905,1855.536089142649,0.0036191000491710783
35041,Roosevelt,35,041,6335242926,18679639,2446.050978380943,0.0029398594032126043
29073,Gasconade,29,073,1344216320,18008168,519.0048247712026,0.013219677196112774
30095,Stillwater,30,095,4653550993,23732517,1796.74609045501,0.00507399582455501
31113,Logan,31,113,1478101926,1203586,570.6983464518621,8.136155717913664e-4
35003,Catron,35,003,17933561654,14193499,6924.186892596147,7.908230794884413e-4
50005,Caledonia,50,005,1681454164,22351439,649.213084801432,0.013118538265541787
18087,LaGrange,18,087,983239270,18315631,379.6308060257111,0.018287196220309845
39071,Highland,39,071,1432479979,12194983,553.083614167957,0.008441333393857213
40055,Greer,40,055,1655740225,11148547,639.2848774092823,0.006688236904147795
19033,Cerro Gordo,19,033,1471889953,17659669,568.299890258183,0.011855710437016914
05083,Logan,05,083,1836599802,53969487,709.1151507607312,0.02854668554811164
18169,Wabash,18,169,1068471085,21851089,412.5389939050299,0.02004094708982778
27085,McLeod,27,085,1273004665,36432583,491.50985095259705,0.027823084348368866
12067,Lafayette,12,067,1407256302,11817999,543.3446979930139,0.008327963512320699
48463,Uvalde,48,463,4019458733,17382915,1551.921699176919,0.00430606808880208
38039,Griggs,38,039,1835486229,20446712,708.6851978200209,0.011016945466242468
72151,Yabucoa,72,151,143005187,72592515,55.21461160381393,0.3367035656066501
01083,Limestone,01,083,1459209232,113398272,563.4038364886695,0.07210843882632267
16011,Bingham,16,011,5422741965,68632371,2093.732386260771,0.012498213889747836
48415,Scurry,48,415,2345090474,5436957,905.4444976021318,0.002313079578776462
28159,Winston,28,159,1572773194,7341897,607.2511275244855,0.004646431795897581
30025,Fallon,30,025,4197320395,5915331,1620.594471071122,0.0014073279220124329
40153,Woodward,40,153,3218801189,9693573,1242.7860919515422,0.003002505413388061
26149,St. Joseph,26,149,1296650393,52801554,500.6395176101388,0.03912814688761941
18151,Steuben,18,151,799737098,35446880,308.7802210365368,0.04244200192259914
01113,Russell,01,113,1660652495,15564412,641.1815154671946,0.009285440288188193
02185,North Slope,02,185,230052121425,15551062281,88823.62101393439,0.06331783670856418
21093,Hardin,21,093,1615891718,16123680,623.8992827804884,0.009879612667723126
26053,Gogebic,26,053,2854517941,970153215,1102.1355430165875,0.25365663489214235
40141,Tillman,40,141,2256226949,20895054,871.1340986470169,0.009176080145232341
47013,Campbell,47,013,1243685306,46425147,480.18958311043974,0.03598540488687909
51171,Shenandoah,51,171,1315919345,9716888,508.0793015998799,0.007329980697653426
55037,Florence,55,037,1263976516,24111637,488.0240631221433,0.01871893390513933
12093,Okeechobee,12,093,1992442653,317924583,769.2864121653686,0.13760781318489923
22073,Ouachita,22,073,1580797957,55327711,610.3495058529419,0.03381629668314696
30043,Jefferson,30,043,4291603026,6256292,1656.997198558557,0.0014556763116460854
37027,Caldwell,37,027,1222184253,7052759,471.8879801030746,0.005737509472257902
48213,Henderson,48,213,2263061906,193353703,873.7730903087933,0.07871375767666358
53025,Grant,53,025,6939995086,289820268,2679.547093671975,0.04008681464315029
13151,Henry,13,151,825432653,20273033,318.7013303265756,0.023971735481508872
48189,Hale,48,189,2602109423,246678,1004.6800689933672,9.479025560921879e-5
39161,Van Wert,39,161,1059692857,3287921,409.1497011125263,0.003093114257612662
19119,Lyon,19,119,1521901260,440273,587.6093639194713,2.892077700411791e-4
01027,Clay,01,027,1564255426,5281616,603.9623989005972,0.00336507891095698
26127,Oceana,26,127,1393686390,1988709489,538.1053256576738,0.5879588197665256
13139,Hall,13,139,1016902387,93656704,392.6282082145474,0.08433293172690799
18099,Marshall,18,099,1148969978,15858580,443.61979037664304,0.013614518541019494
30057,Madison,30,057,9293281839,39849039,3588.1561923006516,0.004269632508200642
51073,Gloucester,51,073,564124714,181747503,217.80977063176468,0.24367109922797942
27025,Chisago,27,025,1074584867,71183600,414.8995383415082,0.06212738616064566
39145,Scioto,39,145,1580270731,16094954,610.1459427554898,0.010082247539666953
55083,Oconto,55,083,2583453775,392049248,997.4770830028137,0.13175898158043983
51685,Manassas Park,51,685,7857548,1609,3.033816255758086,2.04729336746931e-4
55133,Waukesha,55,133,1423780683,79806616,549.7247971911531,0.05307747415336474
55141,Wood,55,141,2053905279,42047719,793.0172648283597,0.02006138450629512
01067,Henry,01,067,1455293386,16620066,561.8919198895161,0.011291469601977657
17119,Madison,17,119,1853176519,63521524,715.5154570015205,0.03314112216683679
19129,Mills,19,129,1132940500,8316363,437.43077429583553,0.0072870212391441275
55099,Price,55,099,3247992725,62094098,1254.057007057291,0.018759054163939675
72013,Arecibo,72,013,326181952,117203464,125.93955624738199,0.26433766148050303
72125,San Germán,72,125,141145285,29099,54.49649942407071,2.061209631345018e-4
35019,Guadalupe,35,019,7847072133,2887948,3029.771500880641,3.678933357877798e-4
38041,Hettinger,38,041,2932485807,4008872,1132.2391044962717,0.0013651896012851588
39119,Muskingum,39,119,1721165826,20823924,664.5458432801294,0.011954102485390628
39163,Vinton,39,163,1068008170,6781751,412.3602614235949,0.006309838664741256
40039,Custer,40,039,2560924945,34326632,988.7786530756647,0.013226706922833323
06075,San Francisco,06,075,120951669,479702222,46.69970066657835,0.7986333380798827
48487,Wilbarger,48,487,2514738100,18202665,970.9458124537329,0.007186376109352088
28075,Lauderdale,28,075,1822508246,29730521,703.6743705501967,0.01605112771079367
29199,Scotland,29,199,1130548365,7217862,436.5071658051247,0.006343888426914961
31087,Hitchcock,31,087,1838765352,22080713,709.9512742934996,0.011865953565589532
39037,Darke,39,037,1549077538,4244898,598.1021835582951,0.002732786124515876
18173,Warrick,18,173,996186009,16631845,384.6295699196456,0.01642135842522381
18105,Monroe,18,105,1021806891,43510634,394.5218478030845,0.0408428782770658
26093,Livingston,26,093,1464076022,52118264,565.2829146203413,0.03437439679152043
47109,McNairy,47,109,1457753351,1994997,562.8417176897453,0.0013666718669237364
53059,Skamania,53,059,4294894337,73326450,1658.2679808451628,0.016786342443638025
31075,Grant,31,075,2011633362,17249018,776.6959863637983,0.008501733846197628
40127,Pushmataha,40,127,3614429654,69991694,1395.539096878476,0.01899665846795544
46129,Walworth,46,129,1832300802,96288709,707.4552975745332,0.049927010621390856
48263,Kent,48,263,2337482031,1065195,902.5068613249613,4.5549432919598436e-4
48363,Palo Pinto,48,363,2467090694,85364147,952.5490460747676,0.033443940174297485
17145,Perry,17,145,1144587283,13199036,441.9276223701568,0.0114002348994763
55089,Ozaukee,55,089,603495166,2287434584,233.0107871924199,0.7912453023114796
51670,Hopewell,51,670,26817673,1228128,10.354361473707156,0.0437900846547403
13067,Cobb,13,067,879835655,12035155,339.70644691379084,0.013494280634658287
48221,Hood,48,221,1089707278,41753389,420.7383338942754,0.0369022010378024
28017,Chickasaw,28,017,1299608408,6380767,501.7816135911976,0.004885773268373377
55135,Waupaca,55,135,1936538046,45253543,747.7015226440616,0.02283466296414885
55091,Pepin,55,091,600897314,43238609,232.00775092364324,0.06712652944214074
01029,Cleburne,01,029,1450666453,2352217,560.1054510636554,0.0016188484350307764
13017,Ben Hill,13,017,647802123,9814374,250.11779899683708,0.014924160273917216
13201,Miller,13,201,731471756,3211332,282.4228250315127,0.004371043858845435
19143,Osceola,19,143,1032593803,1835263,398.6866978269128,0.0017741796516765704
20185,Stafford,20,185,2051389756,7435417,792.0460159643204,0.0036114853740424903
72085,Las Piedras,72,085,87748419,32509,33.87985411979306,3.703424051292782e-4
72145,Vega Baja,72,145,118746311,57826361,45.8482071790214,0.32749326577557825
72049,Culebra,72,049,30166574,407107287,11.647379383712225,0.9310121717977559
28069,Kemper,28,069,1984403151,2182350,766.1823430771748,0.0010985432033514071
29125,Maries,29,125,1364873607,7632374,526.980647903363,0.00556090400016989
29219,Warren,29,219,1110043615,23774997,428.590237538157,0.020968959892148958
31079,Hall,31,079,1415507132,14540001,546.5303612784938,0.010167497744985165
05055,Greene,05,055,1495304329,5273183,577.3402314087853,0.003514102375805829
17013,Calhoun,17,013,657415184,77051402,253.82942261394945,0.10490797466993278
55109,St. Croix,55,109,1870380086,33740117,722.157791381358,0.017719531018494213
05065,Izard,05,065,1502713749,9576574,580.2010244757495,0.006332497043955495
12099,Palm Beach,12,099,5087491664,1084969367,1964.2915208760996,0.17577581479266532
02158,Kusilvak,02,158,44229459238,6686116460,17077.08975110735,0.131317703243855
19113,Linn,19,113,1857048431,19835227,717.0104105883729,0.010568170762985033
19105,Jones,19,105,1490844764,3782491,575.6183837292534,0.00253072529444808
31073,Gosper,31,073,1186729291,11718689,458.19874268920387,0.009778220828575305
36121,Wyoming,36,121,1535086366,9085228,592.7001618269983,0.005883561150393756
19173,Taylor,19,173,1377618878,7133363,531.9016245673098,0.005151364113228397
51770,Roanoke,51,770,110129436,855753,42.52121312835376,0.007710515319300848
55041,Forest,55,041,2626936100,83536591,1014.2657026107571,0.030819934573544833
08025,Crowley,08,025,2039427879,33422981,787.4275094159699,0.01612416100210895
13287,Turner,13,287,739227757,11818093,285.4174337712208,0.01573551468262557
26117,Montcalm,26,117,1826793471,39944685,705.3289051791396,0.02139811889075674
31009,Blaine,31,009,1840709884,9415061,710.7020622990507,0.005088878470313258
31125,Nance,31,125,1143726173,17186004,441.5951459390875,0.014803879518614093
35005,Chaves,35,005,15713917209,20469858,6067.177377764786,0.001300963165125878
37183,Wake,37,183,2161632139,58019078,834.6108381733491,0.02613882647671848
38065,Oliver,38,065,1871017447,22475760,722.403877840211,0.01186999769363313
72045,Comerío,72,045,73558550,318383,28.40111504759423,0.004309640195810511
72001,Adjuntas,72,001,172726407,1051110,66.69003884612442,0.006048596033283178
72015,Arroyo,72,015,38872744,53456651,15.008850426764509,0.5789775942970276
13193,Macon,13,193,1037709938,13841916,400.66204860169046,0.013163322329133566
18081,Johnson,18,081,829870741,3563935,320.4148856900153,0.0042762019659474786
48027,Bell,48,027,2729408686,94385099,1053.8305894146772,0.033424926246871815
02275,Wrangell,02,275,6620347765,2384381271,2556.13057256904,0.26479211772697253
05009,Boone,05,009,1527375316,31797985,589.7229087654881,0.020394131287141633
08063,Kit Carson,08,063,5596501950,2251929,2160.82149180531,4.0221968114130064e-4
38021,Dickey,38,021,2930554410,27619632,1131.4933879425932,0.009336716368901191
39045,Fairfield,39,045,1306299937,10869534,504.3652273923575,0.008252190958956716
39097,Madison,39,097,1208715705,2129636,466.6877446270892,0.0017588010028111428
72054,Florida,72,054,39404175,21333,15.214037083799727,5.41096388662893e-4
12115,Sarasota,12,115,1440049637,1086618344,556.0062754728486,0.43005980689633
48259,Kendall,48,259,1715747613,1496797,662.453859537038,8.716272368008465e-4
48365,Panola,48,365,2101400900,25810623,811.3554266909566,0.01213354794336548
48171,Gillespie,48,171,2740731344,9000570,1058.2022921263615,0.003273253641263881
13149,Heard,13,149,766567357,13263789,295.97331238703373,0.017008539692257945
39087,Lawrence,39,087,1174282178,10029914,453.39288547310315,0.008468978800226588
42105,Potter,42,105,2800422711,558970,1081.2492578633855,1.9956217628686447e-4
46051,Grant,46,051,1764937242,15765681,681.4460815476333,0.008853627854689605
48111,Dallam,48,111,3893095084,5180577,1503.132421342013,0.0013289406523578323
40091,McIntosh,40,091,1601338581,242888281,618.2802851488004,0.13170195381309874
40149,Washita,40,149,2597989578,14579003,1003.0893879396589,0.005580333127339251
05035,Crittenden,05,035,1587312632,81689126,612.8648359426825,0.0489449011113624
41041,Lincoln,41,041,2540733352,553145247,980.9826354028421,0.17878699157064112
18093,Lawrence,18,093,1163282516,7207557,449.1458922147171,0.0061577258673598334
18103,Miami,18,103,968246954,9184623,373.8422404334599,0.00939669150877044
19081,Hancock,19,081,1478895051,5265568,571.0045737275781,0.003547842418530039
19095,Iowa,19,095,1518911690,2686847,586.4550844847511,0.001765805457001435
20193,Thomas,20,193,2783425128,288241,1074.6864543508907,1.0354550264043367e-4
17157,Randolph,17,157,1490194097,56150220,575.3671597950585,0.03631158945824871
17085,Jo Daviess,17,085,1556385358,45789931,600.923748645795,0.028579850977841412
27161,Waseca,27,161,1096505128,24893714,423.3629984631976,0.0221988048031175
27083,Lyon,27,083,1850315114,18794794,714.4106623501475,0.010055478235686501
28077,Lawrence,28,077,1115254005,13188412,430.6019803720334,0.011687270702799185
31167,Stanton,31,167,1107564315,8725894,427.63297445266255,0.007816868704614788
35061,Valencia,35,061,2762854194,2760090,1066.74397229856,9.980025110399669e-4
47067,Hancock,47,067,575816010,2988718,222.32380527153774,0.005163603293855609
17059,Gallatin,17,059,836413648,13357002,322.94111621593936,0.015718361183691153
20079,Harvey,20,079,1397961178,2503283,539.7558305383719,0.001787466279731607
21009,Barren,21,009,1262269990,32723250,487.365169747305,0.025269050825315505
18155,Switzerland,18,155,571526242,7531847,220.6675165804816,0.013007066377411404
19071,Fremont,19,071,1323918215,14168938,511.1676825851053,0.010588950030820601
20175,Seward,20,175,1656693303,1961444,639.6528628838101,0.0011825511026617524
39065,Hardin,39,065,1218033117,630279,470.2852175266751,5.171887512735305e-4
40017,Canadian,40,017,2322112748,23146754,896.57274795973,0.00986959182140007
48441,Taylor,48,441,2371228265,9760311,915.5363551670372,0.0040992683032511955
18029,Dearborn,18,029,790171255,6019020,305.0868283912192,0.007559775833735221
20089,Jewell,20,089,2356813569,11367163,909.9708099044933,0.004799955867557494
21213,Simpson,21,213,606511223,5930956,234.1752933150542,0.009684107664962116
23011,Kennebec,23,011,2246742799,216787826,867.472247845463,0.08799883541127076
51550,Chesapeake,51,550,876598053,32349712,338.4564017881009,0.035590287193236016
17165,Saline,17,165,984171707,17977593,379.99082196555264,0.017939036628574205
21185,Oldham,21,185,485089203,23440362,187.29398911137852,0.04609439374483566
01021,Chilton,01,021,1794438908,20592054,692.836738516289,0.01134529075873693
23009,Hancock,23,009,4110642801,1962698999,1587.1280647969,0.3231662342797832
36093,Schenectady,36,093,530089712,12366944,204.6687828411258,0.02279803162743384
37109,Lincoln,37,109,766239896,23350160,295.8468789875907,0.029572510219150985
38049,McHenry,38,049,4853487958,97323497,1873.942184522006,0.019658089968606976
27133,Rock,27,133,1249562279,698231,482.4586950804909,5.584684107154596e-4
28023,Clarke,28,023,1791173034,5073931,691.5757775103291,0.0028247401937851013
35009,Curry,35,009,3640289850,7992977,1405.523774414253,0.0021908874336293337
36073,Orleans,36,073,1013364725,1103744014,391.26230927470283,0.5213449803817564
54055,Mercer,54,055,1085106063,4442450,418.9617948437678,0.0040773310660284475
55013,Burnett,55,013,2127924577,151846353,821.5962756740079,0.06660596948659224
26101,Manistee,26,101,1404616368,1912438858,542.3254137731366,0.5765471864953507
28059,Jackson,28,059,1872109196,830292614,722.8254044873796,0.3072424725766447
39113,Montgomery,39,113,1194894573,7494894,461.351375707093,0.0062333330469868465
39115,Morgan,39,115,1078538282,13868572,416.42596041271383,0.012695427485847685
40107,Okfuskee,40,107,1601800028,26649343,618.4584508322645,0.016364858174027934
13071,Colquitt,13,071,1416807490,24881028,547.0324323111755,0.01725825494852141
13005,Bacon,13,005,735770219,4506310,284.08247088085074,0.006087333345671966
19115,Louisa,19,115,1040596799,40784321,401.77667186965067,0.03771502964653202
56001,Albany,56,001,11070062818,89554047,4274.175166287443,0.008024831684040078
05087,Madison,05,087,2160665381,7455733,834.2375708212713,0.0034387991297427124
29009,Barry,29,009,2015326675,32912693,778.121982490962,0.01606877277831914
35029,Luna,35,029,7679773818,433660,2965.177260080847,5.64646204210266e-5
13035,Butts,13,035,475754794,11269640,183.68995363337768,0.02313978357808635
42053,Forest,42,053,1106595595,8369676,427.25894956814665,0.007506669685319732
54005,Boone,54,005,1301133236,4305989,502.37035297575306,0.003298498250655828
55081,Monroe,55,081,2333329774,18586766,900.9036659280404,0.007902816993667641
55067,Langlade,55,067,2255076113,44299599,870.6897583815153,0.019265924558917843
60030,Rose Island,60,030,82093,147383994,0.031696284627717015,0.9994433092945635
19019,Buchanan,19,019,1479086684,5223044,571.0785636428213,0.003518837006503807
20059,Franklin,20,059,1480882201,13893465,571.7718166349877,0.009294682350013584
20195,Trego,20,195,2303727352,26281951,889.4741068501434,0.011279762259386997
51043,Clarke,51,043,455729731,5685740,175.95823355327386,0.012322386996859063
45039,Fairfield,45,039,1777521259,61063162,686.3047976938581,0.03321205232816449
47077,Henderson,47,077,1346816756,15219341,520.008858727961,0.011173963034843122
48473,Waller,48,473,1329431896,11827973,513.2965267292154,0.008818554311043806
48087,Collingsworth,48,087,2378750408,2278703,918.4406708277926,9.570244183377396e-4
13277,Tift,13,277,675702322,20458292,260.89012609749057,0.02938731607128811
18097,Marion,18,097,1025609006,18178631,395.9898526174695,0.01741602444367714
18065,Henry,18,065,1014957931,7652084,391.8774495527605,0.0074828956178372655
18181,White,18,181,1308297040,9176034,505.1363131745663,0.006964874031269956
01039,Covington,01,039,2669165560,34194851,1030.5705883359078,0.012649016705601228
05105,Perry,05,105,1427953397,24428560,551.3358910799628,0.01681965262805864
12019,Clay,12,019,1565900896,100869769,604.5977184219495,0.06051808513200585
46025,Clark,46,025,2479944305,25864874,957.5118530467379,0.010321964743668935
47007,Bledsoe,47,007,1052973468,858669,406.5553305051865,8.148062389181058e-4
48439,Tarrant,48,439,2240985247,99783487,865.2492445814712,0.04262851154436173
19181,Warren,19,181,1475406267,8647198,569.6575466891142,0.005826742906462605
19103,Johnson,19,103,1587655795,26070847,612.9973319182432,0.016155677375251514
19137,Montgomery,19,137,1098405769,2410446,424.0968400588404,0.0021896897657889243
20065,Graham,20,065,2327173853,599356,898.5268515326383,2.5748040989675297e-4
01077,Lauderdale,01,077,1730157475,133597557,668.01753838174,0.07168192960243071
13131,Grady,13,131,1177051419,15026664,454.46209540499433,0.012605436014882256
20011,Bourbon,20,011,1645836648,9402853,635.4610849370312,0.005680660106479661
21145,McCracken,21,145,644351557,49602861,248.78552801072715,0.07147855783230996
21171,Monroe,21,171,853335721,6686907,329.47476515432635,0.0077752686758376785
48123,DeWitt,48,123,2354237965,3919919,908.9763636365742,0.0016622801325545172
26045,Eaton,26,045,1489783263,10942054,575.2085359002228,0.0072911770568870864
27057,Hubbard,27,057,2398360003,190330918,926.0119778156509,0.07352400259760482
20003,Anderson,20,003,1501263984,10599676,579.6412670776364,0.00701099992045579
20083,Hodgeman,20,083,2227369149,826344,859.9920397317655,3.7085794428541195e-4
22089,St. Charles,22,089,719347893,308635082,277.7417753386589,0.30023365124310547
26161,Washtenaw,26,161,1828539920,42523115,706.0032129105149,0.02272671428196966
16019,Bonneville,16,019,4832814958,88912980,1865.9602945666043,0.018065399209394494
17183,Vermilion,17,183,2326634937,7531157,898.3187749009348,0.0032264871893045327
20007,Barber,20,007,2937240778,5411508,1134.0750090705048,0.0018389899566951418
27081,Lincoln,27,081,1390269886,30163010,536.7862060833406,0.021235082688482034
28027,Coahoma,28,027,1432526490,77525442,553.1015721655247,0.051339586644096956
30091,Sheridan,30,091,4343256741,75111952,1676.9408094963833,0.016999928529957107
28071,Lafayette,28,071,1636088510,123105438,631.6973077984412,0.06997832054842881
28015,Carroll,28,015,1627517131,16050556,628.3878798516487,0.009765679945495303
17093,Kendall,17,093,829411568,5137717,320.2375980028634,0.006156277516911419
55045,Green,55,045,1512667179,1313241,584.0440652989872,8.674095005799348e-4
55125,Vilas,55,125,2221459139,414414743,857.7101721046517,0.15722100584173548
05123,St. Francis,05,123,1644082976,20017606,634.7839883897536,0.012029084189095008
20183,Smith,20,183,2319241775,3884267,895.4642590828892,0.0016720001109608326
35053,Socorro,35,053,17214061665,4843011,6646.3863926633485,2.812612701637329e-4
51830,Williamsburg,51,830,23149770,416905,8.9381762024312,0.017690446361228303
31165,Sioux,31,165,5352788430,1662499,2066.723175291809,3.1048916537750195e-4
36021,Columbia,36,021,1643770715,35071400,634.6634237431438,0.020890231241310026
39099,Mahoning,39,099,1065746923,35461887,411.4871890724131,0.03220269096830055
29047,Clay,29,047,1029905842,28508807,397.64887027859317,0.02693538588769098
29135,Moniteau,29,135,1074931224,9940393,415.03326752736814,0.009162736718551279
31119,Madison,31,119,1483057701,7352795,572.6117818842488,0.004933402589242099
05079,Lincoln,05,079,1449008946,26693606,559.4654840306023,0.018088744214626796
08045,Garfield,08,045,7633796656,21707241,2947.425378518148,0.0028355077983183478
13057,Cherokee,13,057,1090435373,34427591,421.01945294652126,0.030606031224973285
26043,Dickinson,26,043,1970845135,40505952,760.947563813131,0.020138678056656947
20073,Greenwood,20,073,2961143637,24145021,1143.303954562571,0.008088002121770028
26065,Ingham,26,065,1440257552,11984867,556.0865519034624,0.008252662808357205
40151,Woods,40,151,3331971779,9081295,1286.4815012084418,0.002718093606674624
44001,Bristol,44,001,62500773,53359134,24.13168346217498,0.4605487384000748
51678,Lexington,51,678,6473000,67783,2.499239282219096,0.010363132365039477
54105,Wirt,54,105,602201076,5839709,232.51113624807775,0.0096041402880565
55069,Lincoln,55,069,2275832535,72745054,878.7038577513155,0.030974090164495732
47083,Houston,47,083,518758193,17303404,200.29365887820103,0.03227876068130282
48115,Dawson,48,115,2331781562,4720730,900.3058979305735,0.0020204260086383857
26123,Newaygo,26,123,2172706360,59083043,838.8866188226888,0.026473395258790913
27033,Cottonwood,27,033,1657522319,22249932,639.9729477521537,0.013245802808538001
27087,Mahnomen,27,087,1444868085,64851532,557.8666886538977,0.042956010685525854
17117,Macoupin,17,117,2235091100,12250027,862.9735016929228,0.005450897886763054
05047,Franklin,05,047,1577218110,28853849,608.9673191934743,0.017965477099771716
01017,Chambers,01,017,1545068570,16988729,596.5543123537904,0.010875868004890646
02110,Juneau,02,110,7003853675,1426248704,2704.203032824745,0.1691852174361357
48097,Cooke,48,097,2265789888,61319327,874.8263700516616,0.02634999964967265
17191,Wayne,17,191,1848810381,4224962,713.8296816884989,0.002280022351413942
72005,Aguadilla,72,005,94642779,101102905,36.541781408184846,0.5165013242386484
72137,Toa Baja,72,137,60201713,48075983,23.244011430013906,0.4440063353398284
72009,Aibonito,72,009,81098530,67829,31.31231761257899,8.356787323674332e-4
