GEOID,County_Name,Population_2020,RUCC_2023,Description
01001,Autauga County,58805,2,"Metro - Counties in metro areas of 250,000 to 1 million population"
01003,Baldwin County,231767,3,"Metro - Counties in metro areas of fewer than 250,000 population"
01005,Barbour County,25223,6,"Nonmetro - Urban population of 5,000 to 20,000, adjacent to a metro area"
01007,Bibb County,22293,1,Metro - Counties in metro areas of 1 million population or more
01009,Blount County,59134,1,Metro - Counties in metro areas of 1 million population or more
01011,Bullock County,10357,8,"Nonmetro - Urban population of fewer than 5,000, adjacent to a metro area"
01013,Butler County,19051,6,"Nonmetro - Urban population of 5,000 to 20,000, adjacent to a metro area"
01015,Calhoun County,116441,3,"Metro - Counties in metro areas of fewer than 250,000 population"
01017,Chambers County,34772,6,"Nonmetro - Urban population of 5,000 to 20,000, adjacent to a metro area"
01019,Cherokee County,24971,8,"Nonmetro - Urban population of fewer than 5,000, adjacent to a metro area"
01021,Chilton County,45014,1,Metro - Counties in metro areas of 1 million population or more
01023,Choctaw County,12665,9,"Nonmetro - Urban population of fewer than 5,000, not adjacent to a metro area"
01025,Clarke County,23087,9,"Nonmetro - Urban population of fewer than 5,000, not adjacent to a metro area"
01027,Clay County,14236,9,"Nonmetro - Urban population of fewer than 5,000, not adjacent to a metro area"
01029,Cleburne County,15056,8,"Nonmetro - Urban population of fewer than 5,000, adjacent to a metro area"
01031,Coffee County,53465,4,"Nonmetro - Urban population of 20,000 or more, adjacent to a metro area"
01033,Colbert County,57227,3,"Metro - Counties in metro areas of fewer than 250,000 population"
01035,Conecuh County,11597,9,"Nonmetro - Urban population of fewer than 5,000, not adjacent to a metro area"
01037,Coosa County,10387,8,"Nonmetro - Urban population of fewer than 5,000, adjacent to a metro area"
01039,Covington County,37570,6,"Nonmetro - Urban population of 5,000 to 20,000, adjacent to a metro area"
01041,Crenshaw County,13194,8,"Nonmetro - Urban population of fewer than 5,000, adjacent to a metro area"
01043,Cullman County,87866,4,"Nonmetro - Urban population of 20,000 or more, adjacent to a metro area"
01045,Dale County,49326,4,"Nonmetro - Urban population of 20,000 or more, adjacent to a metro area"
01047,Dallas County,38462,4,"Nonmetro - Urban population of 20,000 or more, adjacent to a metro area"
01049,DeKalb County,71608,6,"Nonmetro - Urban population of 5,000 to 20,000, adjacent to a metro area"
01051,Elmore County,87977,2,"Metro - Counties in metro areas of 250,000 to 1 million population"
01053,Escambia County,36757,6,"Nonmetro - Urban population of 5,000 to 20,000, adjacent to a metro area"
01055,Etowah County,103436,3,"Metro - Counties in metro areas of fewer than 250,000 population"
01057,Fayette County,16321,8,"Nonmetro - Urban population of fewer than 5,000, adjacent to a metro area"
01059,Franklin County,32113,6,"Nonmetro - Urban population of 5,000 to 20,000, adjacent to a metro area"
01061,Geneva County,26659,3,"Metro - Counties in metro areas of fewer than 250,000 population"
01063,Greene County,7730,2,"Metro - Counties in metro areas of 250,000 to 1 million population"
01065,Hale County,14785,2,"Metro - Counties in metro areas of 250,000 to 1 million population"
01067,Henry County,17146,3,"Metro - Counties in metro areas of fewer than 250,000 population"
01069,Houston County,107202,3,"Metro - Counties in metro areas of fewer than 250,000 population"
01071,Jackson County,52579,6,"Nonmetro - Urban population of 5,000 to 20,000, adjacent to a metro area"
01073,Jefferson County,674721,1,Metro - Counties in metro areas of 1 million population or more
01075,Lamar County,13972,8,"Nonmetro - Urban population of fewer than 5,000, adjacent to a metro area"
01077,Lauderdale County,93564,3,"Metro - Counties in metro areas of fewer than 250,000 population"
01079,Lawrence County,33073,3,"Metro - Counties in metro areas of fewer than 250,000 population"
01081,Lee County,174241,3,"Metro - Counties in metro areas of fewer than 250,000 population"
01083,Limestone County,103570,2,"Metro - Counties in metro areas of 250,000 to 1 million population"
01085,Lowndes County,10311,2,"Metro - Counties in metro areas of 250,000 to 1 million population"
01087,Macon County,19532,3,"Metro - Counties in metro areas of fewer than 250,000 population"
01089,Madison County,388153,2,"Metro - Counties in metro areas of 250,000 to 1 million population"
01091,Marengo County,19323,6,"Nonmetro - Urban population of 5,000 to 20,000, adjacent to a metro area"
01093,Marion County,29341,9,"Nonmetro - Urban population of fewer than 5,000, not adjacent to a metro area"
01095,Marshall County,97612,4,"Nonmetro - Urban population of 20,000 or more, adjacent to a metro area"
01097,Mobile County,414809,2,"Metro - Counties in metro areas of 250,000 to 1 million population"
01099,Monroe County,19772,8,"Nonmetro - Urban population of fewer than 5,000, adjacent to a metro area"
01101,Montgomery County,228954,2,"Metro - Counties in metro areas of 250,000 to 1 million population"
01103,Morgan County,123421,3,"Metro - Counties in metro areas of fewer than 250,000 population"
01105,Perry County,8511,8,"Nonmetro - Urban population of fewer than 5,000, adjacent to a metro area"
01107,Pickens County,19123,2,"Metro - Counties in metro areas of 250,000 to 1 million population"
01109,Pike County,33009,6,"Nonmetro - Urban population of 5,000 to 20,000, adjacent to a metro area"
01111,Randolph County,21967,8,"Nonmetro - Urban population of fewer than 5,000, adjacent to a metro area"
01113,Russell County,59183,2,"Metro - Counties in metro areas of 250,000 to 1 million population"
01115,St. Clair County,91103,1,Metro - Counties in metro areas of 1 million population or more
01117,Shelby County,223024,1,Metro - Counties in metro areas of 1 million population or more
01119,Sumter County,12345,8,"Nonmetro - Urban population of fewer than 5,000, adjacent to a metro area"
01121,Talladega County,82149,4,"Nonmetro - Urban population of 20,000 or more, adjacent to a metro area"
01123,Tallapoosa County,41311,6,"Nonmetro - Urban population of 5,000 to 20,000, adjacent to a metro area"
01125,Tuscaloosa County,227036,2,"Metro - Counties in metro areas of 250,000 to 1 million population"
01127,Walker County,65342,1,Metro - Counties in metro areas of 1 million population or more
01129,Washington County,15388,8,"Nonmetro - Urban population of fewer than 5,000, adjacent to a metro area"
01131,Wilcox County,10600,9,"Nonmetro - Urban population of fewer than 5,000, not adjacent to a metro area"
01133,Winston County,23540,8,"Nonmetro - Urban population of fewer than 5,000, adjacent to a metro area"
02013,Aleutians East Borough,3420,9,"Nonmetro - Urban population of fewer than 5,000, not adjacent to a metro area"
02016,Aleutians West Census Area,5232,9,"Nonmetro - Urban population of fewer than 5,000, not adjacent to a metro area"
02020,Anchorage Municipality,291247,2,"Metro - Counties in metro areas of 250,000 to 1 million population"
02050,Bethel Census Area,18666,7,"Nonmetro - Urban population of 5,000 to 20,000, not adjacent to a metro area"
02060,Bristol Bay Borough,844,9,"Nonmetro - Urban population of fewer than 5,000, not adjacent to a metro area"
02063,Chugach Census Area,7102,9,"Nonmetro - Urban population of fewer than 5,000, not adjacent to a metro area"
02066,Copper River Census Area,2617,9,"Nonmetro - Urban population of fewer than 5,000, not adjacent to a metro area"
02068,Denali Borough,1619,9,"Nonmetro - Urban population of fewer than 5,000, not adjacent to a metro area"
02070,Dillingham Census Area,4857,9,"Nonmetro - Urban population of fewer than 5,000, not adjacent to a metro area"
02090,Fairbanks North Star Borough,95655,3,"Metro - Counties in metro areas of fewer than 250,000 population"
02100,Haines Borough,2080,9,"Nonmetro - Urban population of fewer than 5,000, not adjacent to a metro area"
02105,Hoonah-Angoon Census Area,2365,9,"Nonmetro - Urban population of fewer than 5,000, not adjacent to a metro area"
02110,Juneau City and Borough,32255,5,"Nonmetro - Urban population of 20,000 or more, not adjacent to a metro area"
02122,Kenai Peninsula Borough,58799,7,"Nonmetro - Urban population of 5,000 to 20,000, not adjacent to a metro area"
02130,Ketchikan Gateway Borough,13948,7,"Nonmetro - Urban population of 5,000 to 20,000, not adjacent to a metro area"
02150,Kodiak Island Borough,13101,7,"Nonmetro - Urban population of 5,000 to 20,000, not adjacent to a metro area"
02158,Kusilvak Census Area,8368,9,"Nonmetro - Urban population of fewer than 5,000, not adjacent to a metro area"
02164,Lake and Peninsula Borough,1476,9,"Nonmetro - Urban population of fewer than 5,000, not adjacent to a metro area"
02170,Matanuska-Susitna Borough,107081,2,"Metro - Counties in metro areas of 250,000 to 1 million population"
02180,Nome Census Area,10046,9,"Nonmetro - Urban population of fewer than 5,000, not adjacent to a metro area"
02185,North Slope Borough,11031,9,"Nonmetro - Urban population of fewer than 5,000, not adjacent to a metro area"
02188,Northwest Arctic Borough,7793,9,"Nonmetro - Urban population of fewer than 5,000, not adjacent to a metro area"
02195,Petersburg Borough,3398,9,"Nonmetro - Urban population of fewer than 5,000, not adjacent to a metro area"
02198,Prince of Wales-Hyder Census Area,5753,9,"Nonmetro - Urban population of fewer than 5,000, not adjacent to a metro area"
02220,Sitka City and Borough,8458,7,"Nonmetro - Urban population of 5,000 to 20,000, not adjacent to a metro area"
02230,Skagway Municipality,1240,9,"Nonmetro - Urban population of fewer than 5,000, not adjacent to a metro area"
02240,Southeast Fairbanks Census Area,6808,9,"Nonmetro - Urban population of fewer than 5,000, not adjacent to a metro area"
02275,Wrangell City and Borough,2127,9,"Nonmetro - Urban population of fewer than 5,000, not adjacent to a metro area"
02282,Yakutat City and Borough,662,9,"Nonmetro - Urban population of fewer than 5,000, not adjacent to a metro area"
02290,Yukon-Koyukuk Census Area,5343,8,"Nonmetro - Urban population of fewer than 5,000, adjacent to a metro area"
04001,Apache County,66021,8,"Nonmetro - Urban population of fewer than 5,000, adjacent to a metro area"
04003,Cochise County,125447,3,"Metro - Counties in metro areas of fewer than 250,000 population"
04005,Coconino County,145101,3,"Metro - Counties in metro areas of fewer than 250,000 population"
04007,Gila County,53272,4,"Nonmetro - Urban population of 20,000 or more, adjacent to a metro area"
04009,Graham County,38533,7,"Nonmetro - Urban population of 5,000 to 20,000, not adjacent to a metro area"
04011,Greenlee County,9563,9,"Nonmetro - Urban population of fewer than 5,000, not adjacent to a metro area"
04012,La Paz County,16557,6,"Nonmetro - Urban population of 5,000 to 20,000, adjacent to a metro area"
04013,Maricopa County,4420568,1,Metro - Counties in metro areas of 1 million population or more
04015,Mohave County,213267,3,"Metro - Counties in metro areas of fewer than 250,000 population"
04017,Navajo County,106717,4,"Nonmetro - Urban population of 20,000 or more, adjacent to a metro area"
04019,Pima County,1043433,1,Metro - Counties in metro areas of 1 million population or more
04021,Pinal County,425264,1,Metro - Counties in metro areas of 1 million population or more
04023,Santa Cruz County,47669,6,"Nonmetro - Urban population of 5,000 to 20,000, adjacent to a metro area"
04025,Yavapai County,236209,3,"Metro - Counties in metro areas of fewer than 250,000 population"
04027,Yuma County,203881,3,"Metro - Counties in metro areas of fewer than 250,000 population"
05001,Arkansas County,17149,6,"Nonmetro - Urban population of 5,000 to 20,000, adjacent to a metro area"
05003,Ashley County,19062,7,"Nonmetro - Urban population of 5,000 to 20,000, not adjacent to a metro area"
05005,Baxter County,41627,7,"Nonmetro - Urban population of 5,000 to 20,000, not adjacent to a metro area"
05007,Benton County,284333,2,"Metro - Counties in metro areas of 250,000 to 1 million population"
05009,Boone County,37373,7,"Nonmetro - Urban population of 5,000 to 20,000, not adjacent to a metro area"
05011,Bradley County,10545,7,"Nonmetro - Urban population of 5,000 to 20,000, not adjacent to a metro area"
05013,Calhoun County,4739,9,"Nonmetro - Urban population of fewer than 5,000, not adjacent to a metro area"
05015,Carroll County,28260,6,"Nonmetro - Urban population of 5,000 to 20,000, adjacent to a metro area"
05017,Chicot County,10208,9,"Nonmetro - Urban population of fewer than 5,000, not adjacent to a metro area"
05019,Clark County,21446,7,"Nonmetro - Urban population of 5,000 to 20,000, not adjacent to a metro area"
05021,Clay County,14552,9,"Nonmetro - Urban population of fewer than 5,000, not adjacent to a metro area"
05023,Cleburne County,24711,6,"Nonmetro - Urban population of 5,000 to 20,000, adjacent to a metro area"
05025,Cleveland County,7550,8,"Nonmetro - Urban population of fewer than 5,000, adjacent to a metro area"
05027,Columbia County,22801,7,"Nonmetro - Urban population of 5,000 to 20,000, not adjacent to a metro area"
05029,Conway County,20715,6,"Nonmetro - Urban population of 5,000 to 20,000, adjacent to a metro area"
05031,Craighead County,111231,3,"Metro - Counties in metro areas of fewer than 250,000 population"
05033,Crawford County,60133,3,"Metro - Counties in metro areas of fewer than 250,000 population"
05035,Crittenden County,48163,1,Metro - Counties in metro areas of 1 million population or more
05037,Cross County,16833,6,"Nonmetro - Urban population of 5,000 to 20,000, adjacent to a metro area"
05039,Dallas County,6482,8,"Nonmetro - Urban population of fewer than 5,000, adjacent to a metro area"
05041,Desha County,11395,9,"Nonmetro - Urban population of fewer than 5,000, not adjacent to a metro area"
05043,Drew County,17350,7,"Nonmetro - Urban population of 5,000 to 20,000, not adjacent to a metro area"
05045,Faulkner County,123498,2,"Metro - Counties in metro areas of 250,000 to 1 million population"
05047,Franklin County,17097,8,"Nonmetro - Urban population of fewer than 5,000, adjacent to a metro area"
05049,Fulton County,12075,9,"Nonmetro - Urban population of fewer than 5,000, not adjacent to a metro area"
05051,Garland County,100180,3,"Metro - Counties in metro areas of fewer than 250,000 population"
05053,Grant County,17958,2,"Metro - Counties in metro areas of 250,000 to 1 million population"
05055,Greene County,45736,4,"Nonmetro - Urban population of 20,000 or more, adjacent to a metro area"
05057,Hempstead County,20065,6,"Nonmetro - Urban population of 5,000 to 20,000, adjacent to a metro area"
05059,Hot Spring County,33040,6,"Nonmetro - Urban population of 5,000 to 20,000, adjacent to a metro area"
05061,Howard County,12785,8,"Nonmetro - Urban population of fewer than 5,000, adjacent to a metro area"
05063,Independence County,37938,7,"Nonmetro - Urban population of 5,000 to 20,000, not adjacent to a metro area"
05065,Izard County,13577,9,"Nonmetro - Urban population of fewer than 5,000, not adjacent to a metro area"
05067,Jackson County,16755,6,"Nonmetro - Urban population of 5,000 to 20,000, adjacent to a metro area"
05069,Jefferson County,67260,4,"Nonmetro - Urban population of 20,000 or more, adjacent to a metro area"
05071,Johnson County,25749,7,"Nonmetro - Urban population of 5,000 to 20,000, not adjacent to a metro area"
05073,Lafayette County,6308,8,"Nonmetro - Urban population of fewer than 5,000, adjacent to a metro area"
05075,Lawrence County,16216,6,"Nonmetro - Urban population of 5,000 to 20,000, adjacent to a metro area"
05077,Lee County,8600,8,"Nonmetro - Urban population of fewer than 5,000, adjacent to a metro area"
05079,Lincoln County,12941,9,"Nonmetro - Urban population of fewer than 5,000, not adjacent to a metro area"
05081,Little River County,12026,3,"Metro - Counties in metro areas of fewer than 250,000 population"
05083,Logan County,21131,8,"Nonmetro - Urban population of fewer than 5,000, adjacent to a metro area"
05085,Lonoke County,74015,2,"Metro - Counties in metro areas of 250,000 to 1 million population"
05087,Madison County,16521,2,"Metro - Counties in metro areas of 250,000 to 1 million population"
05089,Marion County,16826,9,"Nonmetro - Urban population of fewer than 5,000, not adjacent to a metro area"
05091,Miller County,42600,3,"Metro - Counties in metro areas of fewer than 250,000 population"
05093,Mississippi County,40685,4,"Nonmetro - Urban population of 20,000 or more, adjacent to a metro area"
05095,Monroe County,6799,9,"Nonmetro - Urban population of fewer than 5,000, not adjacent to a metro area"
05097,Montgomery County,8484,8,"Nonmetro - Urban population of fewer than 5,000, adjacent to a metro area"
05099,Nevada County,8310,9,"Nonmetro - Urban population of fewer than 5,000, not adjacent to a metro area"
05101,Newton County,7225,9,"Nonmetro - Urban population of fewer than 5,000, not adjacent to a metro area"
05103,Ouachita County,22650,7,"Nonmetro - Urban population of 5,000 to 20,000, not adjacent to a metro area"
05105,Perry County,10019,2,"Metro - Counties in metro areas of 250,000 to 1 million population"
05107,Phillips County,16568,7,"Nonmetro - Urban population of 5,000 to 20,000, not adjacent to a metro area"
05109,Pike County,10171,9,"Nonmetro - Urban population of fewer than 5,000, not adjacent to a metro area"
05111,Poinsett County,22965,3,"Metro - Counties in metro areas of fewer than 250,000 population"
05113,Polk County,19221,7,"Nonmetro - Urban population of 5,000 to 20,000, not adjacent to a metro area"
05115,Pope County,63381,5,"Nonmetro - Urban population of 20,000 or more, not adjacent to a metro area"
05117,Prairie County,8282,8,"Nonmetro - Urban population of fewer than 5,000, adjacent to a metro area"
05119,Pulaski County,399125,2,"Metro - Counties in metro areas of 250,000 to 1 million population"
05121,Randolph County,18571,7,"Nonmetro - Urban population of 5,000 to 20,000, not adjacent to a metro area"
05123,St. Francis County,23090,6,"Nonmetro - Urban population of 5,000 to 20,000, adjacent to a metro area"
05125,Saline County,123416,2,"Metro - Counties in metro areas of 250,000 to 1 million population"
05127,Scott County,9836,8,"Nonmetro - Urban population of fewer than 5,000, adjacent to a metro area"
05129,Searcy County,7828,9,"Nonmetro - Urban population of fewer than 5,000, not adjacent to a metro area"
05131,Sebastian County,127799,3,"Metro - Counties in metro areas of fewer than 250,000 population"
05133,Sevier County,15839,6,"Nonmetro - Urban population of 5,000 to 20,000, adjacent to a metro area"
05135,Sharp County,17271,9,"Nonmetro - Urban population of fewer than 5,000, not adjacent to a metro area"
05137,Stone County,12359,9,"Nonmetro - Urban population of fewer than 5,000, not adjacent to a metro area"
05139,Union County,39054,7,"Nonmetro - Urban population of 5,000 to 20,000, not adjacent to a metro area"
05141,Van Buren County,15796,8,"Nonmetro - Urban population of fewer than 5,000, adjacent to a metro area"
05143,Washington County,245871,2,"Metro - Counties in metro areas of 250,000 to 1 million population"
05145,White County,76822,4,"Nonmetro - Urban population of 20,000 or more, adjacent to a metro area"
05147,Woodruff County,6269,9,"Nonmetro - Urban population of fewer than 5,000, not adjacent to a metro area"
05149,Yell County,20263,9,"Nonmetro - Urban population of fewer than 5,000, not adjacent to a metro area"
06001,Alameda County,1682353,1,Metro - Counties in metro areas of 1 million population or more
06003,Alpine County,1204,8,"Nonmetro - Urban population of fewer than 5,000, adjacent to a metro area"
06005,Amador County,40474,6,"Nonmetro - Urban population of 5,000 to 20,000, adjacent to a metro area"
06007,Butte County,211632,3,"Metro - Counties in metro areas of fewer than 250,000 population"
06009,Calaveras County,45292,6,"Nonmetro - Urban population of 5,000 to 20,000, adjacent to a metro area"
06011,Colusa County,21839,6,"Nonmetro - Urban population of 5,000 to 20,000, adjacent to a metro area"
06013,Contra Costa County,1165927,1,Metro - Counties in metro areas of 1 million population or more
06015,Del Norte County,27743,7,"Nonmetro - Urban population of 5,000 to 20,000, not adjacent to a metro area"
06017,El Dorado County,191185,1,Metro - Counties in metro areas of 1 million population or more
06019,Fresno County,1008654,1,Metro - Counties in metro areas of 1 million population or more
06021,Glenn County,28917,6,"Nonmetro - Urban population of 5,000 to 20,000, adjacent to a metro area"
06023,Humboldt County,136463,5,"Nonmetro - Urban population of 20,000 or more, not adjacent to a metro area"
06025,Imperial County,179702,3,"Metro - Counties in metro areas of fewer than 250,000 population"
06027,Inyo County,19016,6,"Nonmetro - Urban population of 5,000 to 20,000, adjacent to a metro area"
06029,Kern County,909235,2,"Metro - Counties in metro areas of 250,000 to 1 million population"
06031,Kings County,152486,3,"Metro - Counties in metro areas of fewer than 250,000 population"
06033,Lake County,68163,4,"Nonmetro - Urban population of 20,000 or more, adjacent to a metro area"
06035,Lassen County,32730,7,"Nonmetro - Urban population of 5,000 to 20,000, not adjacent to a metro area"
06037,Los Angeles County,10014009,1,Metro - Counties in metro areas of 1 million population or more
06039,Madera County,156255,1,Metro - Counties in metro areas of 1 million population or more
06041,Marin County,262321,1,Metro - Counties in metro areas of 1 million population or more
06043,Mariposa County,17131,8,"Nonmetro - Urban population of fewer than 5,000, adjacent to a metro area"
06045,Mendocino County,91601,4,"Nonmetro - Urban population of 20,000 or more, adjacent to a metro area"
06047,Merced County,281202,2,"Metro - Counties in metro areas of 250,000 to 1 million population"
06049,Modoc County,8700,8,"Nonmetro - Urban population of fewer than 5,000, adjacent to a metro area"
06051,Mono County,13195,7,"Nonmetro - Urban population of 5,000 to 20,000, not adjacent to a metro area"
06053,Monterey County,439035,2,"Metro - Counties in metro areas of 250,000 to 1 million population"
06055,Napa County,138019,3,"Metro - Counties in metro areas of fewer than 250,000 population"
06057,Nevada County,102241,4,"Nonmetro - Urban population of 20,000 or more, adjacent to a metro area"
06059,Orange County,3186989,1,Metro - Counties in metro areas of 1 million population or more
06061,Placer County,404739,1,Metro - Counties in metro areas of 1 million population or more
06063,Plumas County,19790,9,"Nonmetro - Urban population of fewer than 5,000, not adjacent to a metro area"
06065,Riverside County,2418185,1,Metro - Counties in metro areas of 1 million population or more
06067,Sacramento County,1585055,1,Metro - Counties in metro areas of 1 million population or more
06069,San Benito County,64209,1,Metro - Counties in metro areas of 1 million population or more
06071,San Bernardino County,2181654,1,Metro - Counties in metro areas of 1 million population or more
06073,San Diego County,3298634,1,Metro - Counties in metro areas of 1 million population or more
06075,San Francisco County,873965,1,Metro - Counties in metro areas of 1 million population or more
06077,San Joaquin County,779233,2,"Metro - Counties in metro areas of 250,000 to 1 million population"
06079,San Luis Obispo County,282424,2,"Metro - Counties in metro areas of 250,000 to 1 million population"
06081,San Mateo County,764442,1,Metro - Counties in metro areas of 1 million population or more
06083,Santa Barbara County,448229,2,"Metro - Counties in metro areas of 250,000 to 1 million population"
06085,Santa Clara County,1936259,1,Metro - Counties in metro areas of 1 million population or more
06087,Santa Cruz County,270861,2,"Metro - Counties in metro areas of 250,000 to 1 million population"
06089,Shasta County,182155,3,"Metro - Counties in metro areas of fewer than 250,000 population"
06091,Sierra County,3236,8,"Nonmetro - Urban population of fewer than 5,000, adjacent to a metro area"
06093,Siskiyou County,44076,7,"Nonmetro - Urban population of 5,000 to 20,000, not adjacent to a metro area"
06095,Solano County,453491,2,"Metro - Counties in metro areas of 250,000 to 1 million population"
06097,Sonoma County,488863,2,"Metro - Counties in metro areas of 250,000 to 1 million population"
06099,Stanislaus County,552878,2,"Metro - Counties in metro areas of 250,000 to 1 million population"
06101,Sutter County,99633,3,"Metro - Counties in metro areas of fewer than 250,000 population"
06103,Tehama County,65829,4,"Nonmetro - Urban population of 20,000 or more, adjacent to a metro area"
06105,Trinity County,16112,8,"Nonmetro - Urban population of fewer than 5,000, adjacent to a metro area"
06107,Tulare County,473117,2,"Metro - Counties in metro areas of 250,000 to 1 million population"
06109,Tuolumne County,55620,4,"Nonmetro - Urban population of 20,000 or more, adjacent to a metro area"
06111,Ventura County,843843,2,"Metro - Counties in metro areas of 250,000 to 1 million population"
06113,Yolo County,216403,1,Metro - Counties in metro areas of 1 million population or more
06115,Yuba County,81575,3,"Metro - Counties in metro areas of fewer than 250,000 population"
08001,Adams County,519572,1,Metro - Counties in metro areas of 1 million population or more
08003,Alamosa County,16376,7,"Nonmetro - Urban population of 5,000 to 20,000, not adjacent to a metro area"
08005,Arapahoe County,655070,1,Metro - Counties in metro areas of 1 million population or more
08007,Archuleta County,13359,7,"Nonmetro - Urban population of 5,000 to 20,000, not adjacent to a metro area"
08009,Baca County,3506,9,"Nonmetro - Urban population of fewer than 5,000, not adjacent to a metro area"
08011,Bent County,5650,9,"Nonmetro - Urban population of fewer than 5,000, not adjacent to a metro area"
08013,Boulder County,330758,2,"Metro - Counties in metro areas of 250,000 to 1 million population"
08014,Broomfield County,74112,1,Metro - Counties in metro areas of 1 million population or more
08015,Chaffee County,19476,6,"Nonmetro - Urban population of 5,000 to 20,000, adjacent to a metro area"
08017,Cheyenne County,1748,9,"Nonmetro - Urban population of fewer than 5,000, not adjacent to a metro area"
08019,Clear Creek County,9397,1,Metro - Counties in metro areas of 1 million population or more
08021,Conejos County,7461,9,"Nonmetro - Urban population of fewer than 5,000, not adjacent to a metro area"
08023,Costilla County,3499,9,"Nonmetro - Urban population of fewer than 5,000, not adjacent to a metro area"
08025,Crowley County,5922,8,"Nonmetro - Urban population of fewer than 5,000, adjacent to a metro area"
08027,Custer County,4704,8,"Nonmetro - Urban population of fewer than 5,000, adjacent to a metro area"
08029,Delta County,31196,6,"Nonmetro - Urban population of 5,000 to 20,000, adjacent to a metro area"
08031,Denver County,715522,1,Metro - Counties in metro areas of 1 million population or more
08033,Dolores County,2326,9,"Nonmetro - Urban population of fewer than 5,000, not adjacent to a metro area"
08035,Douglas County,357978,1,Metro - Counties in metro areas of 1 million population or more
08037,Eagle County,55731,5,"Nonmetro - Urban population of 20,000 or more, not adjacent to a metro area"
08039,Elbert County,26062,1,Metro - Counties in metro areas of 1 million population or more
08041,El Paso County,730395,2,"Metro - Counties in metro areas of 250,000 to 1 million population"
08043,Fremont County,48939,4,"Nonmetro - Urban population of 20,000 or more, adjacent to a metro area"
08045,Garfield County,61685,5,"Nonmetro - Urban population of 20,000 or more, not adjacent to a metro area"
08047,Gilpin County,5808,1,Metro - Counties in metro areas of 1 million population or more
08049,Grand County,15717,9,"Nonmetro - Urban population of fewer than 5,000, not adjacent to a metro area"
08051,Gunnison County,16918,7,"Nonmetro - Urban population of 5,000 to 20,000, not adjacent to a metro area"
08053,Hinsdale County,788,9,"Nonmetro - Urban population of fewer than 5,000, not adjacent to a metro area"
08055,Huerfano County,6820,8,"Nonmetro - Urban population of fewer than 5,000, adjacent to a metro area"
08057,Jackson County,1379,9,"Nonmetro - Urban population of fewer than 5,000, not adjacent to a metro area"
08059,Jefferson County,582910,1,Metro - Counties in metro areas of 1 million population or more
08061,Kiowa County,1446,9,"Nonmetro - Urban population of fewer than 5,000, not adjacent to a metro area"
08063,Kit Carson County,7087,9,"Nonmetro - Urban population of fewer than 5,000, not adjacent to a metro area"
08065,Lake County,7436,9,"Nonmetro - Urban population of fewer than 5,000, not adjacent to a metro area"
08067,La Plata County,55638,6,"Nonmetro - Urban population of 5,000 to 20,000, adjacent to a metro area"
08069,Larimer County,359066,2,"Metro - Counties in metro areas of 250,000 to 1 million population"
08071,Las Animas County,14555,7,"Nonmetro - Urban population of 5,000 to 20,000, not adjacent to a metro area"
08073,Lincoln County,5675,8,"Nonmetro - Urban population of fewer than 5,000, adjacent to a metro area"
08075,Logan County,21528,6,"Nonmetro - Urban population of 5,000 to 20,000, adjacent to a metro area"
08077,Mesa County,155703,3,"Metro - Counties in metro areas of fewer than 250,000 population"
08079,Mineral County,865,9,"Nonmetro - Urban population of fewer than 5,000, not adjacent to a metro area"
08081,Moffat County,13292,7,"Nonmetro - Urban population of 5,000 to 20,000, not adjacent to a metro area"
08083,Montezuma County,25849,6,"Nonmetro - Urban population of 5,000 to 20,000, adjacent to a metro area"
08085,Montrose County,42679,5,"Nonmetro - Urban population of 20,000 or more, not adjacent to a metro area"
08087,Morgan County,29111,6,"Nonmetro - Urban population of 5,000 to 20,000, adjacent to a metro area"
08089,Otero County,18690,6,"Nonmetro - Urban population of 5,000 to 20,000, adjacent to a metro area"
08091,Ouray County,4874,9,"Nonmetro - Urban population of fewer than 5,000, not adjacent to a metro area"
08093,Park County,17390,1,Metro - Counties in metro areas of 1 million population or more
08095,Phillips County,4530,9,"Nonmetro - Urban population of fewer than 5,000, not adjacent to a metro area"
08097,Pitkin County,17358,7,"Nonmetro - Urban population of 5,000 to 20,000, not adjacent to a metro area"
08099,Prowers County,11999,7,"Nonmetro - Urban population of 5,000 to 20,000, not adjacent to a metro area"
08101,Pueblo County,168162,3,"Metro - Counties in metro areas of fewer than 250,000 population"
08103,Rio Blanco County,6529,9,"Nonmetro - Urban population of fewer than 5,000, not adjacent to a metro area"
08105,Rio Grande County,11539,9,"Nonmetro - Urban population of fewer than 5,000, not adjacent to a metro area"
08107,Routt County,24829,7,"Nonmetro - Urban population of 5,000 to 20,000, not adjacent to a metro area"
08109,Saguache County,6368,9,"Nonmetro - Urban population of fewer than 5,000, not adjacent to a metro area"
08111,San Juan County,705,9,"Nonmetro - Urban population of fewer than 5,000, not adjacent to a metro area"
08113,San Miguel County,8072,9,"Nonmetro - Urban population of fewer than 5,000, not adjacent to a metro area"
08115,Sedgwick County,2404,9,"Nonmetro - Urban population of fewer than 5,000, not adjacent to a metro area"
08117,Summit County,31055,5,"Nonmetro - Urban population of 20,000 or more, not adjacent to a metro area"
08119,Teller County,24710,2,"Metro - Counties in metro areas of 250,000 to 1 million population"
08121,Washington County,4817,9,"Nonmetro - Urban population of fewer than 5,000, not adjacent to a metro area"
08123,Weld County,328981,2,"Metro - Counties in metro areas of 250,000 to 1 million population"
08125,Yuma County,9988,9,"Nonmetro - Urban population of fewer than 5,000, not adjacent to a metro area"
09110,Capitol Planning Region,976248,1,Metro - Counties in metro areas of 1 million population or more
09120,Greater Bridgeport Planning Region,325778,2,"Metro - Counties in metro areas of 250,000 to 1 million population"
09130,Lower Connecticut River Valley Planning Region,174225,1,Metro - Counties in metro areas of 1 million population or more
09140,Naugatuck Valley Planning Region,450376,2,"Metro - Counties in metro areas of 250,000 to 1 million population"
09150,Northeastern Connecticut Planning Region,95348,4,"Nonmetro - Urban population of 20,000 or more, adjacent to a metro area"
09160,Northwest Hills Planning Region,112503,4,"Nonmetro - Urban population of 20,000 or more, adjacent to a metro area"
09170,South Central Connecticut Planning Region,570487,2,"Metro - Counties in metro areas of 250,000 to 1 million population"
09180,Southeastern Connecticut Planning Region,280430,2,"Metro - Counties in metro areas of 250,000 to 1 million population"
09190,Western Connecticut Planning Region,620549,2,"Metro - Counties in metro areas of 250,000 to 1 million population"
10001,Kent County,181851,3,"Metro - Counties in metro areas of fewer than 250,000 population"
10003,New Castle County,570719,1,Metro - Counties in metro areas of 1 million population or more
10005,Sussex County,237378,4,"Nonmetro - Urban population of 20,000 or more, adjacent to a metro area"
11001,District of Columbia,689545,1,Metro - Counties in metro areas of 1 million population or more
12001,Alachua County,278468,2,"Metro - Counties in metro areas of 250,000 to 1 million population"
12003,Baker County,28259,1,Metro - Counties in metro areas of 1 million population or more
12005,Bay County,175216,3,"Metro - Counties in metro areas of fewer than 250,000 population"
12007,Bradford County,28303,6,"Nonmetro - Urban population of 5,000 to 20,000, adjacent to a metro area"
12009,Brevard County,606612,2,"Metro - Counties in metro areas of 250,000 to 1 million population"
12011,Broward County,1944375,1,Metro - Counties in metro areas of 1 million population or more
12013,Calhoun County,13648,8,"Nonmetro - Urban population of fewer than 5,000, adjacent to a metro area"
12015,Charlotte County,186847,3,"Metro - Counties in metro areas of fewer than 250,000 population"
12017,Citrus County,153843,3,"Metro - Counties in metro areas of fewer than 250,000 population"
12019,Clay County,218245,1,Metro - Counties in metro areas of 1 million population or more
12021,Collier County,375752,2,"Metro - Counties in metro areas of 250,000 to 1 million population"
12023,Columbia County,69698,4,"Nonmetro - Urban population of 20,000 or more, adjacent to a metro area"
12027,DeSoto County,33976,6,"Nonmetro - Urban population of 5,000 to 20,000, adjacent to a metro area"
12029,Dixie County,16759,8,"Nonmetro - Urban population of fewer than 5,000, adjacent to a metro area"
12031,Duval County,995567,1,Metro - Counties in metro areas of 1 million population or more
12033,Escambia County,321905,2,"Metro - Counties in metro areas of 250,000 to 1 million population"
12035,Flagler County,115378,2,"Metro - Counties in metro areas of 250,000 to 1 million population"
12037,Franklin County,12451,8,"Nonmetro - Urban population of fewer than 5,000, adjacent to a metro area"
12039,Gadsden County,43826,2,"Metro - Counties in metro areas of 250,000 to 1 million population"
12041,Gilchrist County,17864,2,"Metro - Counties in metro areas of 250,000 to 1 million population"
12043,Glades County,12126,8,"Nonmetro - Urban population of fewer than 5,000, adjacent to a metro area"
12045,Gulf County,14192,8,"Nonmetro - Urban population of fewer than 5,000, adjacent to a metro area"
12047,Hamilton County,14004,8,"Nonmetro - Urban population of fewer than 5,000, adjacent to a metro area"
12049,Hardee County,25327,6,"Nonmetro - Urban population of 5,000 to 20,000, adjacent to a metro area"
12051,Hendry County,39619,4,"Nonmetro - Urban population of 20,000 or more, adjacent to a metro area"
12053,Hernando County,194515,1,Metro - Counties in metro areas of 1 million population or more
12055,Highlands County,101235,3,"Metro - Counties in metro areas of fewer than 250,000 population"
12057,Hillsborough County,1459762,1,Metro - Counties in metro areas of 1 million population or more
12059,Holmes County,19653,8,"Nonmetro - Urban population of fewer than 5,000, adjacent to a metro area"
12061,Indian River County,159788,3,"Metro - Counties in metro areas of fewer than 250,000 population"
12063,Jackson County,47319,6,"Nonmetro - Urban population of 5,000 to 20,000, adjacent to a metro area"
12065,Jefferson County,14510,2,"Metro - Counties in metro areas of 250,000 to 1 million population"
12067,Lafayette County,8226,9,"Nonmetro - Urban population of fewer than 5,000, not adjacent to a metro area"
12069,Lake County,383956,1,Metro - Counties in metro areas of 1 million population or more
12071,Lee County,760822,2,"Metro - Counties in metro areas of 250,000 to 1 million population"
12073,Leon County,292198,2,"Metro - Counties in metro areas of 250,000 to 1 million population"
12075,Levy County,42915,2,"Metro - Counties in metro areas of 250,000 to 1 million population"
12077,Liberty County,7974,8,"Nonmetro - Urban population of fewer than 5,000, adjacent to a metro area"
12079,Madison County,17968,8,"Nonmetro - Urban population of fewer than 5,000, adjacent to a metro area"
12081,Manatee County,399710,2,"Metro - Counties in metro areas of 250,000 to 1 million population"
12083,Marion County,375908,2,"Metro - Counties in metro areas of 250,000 to 1 million population"
12085,Martin County,158431,2,"Metro - Counties in metro areas of 250,000 to 1 million population"
12086,Miami-Dade County,2701767,1,Metro - Counties in metro areas of 1 million population or more
12087,Monroe County,82874,4,"Nonmetro - Urban population of 20,000 or more, adjacent to a metro area"
12089,Nassau County,90352,1,Metro - Counties in metro areas of 1 million population or more
12091,Okaloosa County,211668,2,"Metro - Counties in metro areas of 250,000 to 1 million population"
12093,Okeechobee County,39644,4,"Nonmetro - Urban population of 20,000 or more, adjacent to a metro area"
12095,Orange County,1429908,1,Metro - Counties in metro areas of 1 million population or more
12097,Osceola County,388656,1,Metro - Counties in metro areas of 1 million population or more
12099,Palm Beach County,1492191,1,Metro - Counties in metro areas of 1 million population or more
12101,Pasco County,561891,1,Metro - Counties in metro areas of 1 million population or more
12103,Pinellas County,959107,1,Metro - Counties in metro areas of 1 million population or more
12105,Polk County,725046,2,"Metro - Counties in metro areas of 250,000 to 1 million population"
12107,Putnam County,73321,4,"Nonmetro - Urban population of 20,000 or more, adjacent to a metro area"
12109,St. Johns County,273425,1,Metro - Counties in metro areas of 1 million population or more
12111,St. Lucie County,329226,2,"Metro - Counties in metro areas of 250,000 to 1 million population"
12113,Santa Rosa County,188000,2,"Metro - Counties in metro areas of 250,000 to 1 million population"
12115,Sarasota County,434006,2,"Metro - Counties in metro areas of 250,000 to 1 million population"
12117,Seminole County,470856,1,Metro - Counties in metro areas of 1 million population or more
12119,Sumter County,129752,3,"Metro - Counties in metro areas of fewer than 250,000 population"
12121,Suwannee County,43474,6,"Nonmetro - Urban population of 5,000 to 20,000, adjacent to a metro area"
12123,Taylor County,21796,6,"Nonmetro - Urban population of 5,000 to 20,000, adjacent to a metro area"
12125,Union County,16147,8,"Nonmetro - Urban population of fewer than 5,000, adjacent to a metro area"
12127,Volusia County,553543,2,"Metro - Counties in metro areas of 250,000 to 1 million population"
12129,Wakulla County,33764,2,"Metro - Counties in metro areas of 250,000 to 1 million population"
12131,Walton County,75305,2,"Metro - Counties in metro areas of 250,000 to 1 million population"
12133,Washington County,25318,3,"Metro - Counties in metro areas of fewer than 250,000 population"
13001,Appling County,18444,7,"Nonmetro - Urban population of 5,000 to 20,000, not adjacent to a metro area"
13003,Atkinson County,8286,9,"Nonmetro - Urban population of fewer than 5,000, not adjacent to a metro area"
13005,Bacon County,11140,9,"Nonmetro - Urban population of fewer than 5,000, not adjacent to a metro area"
13007,Baker County,2876,8,"Nonmetro - Urban population of fewer than 5,000, adjacent to a metro area"
13009,Baldwin County,43799,4,"Nonmetro - Urban population of 20,000 or more, adjacent to a metro area"
13011,Banks County,18035,8,"Nonmetro - Urban population of fewer than 5,000, adjacent to a metro area"
13013,Barrow County,83505,1,Metro - Counties in metro areas of 1 million population or more
13015,Bartow County,108901,1,Metro - Counties in metro areas of 1 million population or more
13017,Ben Hill County,17194,7,"Nonmetro - Urban population of 5,000 to 20,000, not adjacent to a metro area"
13019,Berrien County,18160,8,"Nonmetro - Urban population of fewer than 5,000, adjacent to a metro area"
13021,Bibb County,157346,3,"Metro - Counties in metro areas of fewer than 250,000 population"
13023,Bleckley County,12583,6,"Nonmetro - Urban population of 5,000 to 20,000, adjacent to a metro area"
13025,Brantley County,18021,3,"Metro - Counties in metro areas of fewer than 250,000 population"
13027,Brooks County,16301,3,"Metro - Counties in metro areas of fewer than 250,000 population"
13029,Bryan County,44738,2,"Metro - Counties in metro areas of 250,000 to 1 million population"
13031,Bulloch County,81099,4,"Nonmetro - Urban population of 20,000 or more, adjacent to a metro area"
13033,Burke County,24596,2,"Metro - Counties in metro areas of 250,000 to 1 million population"
13035,Butts County,25434,1,Metro - Counties in metro areas of 1 million population or more
13037,Calhoun County,5573,8,"Nonmetro - Urban population of fewer than 5,000, adjacent to a metro area"
13039,Camden County,54768,4,"Nonmetro - Urban population of 20,000 or more, adjacent to a metro area"
13043,Candler County,10981,9,"Nonmetro - Urban population of fewer than 5,000, not adjacent to a metro area"
13045,Carroll County,119148,1,Metro - Counties in metro areas of 1 million population or more
13047,Catoosa County,67872,2,"Metro - Counties in metro areas of 250,000 to 1 million population"
13049,Charlton County,12518,8,"Nonmetro - Urban population of fewer than 5,000, adjacent to a metro area"
13051,Chatham County,295291,2,"Metro - Counties in metro areas of 250,000 to 1 million population"
13053,Chattahoochee County,9565,2,"Metro - Counties in metro areas of 250,000 to 1 million population"
13055,Chattooga County,24965,6,"Nonmetro - Urban population of 5,000 to 20,000, adjacent to a metro area"
13057,Cherokee County,266620,1,Metro - Counties in metro areas of 1 million population or more
13059,Clarke County,128671,3,"Metro - Counties in metro areas of fewer than 250,000 population"
13061,Clay County,2848,9,"Nonmetro - Urban population of fewer than 5,000, not adjacent to a metro area"
13063,Clayton County,297595,1,Metro - Counties in metro areas of 1 million population or more
13065,Clinch County,6749,8,"Nonmetro - Urban population of fewer than 5,000, adjacent to a metro area"
13067,Cobb County,766149,1,Metro - Counties in metro areas of 1 million population or more
13069,Coffee County,43092,7,"Nonmetro - Urban population of 5,000 to 20,000, not adjacent to a metro area"
13071,Colquitt County,45898,6,"Nonmetro - Urban population of 5,000 to 20,000, adjacent to a metro area"
13073,Columbia County,156010,2,"Metro - Counties in metro areas of 250,000 to 1 million population"
13075,Cook County,17229,6,"Nonmetro - Urban population of 5,000 to 20,000, adjacent to a metro area"
13077,Coweta County,146158,1,Metro - Counties in metro areas of 1 million population or more
13079,Crawford County,12130,3,"Metro - Counties in metro areas of fewer than 250,000 population"
13081,Crisp County,20128,6,"Nonmetro - Urban population of 5,000 to 20,000, adjacent to a metro area"
13083,Dade County,16251,2,"Metro - Counties in metro areas of 250,000 to 1 million population"
13085,Dawson County,26798,1,Metro - Counties in metro areas of 1 million population or more
13087,Decatur County,29367,6,"Nonmetro - Urban population of 5,000 to 20,000, adjacent to a metro area"
13089,DeKalb County,764382,1,Metro - Counties in metro areas of 1 million population or more
13091,Dodge County,19925,7,"Nonmetro - Urban population of 5,000 to 20,000, not adjacent to a metro area"
13093,Dooly County,11208,8,"Nonmetro - Urban population of fewer than 5,000, adjacent to a metro area"
13095,Dougherty County,85790,3,"Metro - Counties in metro areas of fewer than 250,000 population"
13097,Douglas County,144237,1,Metro - Counties in metro areas of 1 million population or more
13099,Early County,10854,8,"Nonmetro - Urban population of fewer than 5,000, adjacent to a metro area"
13101,Echols County,3697,3,"Metro - Counties in metro areas of fewer than 250,000 population"
13103,Effingham County,64769,2,"Metro - Counties in metro areas of 250,000 to 1 million population"
13105,Elbert County,19637,6,"Nonmetro - Urban population of 5,000 to 20,000, adjacent to a metro area"
13107,Emanuel County,22768,7,"Nonmetro - Urban population of 5,000 to 20,000, not adjacent to a metro area"
13109,Evans County,10774,8,"Nonmetro - Urban population of fewer than 5,000, adjacent to a metro area"
13111,Fannin County,25319,8,"Nonmetro - Urban population of fewer than 5,000, adjacent to a metro area"
13113,Fayette County,119194,1,Metro - Counties in metro areas of 1 million population or more
13115,Floyd County,98584,3,"Metro - Counties in metro areas of fewer than 250,000 population"
13117,Forsyth County,251283,1,Metro - Counties in metro areas of 1 million population or more
13119,Franklin County,23424,8,"Nonmetro - Urban population of fewer than 5,000, adjacent to a metro area"
13121,Fulton County,1066710,1,Metro - Counties in metro areas of 1 million population or more
13123,Gilmer County,31353,6,"Nonmetro - Urban population of 5,000 to 20,000, adjacent to a metro area"
13125,Glascock County,2884,9,"Nonmetro - Urban population of fewer than 5,000, not adjacent to a metro area"
13127,Glynn County,84499,3,"Metro - Counties in metro areas of fewer than 250,000 population"
13129,Gordon County,57544,4,"Nonmetro - Urban population of 20,000 or more, adjacent to a metro area"
13131,Grady County,26236,6,"Nonmetro - Urban population of 5,000 to 20,000, adjacent to a metro area"
13133,Greene County,18915,8,"Nonmetro - Urban population of fewer than 5,000, adjacent to a metro area"
13135,Gwinnett County,957062,1,Metro - Counties in metro areas of 1 million population or more
13137,Habersham County,46031,6,"Nonmetro - Urban population of 5,000 to 20,000, adjacent to a metro area"
13139,Hall County,203136,3,"Metro - Counties in metro areas of fewer than 250,000 population"
13141,Hancock County,8735,9,"Nonmetro - Urban population of fewer than 5,000, not adjacent to a metro area"
13143,Haralson County,29919,1,Metro - Counties in metro areas of 1 million population or more
13145,Harris County,34668,2,"Metro - Counties in metro areas of 250,000 to 1 million population"
13147,Hart County,25828,6,"Nonmetro - Urban population of 5,000 to 20,000, adjacent to a metro area"
13149,Heard County,11412,1,Metro - Counties in metro areas of 1 million population or more
13151,Henry County,240712,1,Metro - Counties in metro areas of 1 million population or more
13153,Houston County,163633,3,"Metro - Counties in metro areas of fewer than 250,000 population"
13155,Irwin County,9666,9,"Nonmetro - Urban population of fewer than 5,000, not adjacent to a metro area"
13157,Jackson County,75907,4,"Nonmetro - Urban population of 20,000 or more, adjacent to a metro area"
13159,Jasper County,14588,1,Metro - Counties in metro areas of 1 million population or more
13161,Jeff Davis County,14779,9,"Nonmetro - Urban population of fewer than 5,000, not adjacent to a metro area"
13163,Jefferson County,15709,8,"Nonmetro - Urban population of fewer than 5,000, adjacent to a metro area"
13165,Jenkins County,8674,9,"Nonmetro - Urban population of fewer than 5,000, not adjacent to a metro area"
13167,Johnson County,9189,9,"Nonmetro - Urban population of fewer than 5,000, not adjacent to a metro area"
13169,Jones County,28347,3,"Metro - Counties in metro areas of fewer than 250,000 population"
13171,Lamar County,18500,6,"Nonmetro - Urban population of 5,000 to 20,000, adjacent to a metro area"
13173,Lanier County,9877,3,"Metro - Counties in metro areas of fewer than 250,000 population"
13175,Laurens County,49570,4,"Nonmetro - Urban population of 20,000 or more, adjacent to a metro area"
13177,Lee County,33163,3,"Metro - Counties in metro areas of fewer than 250,000 population"
13179,Liberty County,65256,3,"Metro - Counties in metro areas of fewer than 250,000 population"
13181,Lincoln County,7690,2,"Metro - Counties in metro areas of 250,000 to 1 million population"
13183,Long County,16168,3,"Metro - Counties in metro areas of fewer than 250,000 population"
13185,Lowndes County,118251,3,"Metro - Counties in metro areas of fewer than 250,000 population"
13187,Lumpkin County,33488,1,Metro - Counties in metro areas of 1 million population or more
13189,McDuffie County,21632,2,"Metro - Counties in metro areas of 250,000 to 1 million population"
13191,McIntosh County,10975,3,"Metro - Counties in metro areas of fewer than 250,000 population"
13193,Macon County,12082,8,"Nonmetro - Urban population of fewer than 5,000, adjacent to a metro area"
13195,Madison County,30120,3,"Metro - Counties in metro areas of fewer than 250,000 population"
13197,Marion County,7498,2,"Metro - Counties in metro areas of 250,000 to 1 million population"
13199,Meriwether County,20613,1,Metro - Counties in metro areas of 1 million population or more
13201,Miller County,6000,9,"Nonmetro - Urban population of fewer than 5,000, not adjacent to a metro area"
13205,Mitchell County,21755,6,"Nonmetro - Urban population of 5,000 to 20,000, adjacent to a metro area"
13207,Monroe County,27957,3,"Metro - Counties in metro areas of fewer than 250,000 population"
13209,Montgomery County,8610,9,"Nonmetro - Urban population of fewer than 5,000, not adjacent to a metro area"
13211,Morgan County,20097,1,Metro - Counties in metro areas of 1 million population or more
13213,Murray County,39973,3,"Metro - Counties in metro areas of fewer than 250,000 population"
13215,Muscogee County,206922,2,"Metro - Counties in metro areas of 250,000 to 1 million population"
13217,Newton County,112483,1,Metro - Counties in metro areas of 1 million population or more
13219,Oconee County,41799,3,"Metro - Counties in metro areas of fewer than 250,000 population"
13221,Oglethorpe County,14825,3,"Metro - Counties in metro areas of fewer than 250,000 population"
13223,Paulding County,168661,1,Metro - Counties in metro areas of 1 million population or more
13225,Peach County,27981,3,"Metro - Counties in metro areas of fewer than 250,000 population"
13227,Pickens County,33216,1,Metro - Counties in metro areas of 1 million population or more
13229,Pierce County,19716,8,"Nonmetro - Urban population of fewer than 5,000, adjacent to a metro area"
13231,Pike County,18889,1,Metro - Counties in metro areas of 1 million population or more
13233,Polk County,42853,4,"Nonmetro - Urban population of 20,000 or more, adjacent to a metro area"
13235,Pulaski County,9855,8,"Nonmetro - Urban population of fewer than 5,000, adjacent to a metro area"
13237,Putnam County,22047,8,"Nonmetro - Urban population of fewer than 5,000, adjacent to a metro area"
13239,Quitman County,2235,8,"Nonmetro - Urban population of fewer than 5,000, adjacent to a metro area"
13241,Rabun County,16883,9,"Nonmetro - Urban population of fewer than 5,000, not adjacent to a metro area"
13243,Randolph County,6425,8,"Nonmetro - Urban population of fewer than 5,000, adjacent to a metro area"
13245,Richmond County,206607,2,"Metro - Counties in metro areas of 250,000 to 1 million population"
13247,Rockdale County,93570,1,Metro - Counties in metro areas of 1 million population or more
13249,Schley County,4547,8,"Nonmetro - Urban population of fewer than 5,000, adjacent to a metro area"
13251,Screven County,14067,8,"Nonmetro - Urban population of fewer than 5,000, adjacent to a metro area"
13253,Seminole County,9147,8,"Nonmetro - Urban population of fewer than 5,000, adjacent to a metro area"
13255,Spalding County,67306,1,Metro - Counties in metro areas of 1 million population or more
13257,Stephens County,26784,7,"Nonmetro - Urban population of 5,000 to 20,000, not adjacent to a metro area"
13259,Stewart County,5314,2,"Metro - Counties in metro areas of 250,000 to 1 million population"
13261,Sumter County,29616,6,"Nonmetro - Urban population of 5,000 to 20,000, adjacent to a metro area"
13263,Talbot County,5733,2,"Metro - Counties in metro areas of 250,000 to 1 million population"
13265,Taliaferro County,1559,8,"Nonmetro - Urban population of fewer than 5,000, adjacent to a metro area"
13267,Tattnall County,22842,8,"Nonmetro - Urban population of fewer than 5,000, adjacent to a metro area"
13269,Taylor County,7816,8,"Nonmetro - Urban population of fewer than 5,000, adjacent to a metro area"
13271,Telfair County,12477,9,"Nonmetro - Urban population of fewer than 5,000, not adjacent to a metro area"
13273,Terrell County,9185,3,"Metro - Counties in metro areas of fewer than 250,000 population"
13275,Thomas County,45798,4,"Nonmetro - Urban population of 20,000 or more, adjacent to a metro area"
13277,Tift County,41344,5,"Nonmetro - Urban population of 20,000 or more, not adjacent to a metro area"
13279,Toombs County,27030,7,"Nonmetro - Urban population of 5,000 to 20,000, not adjacent to a metro area"
13281,Towns County,12493,9,"Nonmetro - Urban population of fewer than 5,000, not adjacent to a metro area"
13283,Treutlen County,6406,9,"Nonmetro - Urban population of fewer than 5,000, not adjacent to a metro area"
13285,Troup County,69426,4,"Nonmetro - Urban population of 20,000 or more, adjacent to a metro area"
13287,Turner County,9006,9,"Nonmetro - Urban population of fewer than 5,000, not adjacent to a metro area"
13289,Twiggs County,8022,3,"Metro - Counties in metro areas of fewer than 250,000 population"
13291,Union County,24632,8,"Nonmetro - Urban population of fewer than 5,000, adjacent to a metro area"
13293,Upson County,27700,6,"Nonmetro - Urban population of 5,000 to 20,000, adjacent to a metro area"
13295,Walker County,67654,2,"Metro - Counties in metro areas of 250,000 to 1 million population"
13297,Walton County,96673,1,Metro - Counties in metro areas of 1 million population or more
13299,Ware County,36251,5,"Nonmetro - Urban population of 20,000 or more, not adjacent to a metro area"
13301,Warren County,5215,8,"Nonmetro - Urban population of fewer than 5,000, adjacent to a metro area"
13303,Washington County,19988,7,"Nonmetro - Urban population of 5,000 to 20,000, not adjacent to a metro area"
13305,Wayne County,30144,6,"Nonmetro - Urban population of 5,000 to 20,000, adjacent to a metro area"
13307,Webster County,2348,8,"Nonmetro - Urban population of fewer than 5,000, adjacent to a metro area"
13309,Wheeler County,7471,9,"Nonmetro - Urban population of fewer than 5,000, not adjacent to a metro area"
13311,White County,28003,8,"Nonmetro - Urban population of fewer than 5,000, adjacent to a metro area"
13313,Whitfield County,102864,3,"Metro - Counties in metro areas of fewer than 250,000 population"
13315,Wilcox County,8766,9,"Nonmetro - Urban population of fewer than 5,000, not adjacent to a metro area"
13317,Wilkes County,9565,8,"Nonmetro - Urban population of fewer than 5,000, adjacent to a metro area"
13319,Wilkinson County,8877,8,"Nonmetro - Urban population of fewer than 5,000, adjacent to a metro area"
13321,Worth County,20784,3,"Metro - Counties in metro areas of fewer than 250,000 population"
15001,Hawaii County,200629,5,"Nonmetro - Urban population of 20,000 or more, not adjacent to a metro area"
15003,Honolulu County,1016508,1,Metro - Counties in metro areas of 1 million population or more
15005,Kalawao County,82,3,"Metro - Counties in metro areas of fewer than 250,000 population"
15007,Kauai County,73298,5,"Nonmetro - Urban population of 20,000 or more, not adjacent to a metro area"
15009,Maui County,164754,3,"Metro - Counties in metro areas of fewer than 250,000 population"
16001,Ada County,494967,2,"Metro - Counties in metro areas of 250,000 to 1 million population"
16003,Adams County,4379,9,"Nonmetro - Urban population of fewer than 5,000, not adjacent to a metro area"
16005,Bannock County,87018,3,"Metro - Counties in metro areas of fewer than 250,000 population"
16007,Bear Lake County,6372,9,"Nonmetro - Urban population of fewer than 5,000, not adjacent to a metro area"
16009,Benewah County,9530,8,"Nonmetro - Urban population of fewer than 5,000, adjacent to a metro area"
16011,Bingham County,47992,6,"Nonmetro - Urban population of 5,000 to 20,000, adjacent to a metro area"
16013,Blaine County,24272,7,"Nonmetro - Urban population of 5,000 to 20,000, not adjacent to a metro area"
16015,Boise County,7610,2,"Metro - Counties in metro areas of 250,000 to 1 million population"
16017,Bonner County,47110,6,"Nonmetro - Urban population of 5,000 to 20,000, adjacent to a metro area"
16019,Bonneville County,123964,3,"Metro - Counties in metro areas of fewer than 250,000 population"
16021,Boundary County,12056,9,"Nonmetro - Urban population of fewer than 5,000, not adjacent to a metro area"
16023,Butte County,2574,3,"Metro - Counties in metro areas of fewer than 250,000 population"
16025,Camas County,1077,9,"Nonmetro - Urban population of fewer than 5,000, not adjacent to a metro area"
16027,Canyon County,231105,2,"Metro - Counties in metro areas of 250,000 to 1 million population"
16029,Caribou County,7027,8,"Nonmetro - Urban population of fewer than 5,000, adjacent to a metro area"
16031,Cassia County,24655,6,"Nonmetro - Urban population of 5,000 to 20,000, adjacent to a metro area"
16033,Clark County,790,8,"Nonmetro - Urban population of fewer than 5,000, adjacent to a metro area"
16035,Clearwater County,8734,8,"Nonmetro - Urban population of fewer than 5,000, adjacent to a metro area"
16037,Custer County,4275,8,"Nonmetro - Urban population of fewer than 5,000, adjacent to a metro area"
16039,Elmore County,28666,6,"Nonmetro - Urban population of 5,000 to 20,000, adjacent to a metro area"
16041,Franklin County,14194,3,"Metro - Counties in metro areas of fewer than 250,000 population"
16043,Fremont County,13388,8,"Nonmetro - Urban population of fewer than 5,000, adjacent to a metro area"
16045,Gem County,19123,2,"Metro - Counties in metro areas of 250,000 to 1 million population"
16047,Gooding County,15598,8,"Nonmetro - Urban population of fewer than 5,000, adjacent to a metro area"
16049,Idaho County,16541,8,"Nonmetro - Urban population of fewer than 5,000, adjacent to a metro area"
16051,Jefferson County,30891,3,"Metro - Counties in metro areas of fewer than 250,000 population"
16053,Jerome County,24237,3,"Metro - Counties in metro areas of fewer than 250,000 population"
16055,Kootenai County,171362,3,"Metro - Counties in metro areas of fewer than 250,000 population"
16057,Latah County,39517,4,"Nonmetro - Urban population of 20,000 or more, adjacent to a metro area"
16059,Lemhi County,7974,9,"Nonmetro - Urban population of fewer than 5,000, not adjacent to a metro area"
16061,Lewis County,3533,8,"Nonmetro - Urban population of fewer than 5,000, adjacent to a metro area"
16063,Lincoln County,5127,8,"Nonmetro - Urban population of fewer than 5,000, adjacent to a metro area"
16065,Madison County,52913,4,"Nonmetro - Urban population of 20,000 or more, adjacent to a metro area"
16067,Minidoka County,21613,7,"Nonmetro - Urban population of 5,000 to 20,000, not adjacent to a metro area"
16069,Nez Perce County,42090,3,"Metro - Counties in metro areas of fewer than 250,000 population"
16071,Oneida County,4564,8,"Nonmetro - Urban population of fewer than 5,000, adjacent to a metro area"
16073,Owyhee County,11913,2,"Metro - Counties in metro areas of 250,000 to 1 million population"
16075,Payette County,25386,6,"Nonmetro - Urban population of 5,000 to 20,000, adjacent to a metro area"
16077,Power County,7878,8,"Nonmetro - Urban population of fewer than 5,000, adjacent to a metro area"
16079,Shoshone County,13169,8,"Nonmetro - Urban population of fewer than 5,000, adjacent to a metro area"
16081,Teton County,11630,9,"Nonmetro - Urban population of fewer than 5,000, not adjacent to a metro area"
16083,Twin Falls County,90046,3,"Metro - Counties in metro areas of fewer than 250,000 population"
16085,Valley County,11746,9,"Nonmetro - Urban population of fewer than 5,000, not adjacent to a metro area"
16087,Washington County,10500,6,"Nonmetro - Urban population of 5,000 to 20,000, adjacent to a metro area"
17001,Adams County,65737,5,"Nonmetro - Urban population of 20,000 or more, not adjacent to a metro area"
17003,Alexander County,5240,3,"Metro - Counties in metro areas of fewer than 250,000 population"
17005,Bond County,16725,1,Metro - Counties in metro areas of 1 million population or more
17007,Boone County,53448,2,"Metro - Counties in metro areas of 250,000 to 1 million population"
17009,Brown County,6244,9,"Nonmetro - Urban population of fewer than 5,000, not adjacent to a metro area"
17011,Bureau County,33244,7,"Nonmetro - Urban population of 5,000 to 20,000, not adjacent to a metro area"
17013,Calhoun County,4437,1,Metro - Counties in metro areas of 1 million population or more
17015,Carroll County,15702,9,"Nonmetro - Urban population of fewer than 5,000, not adjacent to a metro area"
17017,Cass County,13042,6,"Nonmetro - Urban population of 5,000 to 20,000, adjacent to a metro area"
17019,Champaign County,205865,3,"Metro - Counties in metro areas of fewer than 250,000 population"
17021,Christian County,34032,6,"Nonmetro - Urban population of 5,000 to 20,000, adjacent to a metro area"
17023,Clark County,15455,8,"Nonmetro - Urban population of fewer than 5,000, adjacent to a metro area"
17025,Clay County,13288,9,"Nonmetro - Urban population of fewer than 5,000, not adjacent to a metro area"
17027,Clinton County,36899,1,Metro - Counties in metro areas of 1 million population or more
17029,Coles County,46863,5,"Nonmetro - Urban population of 20,000 or more, not adjacent to a metro area"
17031,Cook County,5275541,1,Metro - Counties in metro areas of 1 million population or more
17033,Crawford County,18679,6,"Nonmetro - Urban population of 5,000 to 20,000, adjacent to a metro area"
17035,Cumberland County,10450,9,"Nonmetro - Urban population of fewer than 5,000, not adjacent to a metro area"
17037,DeKalb County,100420,1,Metro - Counties in metro areas of 1 million population or more
17039,De Witt County,15516,6,"Nonmetro - Urban population of 5,000 to 20,000, adjacent to a metro area"
17041,Douglas County,19740,8,"Nonmetro - Urban population of fewer than 5,000, adjacent to a metro area"
17043,DuPage County,932877,1,Metro - Counties in metro areas of 1 million population or more
17045,Edgar County,16866,6,"Nonmetro - Urban population of 5,000 to 20,000, adjacent to a metro area"
17047,Edwards County,6245,9,"Nonmetro - Urban population of fewer than 5,000, not adjacent to a metro area"
17049,Effingham County,34668,7,"Nonmetro - Urban population of 5,000 to 20,000, not adjacent to a metro area"
17051,Fayette County,21488,6,"Nonmetro - Urban population of 5,000 to 20,000, adjacent to a metro area"
17053,Ford County,13534,3,"Metro - Counties in metro areas of fewer than 250,000 population"
17055,Franklin County,37804,7,"Nonmetro - Urban population of 5,000 to 20,000, not adjacent to a metro area"
17057,Fulton County,33609,6,"Nonmetro - Urban population of 5,000 to 20,000, adjacent to a metro area"
17059,Gallatin County,4946,8,"Nonmetro - Urban population of fewer than 5,000, adjacent to a metro area"
17061,Greene County,11985,8,"Nonmetro - Urban population of fewer than 5,000, adjacent to a metro area"
17063,Grundy County,52533,1,Metro - Counties in metro areas of 1 million population or more
17065,Hamilton County,7993,9,"Nonmetro - Urban population of fewer than 5,000, not adjacent to a metro area"
17067,Hancock County,17620,9,"Nonmetro - Urban population of fewer than 5,000, not adjacent to a metro area"
17069,Hardin County,3649,9,"Nonmetro - Urban population of fewer than 5,000, not adjacent to a metro area"
17071,Henderson County,6387,9,"Nonmetro - Urban population of fewer than 5,000, not adjacent to a metro area"
17073,Henry County,49284,2,"Metro - Counties in metro areas of 250,000 to 1 million population"
17075,Iroquois County,27077,8,"Nonmetro - Urban population of fewer than 5,000, adjacent to a metro area"
17077,Jackson County,52974,5,"Nonmetro - Urban population of 20,000 or more, not adjacent to a metro area"
17079,Jasper County,9287,9,"Nonmetro - Urban population of fewer than 5,000, not adjacent to a metro area"
17081,Jefferson County,37113,7,"Nonmetro - Urban population of 5,000 to 20,000, not adjacent to a metro area"
17083,Jersey County,21512,1,Metro - Counties in metro areas of 1 million population or more
17085,Jo Daviess County,22035,8,"Nonmetro - Urban population of fewer than 5,000, adjacent to a metro area"
17087,Johnson County,13308,8,"Nonmetro - Urban population of fewer than 5,000, adjacent to a metro area"
17089,Kane County,516522,1,Metro - Counties in metro areas of 1 million population or more
17091,Kankakee County,107502,3,"Metro - Counties in metro areas of fewer than 250,000 population"
17093,Kendall County,131869,1,Metro - Counties in metro areas of 1 million population or more
17095,Knox County,49967,4,"Nonmetro - Urban population of 20,000 or more, adjacent to a metro area"
17097,Lake County,714342,1,Metro - Counties in metro areas of 1 million population or more
17099,LaSalle County,109658,4,"Nonmetro - Urban population of 20,000 or more, adjacent to a metro area"
17101,Lawrence County,15280,9,"Nonmetro - Urban population of fewer than 5,000, not adjacent to a metro area"
17103,Lee County,34145,6,"Nonmetro - Urban population of 5,000 to 20,000, adjacent to a metro area"
17105,Livingston County,35815,6,"Nonmetro - Urban population of 5,000 to 20,000, adjacent to a metro area"
17107,Logan County,27987,6,"Nonmetro - Urban population of 5,000 to 20,000, adjacent to a metro area"
17109,McDonough County,27238,7,"Nonmetro - Urban population of 5,000 to 20,000, not adjacent to a metro area"
17111,McHenry County,310229,1,Metro - Counties in metro areas of 1 million population or more
17113,McLean County,170954,3,"Metro - Counties in metro areas of fewer than 250,000 population"
17115,Macon County,103998,3,"Metro - Counties in metro areas of fewer than 250,000 population"
17117,Macoupin County,44967,1,Metro - Counties in metro areas of 1 million population or more
17119,Madison County,265859,1,Metro - Counties in metro areas of 1 million population or more
17121,Marion County,37729,7,"Nonmetro - Urban population of 5,000 to 20,000, not adjacent to a metro area"
17123,Marshall County,11742,2,"Metro - Counties in metro areas of 250,000 to 1 million population"
17125,Mason County,13086,8,"Nonmetro - Urban population of fewer than 5,000, adjacent to a metro area"
17127,Massac County,14169,3,"Metro - Counties in metro areas of fewer than 250,000 population"
17129,Menard County,12297,3,"Metro - Counties in metro areas of fewer than 250,000 population"
17131,Mercer County,15699,2,"Metro - Counties in metro areas of 250,000 to 1 million population"
17133,Monroe County,34962,1,Metro - Counties in metro areas of 1 million population or more
17135,Montgomery County,28288,6,"Nonmetro - Urban population of 5,000 to 20,000, adjacent to a metro area"
17137,Morgan County,32915,4,"Nonmetro - Urban population of 20,000 or more, adjacent to a metro area"
17139,Moultrie County,14526,8,"Nonmetro - Urban population of fewer than 5,000, adjacent to a metro area"
17141,Ogle County,51788,6,"Nonmetro - Urban population of 5,000 to 20,000, adjacent to a metro area"
17143,Peoria County,181830,2,"Metro - Counties in metro areas of 250,000 to 1 million population"
17145,Perry County,20945,7,"Nonmetro - Urban population of 5,000 to 20,000, not adjacent to a metro area"
17147,Piatt County,16673,3,"Metro - Counties in metro areas of fewer than 250,000 population"
17149,Pike County,14739,9,"Nonmetro - Urban population of fewer than 5,000, not adjacent to a metro area"
17151,Pope County,3763,8,"Nonmetro - Urban population of fewer than 5,000, adjacent to a metro area"
17153,Pulaski County,5193,8,"Nonmetro - Urban population of fewer than 5,000, adjacent to a metro area"
17155,Putnam County,5637,8,"Nonmetro - Urban population of fewer than 5,000, adjacent to a metro area"
17157,Randolph County,30163,6,"Nonmetro - Urban population of 5,000 to 20,000, adjacent to a metro area"
17159,Richland County,15813,7,"Nonmetro - Urban population of 5,000 to 20,000, not adjacent to a metro area"
17161,Rock Island County,144672,2,"Metro - Counties in metro areas of 250,000 to 1 million population"
17163,St. Clair County,257400,1,Metro - Counties in metro areas of 1 million population or more
17165,Saline County,23768,7,"Nonmetro - Urban population of 5,000 to 20,000, not adjacent to a metro area"
17167,Sangamon County,196343,3,"Metro - Counties in metro areas of fewer than 250,000 population"
17169,Schuyler County,6902,9,"Nonmetro - Urban population of fewer than 5,000, not adjacent to a metro area"
17171,Scott County,4949,9,"Nonmetro - Urban population of fewer than 5,000, not adjacent to a metro area"
17173,Shelby County,20990,8,"Nonmetro - Urban population of fewer than 5,000, adjacent to a metro area"
17175,Stark County,5400,2,"Metro - Counties in metro areas of 250,000 to 1 million population"
17177,Stephenson County,44630,4,"Nonmetro - Urban population of 20,000 or more, adjacent to a metro area"
17179,Tazewell County,131343,2,"Metro - Counties in metro areas of 250,000 to 1 million population"
17181,Union County,17244,6,"Nonmetro - Urban population of 5,000 to 20,000, adjacent to a metro area"
17183,Vermilion County,74188,4,"Nonmetro - Urban population of 20,000 or more, adjacent to a metro area"
17185,Wabash County,11361,7,"Nonmetro - Urban population of 5,000 to 20,000, not adjacent to a metro area"
17187,Warren County,16835,6,"Nonmetro - Urban population of 5,000 to 20,000, adjacent to a metro area"
17189,Washington County,13761,8,"Nonmetro - Urban population of fewer than 5,000, adjacent to a metro area"
17191,Wayne County,16179,9,"Nonmetro - Urban population of fewer than 5,000, not adjacent to a metro area"
17193,White County,13877,6,"Nonmetro - Urban population of 5,000 to 20,000, adjacent to a metro area"
17195,Whiteside County,55691,4,"Nonmetro - Urban population of 20,000 or more, adjacent to a metro area"
17197,Will County,696355,1,Metro - Counties in metro areas of 1 million population or more
17199,Williamson County,67153,5,"Nonmetro - Urban population of 20,000 or more, not adjacent to a metro area"
17201,Winnebago County,285350,2,"Metro - Counties in metro areas of 250,000 to 1 million population"
17203,Woodford County,38467,2,"Metro - Counties in metro areas of 250,000 to 1 million population"
18001,Adams County,35809,6,"Nonmetro - Urban population of 5,000 to 20,000, adjacent to a metro area"
18003,Allen County,385410,2,"Metro - Counties in metro areas of 250,000 to 1 million population"
18005,Bartholomew County,82208,3,"Metro - Counties in metro areas of fewer than 250,000 population"
18007,Benton County,8719,3,"Metro - Counties in metro areas of fewer than 250,000 population"
18009,Blackford County,12112,6,"Nonmetro - Urban population of 5,000 to 20,000, adjacent to a metro area"
18011,Boone County,70812,1,Metro - Counties in metro areas of 1 million population or more
18013,Brown County,15475,1,Metro - Counties in metro areas of 1 million population or more
18015,Carroll County,20306,3,"Metro - Counties in metro areas of fewer than 250,000 population"
18017,Cass County,37870,4,"Nonmetro - Urban population of 20,000 or more, adjacent to a metro area"
18019,Clark County,121093,1,Metro - Counties in metro areas of 1 million population or more
18021,Clay County,26466,3,"Metro - Counties in metro areas of fewer than 250,000 population"
18023,Clinton County,33190,6,"Nonmetro - Urban population of 5,000 to 20,000, adjacent to a metro area"
18025,Crawford County,10526,8,"Nonmetro - Urban population of fewer than 5,000, adjacent to a metro area"
18027,Daviess County,33381,7,"Nonmetro - Urban population of 5,000 to 20,000, not adjacent to a metro area"
18029,Dearborn County,50679,1,Metro - Counties in metro areas of 1 million population or more
18031,Decatur County,26472,6,"Nonmetro - Urban population of 5,000 to 20,000, adjacent to a metro area"
18033,DeKalb County,43265,4,"Nonmetro - Urban population of 20,000 or more, adjacent to a metro area"
18035,Delaware County,111903,3,"Metro - Counties in metro areas of fewer than 250,000 population"
18037,Dubois County,43637,5,"Nonmetro - Urban population of 20,000 or more, not adjacent to a metro area"
18039,Elkhart County,207047,3,"Metro - Counties in metro areas of fewer than 250,000 population"
18041,Fayette County,23398,6,"Nonmetro - Urban population of 5,000 to 20,000, adjacent to a metro area"
18043,Floyd County,80484,1,Metro - Counties in metro areas of 1 million population or more
18045,Fountain County,16479,8,"Nonmetro - Urban population of fewer than 5,000, adjacent to a metro area"
18047,Franklin County,22785,1,Metro - Counties in metro areas of 1 million population or more
18049,Fulton County,20480,7,"Nonmetro - Urban population of 5,000 to 20,000, not adjacent to a metro area"
18051,Gibson County,33011,6,"Nonmetro - Urban population of 5,000 to 20,000, adjacent to a metro area"
18053,Grant County,66674,4,"Nonmetro - Urban population of 20,000 or more, adjacent to a metro area"
18055,Greene County,30803,6,"Nonmetro - Urban population of 5,000 to 20,000, adjacent to a metro area"
18057,Hamilton County,347467,1,Metro - Counties in metro areas of 1 million population or more
18059,Hancock County,79840,1,Metro - Counties in metro areas of 1 million population or more
18061,Harrison County,39654,1,Metro - Counties in metro areas of 1 million population or more
18063,Hendricks County,174788,1,Metro - Counties in metro areas of 1 million population or more
18065,Henry County,48914,6,"Nonmetro - Urban population of 5,000 to 20,000, adjacent to a metro area"
18067,Howard County,83658,3,"Metro - Counties in metro areas of fewer than 250,000 population"
18069,Huntington County,36662,6,"Nonmetro - Urban population of 5,000 to 20,000, adjacent to a metro area"
18071,Jackson County,46428,4,"Nonmetro - Urban population of 20,000 or more, adjacent to a metro area"
18073,Jasper County,32918,1,Metro - Counties in metro areas of 1 million population or more
18075,Jay County,20478,6,"Nonmetro - Urban population of 5,000 to 20,000, adjacent to a metro area"
18077,Jefferson County,33147,6,"Nonmetro - Urban population of 5,000 to 20,000, adjacent to a metro area"
18079,Jennings County,27613,6,"Nonmetro - Urban population of 5,000 to 20,000, adjacent to a metro area"
18081,Johnson County,161765,1,Metro - Counties in metro areas of 1 million population or more
18083,Knox County,36282,7,"Nonmetro - Urban population of 5,000 to 20,000, not adjacent to a metro area"
18085,Kosciusko County,80240,4,"Nonmetro - Urban population of 20,000 or more, adjacent to a metro area"
18087,LaGrange County,40446,8,"Nonmetro - Urban population of fewer than 5,000, adjacent to a metro area"
18089,Lake County,498700,1,Metro - Counties in metro areas of 1 million population or more
18091,LaPorte County,112417,3,"Metro - Counties in metro areas of fewer than 250,000 population"
18093,Lawrence County,45011,6,"Nonmetro - Urban population of 5,000 to 20,000, adjacent to a metro area"
18095,Madison County,130129,1,Metro - Counties in metro areas of 1 million population or more
18097,Marion County,977203,1,Metro - Counties in metro areas of 1 million population or more
18099,Marshall County,46095,6,"Nonmetro - Urban population of 5,000 to 20,000, adjacent to a metro area"
18101,Martin County,9812,9,"Nonmetro - Urban population of fewer than 5,000, not adjacent to a metro area"
18103,Miami County,35962,6,"Nonmetro - Urban population of 5,000 to 20,000, adjacent to a metro area"
18105,Monroe County,139718,3,"Metro - Counties in metro areas of fewer than 250,000 population"
18107,Montgomery County,37936,6,"Nonmetro - Urban population of 5,000 to 20,000, adjacent to a metro area"
18109,Morgan County,71780,1,Metro - Counties in metro areas of 1 million population or more
18111,Newton County,13830,1,Metro - Counties in metro areas of 1 million population or more
18113,Noble County,47457,6,"Nonmetro - Urban population of 5,000 to 20,000, adjacent to a metro area"
18115,Ohio County,5940,1,Metro - Counties in metro areas of 1 million population or more
18117,Orange County,19867,8,"Nonmetro - Urban population of fewer than 5,000, adjacent to a metro area"
18119,Owen County,21321,3,"Metro - Counties in metro areas of fewer than 250,000 population"
18121,Parke County,16156,8,"Nonmetro - Urban population of fewer than 5,000, adjacent to a metro area"
18123,Perry County,19170,7,"Nonmetro - Urban population of 5,000 to 20,000, not adjacent to a metro area"
18125,Pike County,12250,8,"Nonmetro - Urban population of fewer than 5,000, adjacent to a metro area"
18127,Porter County,173215,1,Metro - Counties in metro areas of 1 million population or more
18129,Posey County,25222,2,"Metro - Counties in metro areas of 250,000 to 1 million population"
18131,Pulaski County,12514,8,"Nonmetro - Urban population of fewer than 5,000, adjacent to a metro area"
18133,Putnam County,36726,6,"Nonmetro - Urban population of 5,000 to 20,000, adjacent to a metro area"
18135,Randolph County,24502,6,"Nonmetro - Urban population of 5,000 to 20,000, adjacent to a metro area"
18137,Ripley County,28995,6,"Nonmetro - Urban population of 5,000 to 20,000, adjacent to a metro area"
18139,Rush County,16752,6,"Nonmetro - Urban population of 5,000 to 20,000, adjacent to a metro area"
18141,St. Joseph County,272912,2,"Metro - Counties in metro areas of 250,000 to 1 million population"
18143,Scott County,24384,6,"Nonmetro - Urban population of 5,000 to 20,000, adjacent to a metro area"
18145,Shelby County,45055,1,Metro - Counties in metro areas of 1 million population or more
18147,Spencer County,19810,8,"Nonmetro - Urban population of fewer than 5,000, adjacent to a metro area"
18149,Starke County,23371,8,"Nonmetro - Urban population of fewer than 5,000, adjacent to a metro area"
18151,Steuben County,34435,7,"Nonmetro - Urban population of 5,000 to 20,000, not adjacent to a metro area"
18153,Sullivan County,20817,3,"Metro - Counties in metro areas of fewer than 250,000 population"
18155,Switzerland County,9737,8,"Nonmetro - Urban population of fewer than 5,000, adjacent to a metro area"
18157,Tippecanoe County,186251,3,"Metro - Counties in metro areas of fewer than 250,000 population"
18159,Tipton County,15359,1,Metro - Counties in metro areas of 1 million population or more
18161,Union County,7087,8,"Nonmetro - Urban population of fewer than 5,000, adjacent to a metro area"
18163,Vanderburgh County,180136,2,"Metro - Counties in metro areas of 250,000 to 1 million population"
18165,Vermillion County,15439,3,"Metro - Counties in metro areas of fewer than 250,000 population"
18167,Vigo County,106153,3,"Metro - Counties in metro areas of fewer than 250,000 population"
18169,Wabash County,30976,6,"Nonmetro - Urban population of 5,000 to 20,000, adjacent to a metro area"
18171,Warren County,8440,3,"Metro - Counties in metro areas of fewer than 250,000 population"
18173,Warrick County,63898,2,"Metro - Counties in metro areas of 250,000 to 1 million population"
18175,Washington County,28182,1,Metro - Counties in metro areas of 1 million population or more
18177,Wayne County,66553,5,"Nonmetro - Urban population of 20,000 or more, not adjacent to a metro area"
18179,Wells County,28180,2,"Metro - Counties in metro areas of 250,000 to 1 million population"
18181,White County,24688,6,"Nonmetro - Urban population of 5,000 to 20,000, adjacent to a metro area"
18183,Whitley County,34191,2,"Metro - Counties in metro areas of 250,000 to 1 million population"
19001,Adair County,7496,8,"Nonmetro - Urban population of fewer than 5,000, adjacent to a metro area"
19003,Adams County,3704,9,"Nonmetro - Urban population of fewer than 5,000, not adjacent to a metro area"
19005,Allamakee County,14061,8,"Nonmetro - Urban population of fewer than 5,000, adjacent to a metro area"
19007,Appanoose County,12317,7,"Nonmetro - Urban population of 5,000 to 20,000, not adjacent to a metro area"
19009,Audubon County,5674,9,"Nonmetro - Urban population of fewer than 5,000, not adjacent to a metro area"
19011,Benton County,25575,2,"Metro - Counties in metro areas of 250,000 to 1 million population"
19013,Black Hawk County,131144,3,"Metro - Counties in metro areas of fewer than 250,000 population"
19015,Boone County,26715,3,"Metro - Counties in metro areas of fewer than 250,000 population"
19017,Bremer County,24988,3,"Metro - Counties in metro areas of fewer than 250,000 population"
19019,Buchanan County,20565,6,"Nonmetro - Urban population of 5,000 to 20,000, adjacent to a metro area"
19021,Buena Vista County,20823,7,"Nonmetro - Urban population of 5,000 to 20,000, not adjacent to a metro area"
19023,Butler County,14334,8,"Nonmetro - Urban population of fewer than 5,000, adjacent to a metro area"
19025,Calhoun County,9927,9,"Nonmetro - Urban population of fewer than 5,000, not adjacent to a metro area"
19027,Carroll County,20760,7,"Nonmetro - Urban population of 5,000 to 20,000, not adjacent to a metro area"
19029,Cass County,13127,6,"Nonmetro - Urban population of 5,000 to 20,000, adjacent to a metro area"
19031,Cedar County,18505,8,"Nonmetro - Urban population of fewer than 5,000, adjacent to a metro area"
19033,Cerro Gordo County,43127,5,"Nonmetro - Urban population of 20,000 or more, not adjacent to a metro area"
19035,Cherokee County,11658,9,"Nonmetro - Urban population of fewer than 5,000, not adjacent to a metro area"
19037,Chickasaw County,12012,8,"Nonmetro - Urban population of fewer than 5,000, adjacent to a metro area"
19039,Clarke County,9748,6,"Nonmetro - Urban population of 5,000 to 20,000, adjacent to a metro area"
19041,Clay County,16384,7,"Nonmetro - Urban population of 5,000 to 20,000, not adjacent to a metro area"
19043,Clayton County,17043,8,"Nonmetro - Urban population of fewer than 5,000, adjacent to a metro area"
19045,Clinton County,46460,4,"Nonmetro - Urban population of 20,000 or more, adjacent to a metro area"
19047,Crawford County,16525,7,"Nonmetro - Urban population of 5,000 to 20,000, not adjacent to a metro area"
19049,Dallas County,99678,2,"Metro - Counties in metro areas of 250,000 to 1 million population"
19051,Davis County,9110,9,"Nonmetro - Urban population of fewer than 5,000, not adjacent to a metro area"
19053,Decatur County,7645,9,"Nonmetro - Urban population of fewer than 5,000, not adjacent to a metro area"
19055,Delaware County,17488,8,"Nonmetro - Urban population of fewer than 5,000, adjacent to a metro area"
19057,Des Moines County,38910,5,"Nonmetro - Urban population of 20,000 or more, not adjacent to a metro area"
19059,Dickinson County,17703,7,"Nonmetro - Urban population of 5,000 to 20,000, not adjacent to a metro area"
19061,Dubuque County,99266,3,"Metro - Counties in metro areas of fewer than 250,000 population"
19063,Emmet County,9388,7,"Nonmetro - Urban population of 5,000 to 20,000, not adjacent to a metro area"
19065,Fayette County,19509,6,"Nonmetro - Urban population of 5,000 to 20,000, adjacent to a metro area"
19067,Floyd County,15627,7,"Nonmetro - Urban population of 5,000 to 20,000, not adjacent to a metro area"
19069,Franklin County,10019,9,"Nonmetro - Urban population of fewer than 5,000, not adjacent to a metro area"
19071,Fremont County,6605,8,"Nonmetro - Urban population of fewer than 5,000, adjacent to a metro area"
19073,Greene County,8771,8,"Nonmetro - Urban population of fewer than 5,000, adjacent to a metro area"
19075,Grundy County,12329,3,"Metro - Counties in metro areas of fewer than 250,000 population"
19077,Guthrie County,10623,2,"Metro - Counties in metro areas of 250,000 to 1 million population"
19079,Hamilton County,15039,6,"Nonmetro - Urban population of 5,000 to 20,000, adjacent to a metro area"
19081,Hancock County,10795,9,"Nonmetro - Urban population of fewer than 5,000, not adjacent to a metro area"
19083,Hardin County,16878,6,"Nonmetro - Urban population of 5,000 to 20,000, adjacent to a metro area"
19085,Harrison County,14582,2,"Metro - Counties in metro areas of 250,000 to 1 million population"
19087,Henry County,20482,6,"Nonmetro - Urban population of 5,000 to 20,000, adjacent to a metro area"
19089,Howard County,9469,8,"Nonmetro - Urban population of fewer than 5,000, adjacent to a metro area"
19091,Humboldt County,9597,7,"Nonmetro - Urban population of 5,000 to 20,000, not adjacent to a metro area"
19093,Ida County,7005,8,"Nonmetro - Urban population of fewer than 5,000, adjacent to a metro area"
19095,Iowa County,16662,8,"Nonmetro - Urban population of fewer than 5,000, adjacent to a metro area"
19097,Jackson County,19485,6,"Nonmetro - Urban population of 5,000 to 20,000, adjacent to a metro area"
19099,Jasper County,37813,2,"Metro - Counties in metro areas of 250,000 to 1 million population"
19101,Jefferson County,15663,7,"Nonmetro - Urban population of 5,000 to 20,000, not adjacent to a metro area"
19103,Johnson County,152854,3,"Metro - Counties in metro areas of fewer than 250,000 population"
19105,Jones County,20646,2,"Metro - Counties in metro areas of 250,000 to 1 million population"
19107,Keokuk County,10033,8,"Nonmetro - Urban population of fewer than 5,000, adjacent to a metro area"
19109,Kossuth County,14828,7,"Nonmetro - Urban population of 5,000 to 20,000, not adjacent to a metro area"
19111,Lee County,33555,7,"Nonmetro - Urban population of 5,000 to 20,000, not adjacent to a metro area"
19113,Linn County,230299,2,"Metro - Counties in metro areas of 250,000 to 1 million population"
19115,Louisa County,10837,8,"Nonmetro - Urban population of fewer than 5,000, adjacent to a metro area"
19117,Lucas County,8634,8,"Nonmetro - Urban population of fewer than 5,000, adjacent to a metro area"
19119,Lyon County,11934,8,"Nonmetro - Urban population of fewer than 5,000, adjacent to a metro area"
19121,Madison County,16548,2,"Metro - Counties in metro areas of 250,000 to 1 million population"
19123,Mahaska County,22190,7,"Nonmetro - Urban population of 5,000 to 20,000, not adjacent to a metro area"
19125,Marion County,33414,6,"Nonmetro - Urban population of 5,000 to 20,000, adjacent to a metro area"
19127,Marshall County,40105,4,"Nonmetro - Urban population of 20,000 or more, adjacent to a metro area"
19129,Mills County,14484,2,"Metro - Counties in metro areas of 250,000 to 1 million population"
19131,Mitchell County,10565,9,"Nonmetro - Urban population of fewer than 5,000, not adjacent to a metro area"
19133,Monona County,8751,8,"Nonmetro - Urban population of fewer than 5,000, adjacent to a metro area"
19135,Monroe County,7577,9,"Nonmetro - Urban population of fewer than 5,000, not adjacent to a metro area"
19137,Montgomery County,10330,6,"Nonmetro - Urban population of 5,000 to 20,000, adjacent to a metro area"
19139,Muscatine County,43235,4,"Nonmetro - Urban population of 20,000 or more, adjacent to a metro area"
19141,O'Brien County,14182,7,"Nonmetro - Urban population of 5,000 to 20,000, not adjacent to a metro area"
19143,Osceola County,6192,9,"Nonmetro - Urban population of fewer than 5,000, not adjacent to a metro area"
19145,Page County,15211,6,"Nonmetro - Urban population of 5,000 to 20,000, adjacent to a metro area"
19147,Palo Alto County,8996,9,"Nonmetro - Urban population of fewer than 5,000, not adjacent to a metro area"
19149,Plymouth County,25698,6,"Nonmetro - Urban population of 5,000 to 20,000, adjacent to a metro area"
19151,Pocahontas County,7078,9,"Nonmetro - Urban population of fewer than 5,000, not adjacent to a metro area"
19153,Polk County,492401,2,"Metro - Counties in metro areas of 250,000 to 1 million population"
19155,Pottawattamie County,93667,2,"Metro - Counties in metro areas of 250,000 to 1 million population"
19157,Poweshiek County,18662,6,"Nonmetro - Urban population of 5,000 to 20,000, adjacent to a metro area"
19159,Ringgold County,4663,9,"Nonmetro - Urban population of fewer than 5,000, not adjacent to a metro area"
19161,Sac County,9814,9,"Nonmetro - Urban population of fewer than 5,000, not adjacent to a metro area"
19163,Scott County,174669,2,"Metro - Counties in metro areas of 250,000 to 1 million population"
19165,Shelby County,11746,8,"Nonmetro - Urban population of fewer than 5,000, adjacent to a metro area"
19167,Sioux County,35872,6,"Nonmetro - Urban population of 5,000 to 20,000, adjacent to a metro area"
19169,Story County,98537,3,"Metro - Counties in metro areas of fewer than 250,000 population"
19171,Tama County,17135,6,"Nonmetro - Urban population of 5,000 to 20,000, adjacent to a metro area"
19173,Taylor County,5896,9,"Nonmetro - Urban population of fewer than 5,000, not adjacent to a metro area"
19175,Union County,12138,6,"Nonmetro - Urban population of 5,000 to 20,000, adjacent to a metro area"
19177,Van Buren County,7203,9,"Nonmetro - Urban population of fewer than 5,000, not adjacent to a metro area"
19179,Wapello County,35437,5,"Nonmetro - Urban population of 20,000 or more, not adjacent to a metro area"
19181,Warren County,52403,2,"Metro - Counties in metro areas of 250,000 to 1 million population"
19183,Washington County,22565,3,"Metro - Counties in metro areas of fewer than 250,000 population"
19185,Wayne County,6497,9,"Nonmetro - Urban population of fewer than 5,000, not adjacent to a metro area"
19187,Webster County,36999,5,"Nonmetro - Urban population of 20,000 or more, not adjacent to a metro area"
19189,Winnebago County,10679,9,"Nonmetro - Urban population of fewer than 5,000, not adjacent to a metro area"
19191,Winneshiek County,20070,7,"Nonmetro - Urban population of 5,000 to 20,000, not adjacent to a metro area"
19193,Woodbury County,105941,3,"Metro - Counties in metro areas of fewer than 250,000 population"
19195,Worth County,7443,9,"Nonmetro - Urban population of fewer than 5,000, not adjacent to a metro area"
19197,Wright County,12943,9,"Nonmetro - Urban population of fewer than 5,000, not adjacent to a metro area"
20001,Allen County,12526,7,"Nonmetro - Urban population of 5,000 to 20,000, not adjacent to a metro area"
20003,Anderson County,7836,8,"Nonmetro - Urban population of fewer than 5,000, adjacent to a metro area"
20005,Atchison County,16348,6,"Nonmetro - Urban population of 5,000 to 20,000, adjacent to a metro area"
20007,Barber County,4228,9,"Nonmetro - Urban population of fewer than 5,000, not adjacent to a metro area"
20009,Barton County,25493,7,"Nonmetro - Urban population of 5,000 to 20,000, not adjacent to a metro area"
20011,Bourbon County,14360,6,"Nonmetro - Urban population of 5,000 to 20,000, adjacent to a metro area"
20013,Brown County,9508,8,"Nonmetro - Urban population of fewer than 5,000, adjacent to a metro area"
20015,Butler County,67380,2,"Metro - Counties in metro areas of 250,000 to 1 million population"
20017,Chase County,2572,8,"Nonmetro - Urban population of fewer than 5,000, adjacent to a metro area"
20019,Chautauqua County,3379,9,"Nonmetro - Urban population of fewer than 5,000, not adjacent to a metro area"
20021,Cherokee County,19362,3,"Metro - Counties in metro areas of fewer than 250,000 population"
20023,Cheyenne County,2616,9,"Nonmetro - Urban population of fewer than 5,000, not adjacent to a metro area"
20025,Clark County,1991,9,"Nonmetro - Urban population of fewer than 5,000, not adjacent to a metro area"
20027,Clay County,8117,8,"Nonmetro - Urban population of fewer than 5,000, adjacent to a metro area"
20029,Cloud County,9032,7,"Nonmetro - Urban population of 5,000 to 20,000, not adjacent to a metro area"
20031,Coffey County,8360,8,"Nonmetro - Urban population of fewer than 5,000, adjacent to a metro area"
20033,Comanche County,1689,9,"Nonmetro - Urban population of fewer than 5,000, not adjacent to a metro area"
20035,Cowley County,34549,4,"Nonmetro - Urban population of 20,000 or more, adjacent to a metro area"
20037,Crawford County,38972,4,"Nonmetro - Urban population of 20,000 or more, adjacent to a metro area"
20039,Decatur County,2764,9,"Nonmetro - Urban population of fewer than 5,000, not adjacent to a metro area"
20041,Dickinson County,18402,6,"Nonmetro - Urban population of 5,000 to 20,000, adjacent to a metro area"
20043,Doniphan County,7510,3,"Metro - Counties in metro areas of fewer than 250,000 population"
20045,Douglas County,118785,3,"Metro - Counties in metro areas of fewer than 250,000 population"
20047,Edwards County,2907,9,"Nonmetro - Urban population of fewer than 5,000, not adjacent to a metro area"
20049,Elk County,2483,8,"Nonmetro - Urban population of fewer than 5,000, adjacent to a metro area"
20051,Ellis County,28934,5,"Nonmetro - Urban population of 20,000 or more, not adjacent to a metro area"
20053,Ellsworth County,6376,9,"Nonmetro - Urban population of fewer than 5,000, not adjacent to a metro area"
20055,Finney County,38470,5,"Nonmetro - Urban population of 20,000 or more, not adjacent to a metro area"
20057,Ford County,34287,5,"Nonmetro - Urban population of 20,000 or more, not adjacent to a metro area"
20059,Franklin County,25996,6,"Nonmetro - Urban population of 5,000 to 20,000, adjacent to a metro area"
20061,Geary County,36739,3,"Metro - Counties in metro areas of fewer than 250,000 population"
20063,Gove County,2718,9,"Nonmetro - Urban population of fewer than 5,000, not adjacent to a metro area"
20065,Graham County,2415,9,"Nonmetro - Urban population of fewer than 5,000, not adjacent to a metro area"
20067,Grant County,7352,7,"Nonmetro - Urban population of 5,000 to 20,000, not adjacent to a metro area"
20069,Gray County,5653,9,"Nonmetro - Urban population of fewer than 5,000, not adjacent to a metro area"
20071,Greeley County,1284,9,"Nonmetro - Urban population of fewer than 5,000, not adjacent to a metro area"
20073,Greenwood County,6016,8,"Nonmetro - Urban population of fewer than 5,000, adjacent to a metro area"
20075,Hamilton County,2518,9,"Nonmetro - Urban population of fewer than 5,000, not adjacent to a metro area"
20077,Harper County,5485,8,"Nonmetro - Urban population of fewer than 5,000, adjacent to a metro area"
20079,Harvey County,34024,2,"Metro - Counties in metro areas of 250,000 to 1 million population"
20081,Haskell County,3780,9,"Nonmetro - Urban population of fewer than 5,000, not adjacent to a metro area"
20083,Hodgeman County,1723,9,"Nonmetro - Urban population of fewer than 5,000, not adjacent to a metro area"
20085,Jackson County,13232,3,"Metro - Counties in metro areas of fewer than 250,000 population"
20087,Jefferson County,18368,3,"Metro - Counties in metro areas of fewer than 250,000 population"
20089,Jewell County,2932,9,"Nonmetro - Urban population of fewer than 5,000, not adjacent to a metro area"
20091,Johnson County,609863,1,Metro - Counties in metro areas of 1 million population or more
20093,Kearny County,3983,9,"Nonmetro - Urban population of fewer than 5,000, not adjacent to a metro area"
20095,Kingman County,7470,8,"Nonmetro - Urban population of fewer than 5,000, adjacent to a metro area"
20097,Kiowa County,2460,9,"Nonmetro - Urban population of fewer than 5,000, not adjacent to a metro area"
20099,Labette County,20184,7,"Nonmetro - Urban population of 5,000 to 20,000, not adjacent to a metro area"
20101,Lane County,1574,9,"Nonmetro - Urban population of fewer than 5,000, not adjacent to a metro area"
20103,Leavenworth County,81881,1,Metro - Counties in metro areas of 1 million population or more
20105,Lincoln County,2939,9,"Nonmetro - Urban population of fewer than 5,000, not adjacent to a metro area"
20107,Linn County,9591,1,Metro - Counties in metro areas of 1 million population or more
20109,Logan County,2762,9,"Nonmetro - Urban population of fewer than 5,000, not adjacent to a metro area"
20111,Lyon County,32179,4,"Nonmetro - Urban population of 20,000 or more, adjacent to a metro area"
20113,McPherson County,30223,7,"Nonmetro - Urban population of 5,000 to 20,000, not adjacent to a metro area"
20115,Marion County,11823,8,"Nonmetro - Urban population of fewer than 5,000, adjacent to a metro area"
20117,Marshall County,10038,8,"Nonmetro - Urban population of fewer than 5,000, adjacent to a metro area"
20119,Meade County,4055,9,"Nonmetro - Urban population of fewer than 5,000, not adjacent to a metro area"
20121,Miami County,34191,1,Metro - Counties in metro areas of 1 million population or more
20123,Mitchell County,5796,9,"Nonmetro - Urban population of fewer than 5,000, not adjacent to a metro area"
20125,Montgomery County,31486,7,"Nonmetro - Urban population of 5,000 to 20,000, not adjacent to a metro area"
20127,Morris County,5386,8,"Nonmetro - Urban population of fewer than 5,000, adjacent to a metro area"
20129,Morton County,2701,9,"Nonmetro - Urban population of fewer than 5,000, not adjacent to a metro area"
20131,Nemaha County,10273,9,"Nonmetro - Urban population of fewer than 5,000, not adjacent to a metro area"
20133,Neosho County,15904,7,"Nonmetro - Urban population of 5,000 to 20,000, not adjacent to a metro area"
20135,Ness County,2687,9,"Nonmetro - Urban population of fewer than 5,000, not adjacent to a metro area"
20137,Norton County,5459,9,"Nonmetro - Urban population of fewer than 5,000, not adjacent to a metro area"
20139,Osage County,15766,3,"Metro - Counties in metro areas of fewer than 250,000 population"
20141,Osborne County,3500,9,"Nonmetro - Urban population of fewer than 5,000, not adjacent to a metro area"
20143,Ottawa County,5735,9,"Nonmetro - Urban population of fewer than 5,000, not adjacent to a metro area"
20145,Pawnee County,6253,9,"Nonmetro - Urban population of fewer than 5,000, not adjacent to a metro area"
20147,Phillips County,4981,9,"Nonmetro - Urban population of fewer than 5,000, not adjacent to a metro area"
20149,Pottawatomie County,25348,3,"Metro - Counties in metro areas of fewer than 250,000 population"
20151,Pratt County,9157,7,"Nonmetro - Urban population of 5,000 to 20,000, not adjacent to a metro area"
20153,Rawlins County,2561,9,"Nonmetro - Urban population of fewer than 5,000, not adjacent to a metro area"
20155,Reno County,61898,4,"Nonmetro - Urban population of 20,000 or more, adjacent to a metro area"
20157,Republic County,4674,9,"Nonmetro - Urban population of fewer than 5,000, not adjacent to a metro area"
20159,Rice County,9427,9,"Nonmetro - Urban population of fewer than 5,000, not adjacent to a metro area"
20161,Riley County,71959,3,"Metro - Counties in metro areas of fewer than 250,000 population"
20163,Rooks County,4919,9,"Nonmetro - Urban population of fewer than 5,000, not adjacent to a metro area"
20165,Rush County,2956,9,"Nonmetro - Urban population of fewer than 5,000, not adjacent to a metro area"
20167,Russell County,6691,9,"Nonmetro - Urban population of fewer than 5,000, not adjacent to a metro area"
20169,Saline County,54303,5,"Nonmetro - Urban population of 20,000 or more, not adjacent to a metro area"
20171,Scott County,5151,9,"Nonmetro - Urban population of fewer than 5,000, not adjacent to a metro area"
20173,Sedgwick County,523824,2,"Metro - Counties in metro areas of 250,000 to 1 million population"
20175,Seward County,21964,7,"Nonmetro - Urban population of 5,000 to 20,000, not adjacent to a metro area"
20177,Shawnee County,178909,3,"Metro - Counties in metro areas of fewer than 250,000 population"
20179,Sheridan County,2447,9,"Nonmetro - Urban population of fewer than 5,000, not adjacent to a metro area"
20181,Sherman County,5927,9,"Nonmetro - Urban population of fewer than 5,000, not adjacent to a metro area"
20183,Smith County,3570,9,"Nonmetro - Urban population of fewer than 5,000, not adjacent to a metro area"
20185,Stafford County,4072,9,"Nonmetro - Urban population of fewer than 5,000, not adjacent to a metro area"
20187,Stanton County,2084,9,"Nonmetro - Urban population of fewer than 5,000, not adjacent to a metro area"
20189,Stevens County,5250,9,"Nonmetro - Urban population of fewer than 5,000, not adjacent to a metro area"
20191,Sumner County,22382,2,"Metro - Counties in metro areas of 250,000 to 1 million population"
20193,Thomas County,7930,7,"Nonmetro - Urban population of 5,000 to 20,000, not adjacent to a metro area"
20195,Trego County,2808,9,"Nonmetro - Urban population of fewer than 5,000, not adjacent to a metro area"
20197,Wabaunsee County,6877,3,"Metro - Counties in metro areas of fewer than 250,000 population"
20199,Wallace County,1512,9,"Nonmetro - Urban population of fewer than 5,000, not adjacent to a metro area"
20201,Washington County,5530,9,"Nonmetro - Urban population of fewer than 5,000, not adjacent to a metro area"
20203,Wichita County,2152,9,"Nonmetro - Urban population of fewer than 5,000, not adjacent to a metro area"
20205,Wilson County,8624,9,"Nonmetro - Urban population of fewer than 5,000, not adjacent to a metro area"
20207,Woodson County,3115,9,"Nonmetro - Urban population of fewer than 5,000, not adjacent to a metro area"
20209,Wyandotte County,169245,1,Metro - Counties in metro areas of 1 million population or more
21001,Adair County,18903,7,"Nonmetro - Urban population of 5,000 to 20,000, not adjacent to a metro area"
21003,Allen County,20588,3,"Metro - Counties in metro areas of fewer than 250,000 population"
21005,Anderson County,23852,6,"Nonmetro - Urban population of 5,000 to 20,000, adjacent to a metro area"
21007,Ballard County,7728,3,"Metro - Counties in metro areas of fewer than 250,000 population"
21009,Barren County,44485,6,"Nonmetro - Urban population of 5,000 to 20,000, adjacent to a metro area"
21011,Bath County,12750,8,"Nonmetro - Urban population of fewer than 5,000, adjacent to a metro area"
21013,Bell County,24097,7,"Nonmetro - Urban population of 5,000 to 20,000, not adjacent to a metro area"
21015,Boone County,135968,1,Metro - Counties in metro areas of 1 million population or more
21017,Bourbon County,20252,2,"Metro - Counties in metro areas of 250,000 to 1 million population"
21019,Boyd County,48261,2,"Metro - Counties in metro areas of 250,000 to 1 million population"
21021,Boyle County,30614,7,"Nonmetro - Urban population of 5,000 to 20,000, not adjacent to a metro area"
21023,Bracken County,8400,1,Metro - Counties in metro areas of 1 million population or more
21025,Breathitt County,13718,9,"Nonmetro - Urban population of fewer than 5,000, not adjacent to a metro area"
21027,Breckinridge County,20432,8,"Nonmetro - Urban population of fewer than 5,000, adjacent to a metro area"
21029,Bullitt County,82217,1,Metro - Counties in metro areas of 1 million population or more
21031,Butler County,12371,3,"Metro - Counties in metro areas of fewer than 250,000 population"
21033,Caldwell County,12649,7,"Nonmetro - Urban population of 5,000 to 20,000, not adjacent to a metro area"
21035,Calloway County,37103,7,"Nonmetro - Urban population of 5,000 to 20,000, not adjacent to a metro area"
21037,Campbell County,93076,1,Metro - Counties in metro areas of 1 million population or more
21039,Carlisle County,4826,3,"Metro - Counties in metro areas of fewer than 250,000 population"
21041,Carroll County,10810,6,"Nonmetro - Urban population of 5,000 to 20,000, adjacent to a metro area"
21043,Carter County,26627,2,"Metro - Counties in metro areas of 250,000 to 1 million population"
21045,Casey County,15941,9,"Nonmetro - Urban population of fewer than 5,000, not adjacent to a metro area"
21047,Christian County,72748,2,"Metro - Counties in metro areas of 250,000 to 1 million population"
21049,Clark County,36972,2,"Metro - Counties in metro areas of 250,000 to 1 million population"
21051,Clay County,20345,9,"Nonmetro - Urban population of fewer than 5,000, not adjacent to a metro area"
21053,Clinton County,9253,9,"Nonmetro - Urban population of fewer than 5,000, not adjacent to a metro area"
21055,Crittenden County,8990,8,"Nonmetro - Urban population of fewer than 5,000, adjacent to a metro area"
21057,Cumberland County,5888,9,"Nonmetro - Urban population of fewer than 5,000, not adjacent to a metro area"
21059,Daviess County,103312,3,"Metro - Counties in metro areas of fewer than 250,000 population"
21061,Edmonson County,12126,3,"Metro - Counties in metro areas of fewer than 250,000 population"
21063,Elliott County,7354,8,"Nonmetro - Urban population of fewer than 5,000, adjacent to a metro area"
21065,Estill County,14163,8,"Nonmetro - Urban population of fewer than 5,000, adjacent to a metro area"
21067,Fayette County,322570,2,"Metro - Counties in metro areas of 250,000 to 1 million population"
21069,Fleming County,15082,9,"Nonmetro - Urban population of fewer than 5,000, not adjacent to a metro area"
21071,Floyd County,35942,7,"Nonmetro - Urban population of 5,000 to 20,000, not adjacent to a metro area"
21073,Franklin County,51541,4,"Nonmetro - Urban population of 20,000 or more, adjacent to a metro area"
21075,Fulton County,6515,9,"Nonmetro - Urban population of fewer than 5,000, not adjacent to a metro area"
21077,Gallatin County,8690,1,Metro - Counties in metro areas of 1 million population or more
21079,Garrard County,16953,8,"Nonmetro - Urban population of fewer than 5,000, adjacent to a metro area"
21081,Grant County,24941,1,Metro - Counties in metro areas of 1 million population or more
21083,Graves County,36649,6,"Nonmetro - Urban population of 5,000 to 20,000, adjacent to a metro area"
21085,Grayson County,26420,6,"Nonmetro - Urban population of 5,000 to 20,000, adjacent to a metro area"
21087,Green County,11107,8,"Nonmetro - Urban population of fewer than 5,000, adjacent to a metro area"
21089,Greenup County,35962,2,"Metro - Counties in metro areas of 250,000 to 1 million population"
21091,Hancock County,9095,8,"Nonmetro - Urban population of fewer than 5,000, adjacent to a metro area"
21093,Hardin County,110702,3,"Metro - Counties in metro areas of fewer than 250,000 population"
21095,Harlan County,26831,7,"Nonmetro - Urban population of 5,000 to 20,000, not adjacent to a metro area"
21097,Harrison County,18692,6,"Nonmetro - Urban population of 5,000 to 20,000, adjacent to a metro area"
21099,Hart County,19288,8,"Nonmetro - Urban population of fewer than 5,000, adjacent to a metro area"
21101,Henderson County,44793,4,"Nonmetro - Urban population of 20,000 or more, adjacent to a metro area"
21103,Henry County,15678,1,Metro - Counties in metro areas of 1 million population or more
21105,Hickman County,4521,8,"Nonmetro - Urban population of fewer than 5,000, adjacent to a metro area"
21107,Hopkins County,45423,5,"Nonmetro - Urban population of 20,000 or more, not adjacent to a metro area"
21109,Jackson County,12955,9,"Nonmetro - Urban population of fewer than 5,000, not adjacent to a metro area"
21111,Jefferson County,782969,1,Metro - Counties in metro areas of 1 million population or more
21113,Jessamine County,52991,2,"Metro - Counties in metro areas of 250,000 to 1 million population"
21115,Johnson County,22680,7,"Nonmetro - Urban population of 5,000 to 20,000, not adjacent to a metro area"
21117,Kenton County,169064,1,Metro - Counties in metro areas of 1 million population or more
21119,Knott County,14251,9,"Nonmetro - Urban population of fewer than 5,000, not adjacent to a metro area"
21121,Knox County,30193,7,"Nonmetro - Urban population of 5,000 to 20,000, not adjacent to a metro area"
21123,Larue County,14867,3,"Metro - Counties in metro areas of fewer than 250,000 population"
21125,Laurel County,62613,5,"Nonmetro - Urban population of 20,000 or more, not adjacent to a metro area"
21127,Lawrence County,16293,2,"Metro - Counties in metro areas of 250,000 to 1 million population"
21129,Lee County,7395,9,"Nonmetro - Urban population of fewer than 5,000, not adjacent to a metro area"
21131,Leslie County,10513,9,"Nonmetro - Urban population of fewer than 5,000, not adjacent to a metro area"
21133,Letcher County,21548,9,"Nonmetro - Urban population of fewer than 5,000, not adjacent to a metro area"
21135,Lewis County,13080,8,"Nonmetro - Urban population of fewer than 5,000, adjacent to a metro area"
21137,Lincoln County,24275,9,"Nonmetro - Urban population of fewer than 5,000, not adjacent to a metro area"
21139,Livingston County,8888,3,"Metro - Counties in metro areas of fewer than 250,000 population"
21141,Logan County,27432,6,"Nonmetro - Urban population of 5,000 to 20,000, adjacent to a metro area"
21143,Lyon County,8680,8,"Nonmetro - Urban population of fewer than 5,000, adjacent to a metro area"
21145,McCracken County,67875,3,"Metro - Counties in metro areas of fewer than 250,000 population"
21147,McCreary County,16888,9,"Nonmetro - Urban population of fewer than 5,000, not adjacent to a metro area"
21149,McLean County,9152,3,"Metro - Counties in metro areas of fewer than 250,000 population"
21151,Madison County,92701,4,"Nonmetro - Urban population of 20,000 or more, adjacent to a metro area"
21153,Magoffin County,11637,9,"Nonmetro - Urban population of fewer than 5,000, not adjacent to a metro area"
21155,Marion County,19581,6,"Nonmetro - Urban population of 5,000 to 20,000, adjacent to a metro area"
21157,Marshall County,31659,8,"Nonmetro - Urban population of fewer than 5,000, adjacent to a metro area"
21159,Martin County,11287,8,"Nonmetro - Urban population of fewer than 5,000, adjacent to a metro area"
21161,Mason County,17120,6,"Nonmetro - Urban population of 5,000 to 20,000, adjacent to a metro area"
21163,Meade County,30003,1,Metro - Counties in metro areas of 1 million population or more
21165,Menifee County,6113,9,"Nonmetro - Urban population of fewer than 5,000, not adjacent to a metro area"
21167,Mercer County,22641,6,"Nonmetro - Urban population of 5,000 to 20,000, adjacent to a metro area"
21169,Metcalfe County,10286,9,"Nonmetro - Urban population of fewer than 5,000, not adjacent to a metro area"
21171,Monroe County,11338,8,"Nonmetro - Urban population of fewer than 5,000, adjacent to a metro area"
21173,Montgomery County,28114,6,"Nonmetro - Urban population of 5,000 to 20,000, adjacent to a metro area"
21175,Morgan County,13726,9,"Nonmetro - Urban population of fewer than 5,000, not adjacent to a metro area"
21177,Muhlenberg County,30928,6,"Nonmetro - Urban population of 5,000 to 20,000, adjacent to a metro area"
21179,Nelson County,46738,1,Metro - Counties in metro areas of 1 million population or more
21181,Nicholas County,7537,8,"Nonmetro - Urban population of fewer than 5,000, adjacent to a metro area"
21183,Ohio County,23772,6,"Nonmetro - Urban population of 5,000 to 20,000, adjacent to a metro area"
21185,Oldham County,67607,1,Metro - Counties in metro areas of 1 million population or more
21187,Owen County,11278,8,"Nonmetro - Urban population of fewer than 5,000, adjacent to a metro area"
21189,Owsley County,4051,9,"Nonmetro - Urban population of fewer than 5,000, not adjacent to a metro area"
21191,Pendleton County,14644,1,Metro - Counties in metro areas of 1 million population or more
21193,Perry County,28473,7,"Nonmetro - Urban population of 5,000 to 20,000, not adjacent to a metro area"
21195,Pike County,58669,7,"Nonmetro - Urban population of 5,000 to 20,000, not adjacent to a metro area"
21197,Powell County,13129,8,"Nonmetro - Urban population of fewer than 5,000, adjacent to a metro area"
21199,Pulaski County,65034,5,"Nonmetro - Urban population of 20,000 or more, not adjacent to a metro area"
21201,Robertson County,2193,8,"Nonmetro - Urban population of fewer than 5,000, adjacent to a metro area"
21203,Rockcastle County,16037,9,"Nonmetro - Urban population of fewer than 5,000, not adjacent to a metro area"
21205,Rowan County,24662,6,"Nonmetro - Urban population of 5,000 to 20,000, adjacent to a metro area"
21207,Russell County,17991,9,"Nonmetro - Urban population of fewer than 5,000, not adjacent to a metro area"
21209,Scott County,57155,2,"Metro - Counties in metro areas of 250,000 to 1 million population"
21211,Shelby County,48065,1,Metro - Counties in metro areas of 1 million population or more
21213,Simpson County,19594,6,"Nonmetro - Urban population of 5,000 to 20,000, adjacent to a metro area"
21215,Spencer County,19490,1,Metro - Counties in metro areas of 1 million population or more
21217,Taylor County,26023,7,"Nonmetro - Urban population of 5,000 to 20,000, not adjacent to a metro area"
21219,Todd County,12243,8,"Nonmetro - Urban population of fewer than 5,000, adjacent to a metro area"
21221,Trigg County,14061,2,"Metro - Counties in metro areas of 250,000 to 1 million population"
21223,Trimble County,8474,8,"Nonmetro - Urban population of fewer than 5,000, adjacent to a metro area"
21225,Union County,13668,8,"Nonmetro - Urban population of fewer than 5,000, adjacent to a metro area"
21227,Warren County,134554,3,"Metro - Counties in metro areas of fewer than 250,000 population"
21229,Washington County,12027,8,"Nonmetro - Urban population of fewer than 5,000, adjacent to a metro area"
21231,Wayne County,19555,7,"Nonmetro - Urban population of 5,000 to 20,000, not adjacent to a metro area"
21233,Webster County,13017,9,"Nonmetro - Urban population of fewer than 5,000, not adjacent to a metro area"
21235,Whitley County,36712,7,"Nonmetro - Urban population of 5,000 to 20,000, not adjacent to a metro area"
21237,Wolfe County,6562,9,"Nonmetro - Urban population of fewer than 5,000, not adjacent to a metro area"
21239,Woodford County,26871,2,"Metro - Counties in metro areas of 250,000 to 1 million population"
22001,Acadia Parish,57576,2,"Metro - Counties in metro areas of 250,000 to 1 million population"
22003,Allen Parish,22750,6,"Nonmetro - Urban population of 5,000 to 20,000, adjacent to a metro area"
22005,Ascension Parish,126500,2,"Metro - Counties in metro areas of 250,000 to 1 million population"
22007,Assumption Parish,21039,2,"Metro - Counties in metro areas of 250,000 to 1 million population"
22009,Avoyelles Parish,39693,6,"Nonmetro - Urban population of 5,000 to 20,000, adjacent to a metro area"
22011,Beauregard Parish,36549,6,"Nonmetro - Urban population of 5,000 to 20,000, adjacent to a metro area"
22013,Bienville Parish,12981,8,"Nonmetro - Urban population of fewer than 5,000, adjacent to a metro area"
22015,Bossier Parish,128746,2,"Metro - Counties in metro areas of 250,000 to 1 million population"
22017,Caddo Parish,237848,2,"Metro - Counties in metro areas of 250,000 to 1 million population"
22019,Calcasieu Parish,216785,2,"Metro - Counties in metro areas of 250,000 to 1 million population"
22021,Caldwell Parish,9645,8,"Nonmetro - Urban population of fewer than 5,000, adjacent to a metro area"
22023,Cameron Parish,5617,2,"Metro - Counties in metro areas of 250,000 to 1 million population"
22025,Catahoula Parish,8906,9,"Nonmetro - Urban population of fewer than 5,000, not adjacent to a metro area"
22027,Claiborne Parish,14170,9,"Nonmetro - Urban population of fewer than 5,000, not adjacent to a metro area"
22029,Concordia Parish,18687,6,"Nonmetro - Urban population of 5,000 to 20,000, adjacent to a metro area"
22031,De Soto Parish,26812,2,"Metro - Counties in metro areas of 250,000 to 1 million population"
22033,East Baton Rouge Parish,456781,2,"Metro - Counties in metro areas of 250,000 to 1 million population"
22035,East Carroll Parish,7459,8,"Nonmetro - Urban population of fewer than 5,000, adjacent to a metro area"
22037,East Feliciana Parish,19539,2,"Metro - Counties in metro areas of 250,000 to 1 million population"
22039,Evangeline Parish,32350,6,"Nonmetro - Urban population of 5,000 to 20,000, adjacent to a metro area"
22041,Franklin Parish,19774,6,"Nonmetro - Urban population of 5,000 to 20,000, adjacent to a metro area"
22043,Grant Parish,22169,3,"Metro - Counties in metro areas of fewer than 250,000 population"
22045,Iberia Parish,69929,4,"Nonmetro - Urban population of 20,000 or more, adjacent to a metro area"
22047,Iberville Parish,30241,2,"Metro - Counties in metro areas of 250,000 to 1 million population"
22049,Jackson Parish,15031,6,"Nonmetro - Urban population of 5,000 to 20,000, adjacent to a metro area"
22051,Jefferson Parish,440781,1,Metro - Counties in metro areas of 1 million population or more
22053,Jefferson Davis Parish,32250,2,"Metro - Counties in metro areas of 250,000 to 1 million population"
22055,Lafayette Parish,241753,2,"Metro - Counties in metro areas of 250,000 to 1 million population"
22057,Lafourche Parish,97557,3,"Metro - Counties in metro areas of fewer than 250,000 population"
22059,LaSalle Parish,14791,8,"Nonmetro - Urban population of fewer than 5,000, adjacent to a metro area"
22061,Lincoln Parish,48396,4,"Nonmetro - Urban population of 20,000 or more, adjacent to a metro area"
22063,Livingston Parish,142282,2,"Metro - Counties in metro areas of 250,000 to 1 million population"
22065,Madison Parish,10017,6,"Nonmetro - Urban population of 5,000 to 20,000, adjacent to a metro area"
22067,Morehouse Parish,25629,3,"Metro - Counties in metro areas of fewer than 250,000 population"
22069,Natchitoches Parish,37515,6,"Nonmetro - Urban population of 5,000 to 20,000, adjacent to a metro area"
22071,Orleans Parish,383997,1,Metro - Counties in metro areas of 1 million population or more
22073,Ouachita Parish,160368,3,"Metro - Counties in metro areas of fewer than 250,000 population"
22075,Plaquemines Parish,23515,1,Metro - Counties in metro areas of 1 million population or more
22077,Pointe Coupee Parish,20758,2,"Metro - Counties in metro areas of 250,000 to 1 million population"
22079,Rapides Parish,130023,3,"Metro - Counties in metro areas of fewer than 250,000 population"
22081,Red River Parish,7620,8,"Nonmetro - Urban population of fewer than 5,000, adjacent to a metro area"
22083,Richland Parish,20043,3,"Metro - Counties in metro areas of fewer than 250,000 population"
22085,Sabine Parish,22155,8,"Nonmetro - Urban population of fewer than 5,000, adjacent to a metro area"
22087,St. Bernard Parish,43764,1,Metro - Counties in metro areas of 1 million population or more
22089,St. Charles Parish,52549,1,Metro - Counties in metro areas of 1 million population or more
22091,St. Helena Parish,10920,2,"Metro - Counties in metro areas of 250,000 to 1 million population"
22093,St. James Parish,20192,1,Metro - Counties in metro areas of 1 million population or more
22095,St. John the Baptist Parish,42477,1,Metro - Counties in metro areas of 1 million population or more
22097,St. Landry Parish,82540,4,"Nonmetro - Urban population of 20,000 or more, adjacent to a metro area"
22099,St. Martin Parish,51767,2,"Metro - Counties in metro areas of 250,000 to 1 million population"
22101,St. Mary Parish,49406,4,"Nonmetro - Urban population of 20,000 or more, adjacent to a metro area"
22103,St. Tammany Parish,264570,2,"Metro - Counties in metro areas of 250,000 to 1 million population"
22105,Tangipahoa Parish,133157,3,"Metro - Counties in metro areas of fewer than 250,000 population"
22107,Tensas Parish,4147,9,"Nonmetro - Urban population of fewer than 5,000, not adjacent to a metro area"
22109,Terrebonne Parish,109580,3,"Metro - Counties in metro areas of fewer than 250,000 population"
22111,Union Parish,21107,3,"Metro - Counties in metro areas of fewer than 250,000 population"
22113,Vermilion Parish,57359,2,"Metro - Counties in metro areas of 250,000 to 1 million population"
22115,Vernon Parish,48750,4,"Nonmetro - Urban population of 20,000 or more, adjacent to a metro area"
22117,Washington Parish,45463,6,"Nonmetro - Urban population of 5,000 to 20,000, adjacent to a metro area"
22119,Webster Parish,36967,6,"Nonmetro - Urban population of 5,000 to 20,000, adjacent to a metro area"
22121,West Baton Rouge Parish,27199,2,"Metro - Counties in metro areas of 250,000 to 1 million population"
22123,West Carroll Parish,9751,8,"Nonmetro - Urban population of fewer than 5,000, adjacent to a metro area"
22125,West Feliciana Parish,15310,2,"Metro - Counties in metro areas of 250,000 to 1 million population"
22127,Winn Parish,13755,8,"Nonmetro - Urban population of fewer than 5,000, adjacent to a metro area"
23001,Androscoggin County,111139,3,"Metro - Counties in metro areas of fewer than 250,000 population"
23003,Aroostook County,67105,7,"Nonmetro - Urban population of 5,000 to 20,000, not adjacent to a metro area"
23005,Cumberland County,303069,2,"Metro - Counties in metro areas of 250,000 to 1 million population"
23007,Franklin County,29456,8,"Nonmetro - Urban population of fewer than 5,000, adjacent to a metro area"
23009,Hancock County,55478,8,"Nonmetro - Urban population of fewer than 5,000, adjacent to a metro area"
23011,Kennebec County,123642,4,"Nonmetro - Urban population of 20,000 or more, adjacent to a metro area"
23013,Knox County,40607,7,"Nonmetro - Urban population of 5,000 to 20,000, not adjacent to a metro area"
23015,Lincoln County,35237,8,"Nonmetro - Urban population of fewer than 5,000, adjacent to a metro area"
23017,Oxford County,57777,6,"Nonmetro - Urban population of 5,000 to 20,000, adjacent to a metro area"
23019,Penobscot County,152199,3,"Metro - Counties in metro areas of fewer than 250,000 population"
23021,Piscataquis County,16800,8,"Nonmetro - Urban population of fewer than 5,000, adjacent to a metro area"
23023,Sagadahoc County,36699,2,"Metro - Counties in metro areas of 250,000 to 1 million population"
23025,Somerset County,50477,6,"Nonmetro - Urban population of 5,000 to 20,000, adjacent to a metro area"
23027,Waldo County,39607,8,"Nonmetro - Urban population of fewer than 5,000, adjacent to a metro area"
23029,Washington County,31095,9,"Nonmetro - Urban population of fewer than 5,000, not adjacent to a metro area"
23031,York County,211972,2,"Metro - Counties in metro areas of 250,000 to 1 million population"
24001,Allegany County,68106,4,"Nonmetro - Urban population of 20,000 or more, adjacent to a metro area"
24003,Anne Arundel County,588261,1,Metro - Counties in metro areas of 1 million population or more
24005,Baltimore County,854535,1,Metro - Counties in metro areas of 1 million population or more
24009,Calvert County,92783,3,"Metro - Counties in metro areas of fewer than 250,000 population"
24011,Caroline County,33293,6,"Nonmetro - Urban population of 5,000 to 20,000, adjacent to a metro area"
24013,Carroll County,172891,1,Metro - Counties in metro areas of 1 million population or more
24015,Cecil County,103725,1,Metro - Counties in metro areas of 1 million population or more
24017,Charles County,166617,1,Metro - Counties in metro areas of 1 million population or more
24019,Dorchester County,32531,6,"Nonmetro - Urban population of 5,000 to 20,000, adjacent to a metro area"
24021,Frederick County,271717,1,Metro - Counties in metro areas of 1 million population or more
24023,Garrett County,28806,8,"Nonmetro - Urban population of fewer than 5,000, adjacent to a metro area"
24025,Harford County,260924,1,Metro - Counties in metro areas of 1 million population or more
24027,Howard County,332317,1,Metro - Counties in metro areas of 1 million population or more
24029,Kent County,19198,6,"Nonmetro - Urban population of 5,000 to 20,000, adjacent to a metro area"
24031,Montgomery County,1062061,1,Metro - Counties in metro areas of 1 million population or more
24033,Prince George's County,967201,1,Metro - Counties in metro areas of 1 million population or more
24035,Queen Anne's County,49874,1,Metro - Counties in metro areas of 1 million population or more
24037,St. Mary's County,113777,3,"Metro - Counties in metro areas of fewer than 250,000 population"
24039,Somerset County,24620,3,"Metro - Counties in metro areas of fewer than 250,000 population"
24041,Talbot County,37526,6,"Nonmetro - Urban population of 5,000 to 20,000, adjacent to a metro area"
24043,Washington County,154705,2,"Metro - Counties in metro areas of 250,000 to 1 million population"
24045,Wicomico County,103588,3,"Metro - Counties in metro areas of fewer than 250,000 population"
24047,Worcester County,52460,4,"Nonmetro - Urban population of 20,000 or more, adjacent to a metro area"
24510,Baltimore city,585708,1,Metro - Counties in metro areas of 1 million population or more
25001,Barnstable County,228996,3,"Metro - Counties in metro areas of fewer than 250,000 population"
25003,Berkshire County,129026,3,"Metro - Counties in metro areas of fewer than 250,000 population"
25005,Bristol County,579200,1,Metro - Counties in metro areas of 1 million population or more
25007,Dukes County,20600,7,"Nonmetro - Urban population of 5,000 to 20,000, not adjacent to a metro area"
25009,Essex County,809829,1,Metro - Counties in metro areas of 1 million population or more
25011,Franklin County,71029,4,"Nonmetro - Urban population of 20,000 or more, adjacent to a metro area"
25013,Hampden County,465825,2,"Metro - Counties in metro areas of 250,000 to 1 million population"
25015,Hampshire County,162308,3,"Metro - Counties in metro areas of fewer than 250,000 population"
25017,Middlesex County,1632002,1,Metro - Counties in metro areas of 1 million population or more
25019,Nantucket County,14255,7,"Nonmetro - Urban population of 5,000 to 20,000, not adjacent to a metro area"
25021,Norfolk County,725981,1,Metro - Counties in metro areas of 1 million population or more
25023,Plymouth County,530819,1,Metro - Counties in metro areas of 1 million population or more
25025,Suffolk County,797936,1,Metro - Counties in metro areas of 1 million population or more
25027,Worcester County,862111,2,"Metro - Counties in metro areas of 250,000 to 1 million population"
26001,Alcona County,10167,9,"Nonmetro - Urban population of fewer than 5,000, not adjacent to a metro area"
26003,Alger County,8842,9,"Nonmetro - Urban population of fewer than 5,000, not adjacent to a metro area"
26005,Allegan County,120502,4,"Nonmetro - Urban population of 20,000 or more, adjacent to a metro area"
26007,Alpena County,28907,7,"Nonmetro - Urban population of 5,000 to 20,000, not adjacent to a metro area"
26009,Antrim County,23431,8,"Nonmetro - Urban population of fewer than 5,000, adjacent to a metro area"
26011,Arenac County,15002,8,"Nonmetro - Urban population of fewer than 5,000, adjacent to a metro area"
26013,Baraga County,8158,9,"Nonmetro - Urban population of fewer than 5,000, not adjacent to a metro area"
26015,Barry County,62423,1,Metro - Counties in metro areas of 1 million population or more
26017,Bay County,103856,3,"Metro - Counties in metro areas of fewer than 250,000 population"
26019,Benzie County,17970,3,"Metro - Counties in metro areas of fewer than 250,000 population"
26021,Berrien County,154316,3,"Metro - Counties in metro areas of fewer than 250,000 population"
26023,Branch County,44862,6,"Nonmetro - Urban population of 5,000 to 20,000, adjacent to a metro area"
26025,Calhoun County,134310,3,"Metro - Counties in metro areas of fewer than 250,000 population"
26027,Cass County,51589,2,"Metro - Counties in metro areas of 250,000 to 1 million population"
26029,Charlevoix County,26054,7,"Nonmetro - Urban population of 5,000 to 20,000, not adjacent to a metro area"
26031,Cheboygan County,25579,7,"Nonmetro - Urban population of 5,000 to 20,000, not adjacent to a metro area"
26033,Chippewa County,36785,7,"Nonmetro - Urban population of 5,000 to 20,000, not adjacent to a metro area"
26035,Clare County,30856,8,"Nonmetro - Urban population of fewer than 5,000, adjacent to a metro area"
26037,Clinton County,79128,2,"Metro - Counties in metro areas of 250,000 to 1 million population"
26039,Crawford County,12988,9,"Nonmetro - Urban population of fewer than 5,000, not adjacent to a metro area"
26041,Delta County,36903,5,"Nonmetro - Urban population of 20,000 or more, not adjacent to a metro area"
26043,Dickinson County,25947,7,"Nonmetro - Urban population of 5,000 to 20,000, not adjacent to a metro area"
26045,Eaton County,109175,2,"Metro - Counties in metro areas of 250,000 to 1 million population"
26047,Emmet County,34112,7,"Nonmetro - Urban population of 5,000 to 20,000, not adjacent to a metro area"
26049,Genesee County,406211,2,"Metro - Counties in metro areas of 250,000 to 1 million population"
26051,Gladwin County,25386,8,"Nonmetro - Urban population of fewer than 5,000, adjacent to a metro area"
26053,Gogebic County,14380,7,"Nonmetro - Urban population of 5,000 to 20,000, not adjacent to a metro area"
26055,Grand Traverse County,95238,3,"Metro - Counties in metro areas of fewer than 250,000 population"
26057,Gratiot County,41761,6,"Nonmetro - Urban population of 5,000 to 20,000, adjacent to a metro area"
26059,Hillsdale County,45746,6,"Nonmetro - Urban population of 5,000 to 20,000, adjacent to a metro area"
26061,Houghton County,37361,5,"Nonmetro - Urban population of 20,000 or more, not adjacent to a metro area"
26063,Huron County,31407,9,"Nonmetro - Urban population of fewer than 5,000, not adjacent to a metro area"
26065,Ingham County,284900,2,"Metro - Counties in metro areas of 250,000 to 1 million population"
26067,Ionia County,66804,1,Metro - Counties in metro areas of 1 million population or more
26069,Iosco County,25237,7,"Nonmetro - Urban population of 5,000 to 20,000, not adjacent to a metro area"
26071,Iron County,11631,9,"Nonmetro - Urban population of fewer than 5,000, not adjacent to a metro area"
26073,Isabella County,64394,4,"Nonmetro - Urban population of 20,000 or more, adjacent to a metro area"
26075,Jackson County,160366,3,"Metro - Counties in metro areas of fewer than 250,000 population"
26077,Kalamazoo County,261670,2,"Metro - Counties in metro areas of 250,000 to 1 million population"
26079,Kalkaska County,17939,3,"Metro - Counties in metro areas of fewer than 250,000 population"
26081,Kent County,657974,1,Metro - Counties in metro areas of 1 million population or more
26083,Keweenaw County,2046,9,"Nonmetro - Urban population of fewer than 5,000, not adjacent to a metro area"
26085,Lake County,12096,9,"Nonmetro - Urban population of fewer than 5,000, not adjacent to a metro area"
26087,Lapeer County,88619,1,Metro - Counties in metro areas of 1 million population or more
26089,Leelanau County,22301,3,"Metro - Counties in metro areas of fewer than 250,000 population"
26091,Lenawee County,99423,4,"Nonmetro - Urban population of 20,000 or more, adjacent to a metro area"
26093,Livingston County,193866,1,Metro - Counties in metro areas of 1 million population or more
26095,Luce County,5339,9,"Nonmetro - Urban population of fewer than 5,000, not adjacent to a metro area"
26097,Mackinac County,10834,9,"Nonmetro - Urban population of fewer than 5,000, not adjacent to a metro area"
26099,Macomb County,881217,1,Metro - Counties in metro areas of 1 million population or more
26101,Manistee County,25032,6,"Nonmetro - Urban population of 5,000 to 20,000, adjacent to a metro area"
26103,Marquette County,66017,5,"Nonmetro - Urban population of 20,000 or more, not adjacent to a metro area"
26105,Mason County,29052,7,"Nonmetro - Urban population of 5,000 to 20,000, not adjacent to a metro area"
26107,Mecosta County,39714,6,"Nonmetro - Urban population of 5,000 to 20,000, adjacent to a metro area"
26109,Menominee County,23502,7,"Nonmetro - Urban population of 5,000 to 20,000, not adjacent to a metro area"
26111,Midland County,83494,3,"Metro - Counties in metro areas of fewer than 250,000 population"
26113,Missaukee County,15052,8,"Nonmetro - Urban population of fewer than 5,000, adjacent to a metro area"
26115,Monroe County,154809,3,"Metro - Counties in metro areas of fewer than 250,000 population"
26117,Montcalm County,66614,1,Metro - Counties in metro areas of 1 million population or more
26119,Montmorency County,9153,9,"Nonmetro - Urban population of fewer than 5,000, not adjacent to a metro area"
26121,Muskegon County,175824,3,"Metro - Counties in metro areas of fewer than 250,000 population"
26123,Newaygo County,49978,6,"Nonmetro - Urban population of 5,000 to 20,000, adjacent to a metro area"
26125,Oakland County,1274395,1,Metro - Counties in metro areas of 1 million population or more
26127,Oceana County,26659,8,"Nonmetro - Urban population of fewer than 5,000, adjacent to a metro area"
26129,Ogemaw County,20770,9,"Nonmetro - Urban population of fewer than 5,000, not adjacent to a metro area"
26131,Ontonagon County,5816,9,"Nonmetro - Urban population of fewer than 5,000, not adjacent to a metro area"
26133,Osceola County,22891,9,"Nonmetro - Urban population of fewer than 5,000, not adjacent to a metro area"
26135,Oscoda County,8219,9,"Nonmetro - Urban population of fewer than 5,000, not adjacent to a metro area"
26137,Otsego County,25091,7,"Nonmetro - Urban population of 5,000 to 20,000, not adjacent to a metro area"
26139,Ottawa County,296200,1,Metro - Counties in metro areas of 1 million population or more
26141,Presque Isle County,12982,9,"Nonmetro - Urban population of fewer than 5,000, not adjacent to a metro area"
26143,Roscommon County,23459,7,"Nonmetro - Urban population of 5,000 to 20,000, not adjacent to a metro area"
26145,Saginaw County,190124,3,"Metro - Counties in metro areas of fewer than 250,000 population"
26147,St. Clair County,160383,1,Metro - Counties in metro areas of 1 million population or more
26149,St. Joseph County,60939,4,"Nonmetro - Urban population of 20,000 or more, adjacent to a metro area"
26151,Sanilac County,40611,8,"Nonmetro - Urban population of fewer than 5,000, adjacent to a metro area"
26153,Schoolcraft County,8047,9,"Nonmetro - Urban population of fewer than 5,000, not adjacent to a metro area"
26155,Shiawassee County,68094,4,"Nonmetro - Urban population of 20,000 or more, adjacent to a metro area"
26157,Tuscola County,53323,6,"Nonmetro - Urban population of 5,000 to 20,000, adjacent to a metro area"
26159,Van Buren County,75587,6,"Nonmetro - Urban population of 5,000 to 20,000, adjacent to a metro area"
26161,Washtenaw County,372258,2,"Metro - Counties in metro areas of 250,000 to 1 million population"
26163,Wayne County,1793561,1,Metro - Counties in metro areas of 1 million population or more
26165,Wexford County,33673,6,"Nonmetro - Urban population of 5,000 to 20,000, adjacent to a metro area"
27001,Aitkin County,15697,8,"Nonmetro - Urban population of fewer than 5,000, adjacent to a metro area"
27003,Anoka County,363887,1,Metro - Counties in metro areas of 1 million population or more
27005,Becker County,35183,6,"Nonmetro - Urban population of 5,000 to 20,000, adjacent to a metro area"
27007,Beltrami County,46228,7,"Nonmetro - Urban population of 5,000 to 20,000, not adjacent to a metro area"
27009,Benton County,41379,3,"Metro - Counties in metro areas of fewer than 250,000 population"
27011,Big Stone County,5166,9,"Nonmetro - Urban population of fewer than 5,000, not adjacent to a metro area"
27013,Blue Earth County,69112,3,"Metro - Counties in metro areas of fewer than 250,000 population"
27015,Brown County,25912,6,"Nonmetro - Urban population of 5,000 to 20,000, adjacent to a metro area"
27017,Carlton County,36207,2,"Metro - Counties in metro areas of 250,000 to 1 million population"
27019,Carver County,106922,1,Metro - Counties in metro areas of 1 million population or more
27021,Cass County,30066,9,"Nonmetro - Urban population of fewer than 5,000, not adjacent to a metro area"
27023,Chippewa County,12598,7,"Nonmetro - Urban population of 5,000 to 20,000, not adjacent to a metro area"
27025,Chisago County,56621,1,Metro - Counties in metro areas of 1 million population or more
27027,Clay County,65318,3,"Metro - Counties in metro areas of fewer than 250,000 population"
27029,Clearwater County,8524,8,"Nonmetro - Urban population of fewer than 5,000, adjacent to a metro area"
27031,Cook County,5600,9,"Nonmetro - Urban population of fewer than 5,000, not adjacent to a metro area"
27033,Cottonwood County,11517,9,"Nonmetro - Urban population of fewer than 5,000, not adjacent to a metro area"
27035,Crow Wing County,66123,4,"Nonmetro - Urban population of 20,000 or more, adjacent to a metro area"
27037,Dakota County,439882,1,Metro - Counties in metro areas of 1 million population or more
27039,Dodge County,20867,3,"Metro - Counties in metro areas of fewer than 250,000 population"
27041,Douglas County,39006,6,"Nonmetro - Urban population of 5,000 to 20,000, adjacent to a metro area"
27043,Faribault County,13921,8,"Nonmetro - Urban population of fewer than 5,000, adjacent to a metro area"
27045,Fillmore County,21228,3,"Metro - Counties in metro areas of fewer than 250,000 population"
27047,Freeborn County,30895,7,"Nonmetro - Urban population of 5,000 to 20,000, not adjacent to a metro area"
27049,Goodhue County,47582,6,"Nonmetro - Urban population of 5,000 to 20,000, adjacent to a metro area"
27051,Grant County,6074,9,"Nonmetro - Urban population of fewer than 5,000, not adjacent to a metro area"
27053,Hennepin County,1281565,1,Metro - Counties in metro areas of 1 million population or more
27055,Houston County,18843,3,"Metro - Counties in metro areas of fewer than 250,000 population"
27057,Hubbard County,21344,9,"Nonmetro - Urban population of fewer than 5,000, not adjacent to a metro area"
27059,Isanti County,41135,1,Metro - Counties in metro areas of 1 million population or more
27061,Itasca County,45014,6,"Nonmetro - Urban population of 5,000 to 20,000, adjacent to a metro area"
27063,Jackson County,9989,9,"Nonmetro - Urban population of fewer than 5,000, not adjacent to a metro area"
27065,Kanabec County,16032,8,"Nonmetro - Urban population of fewer than 5,000, adjacent to a metro area"
27067,Kandiyohi County,43732,4,"Nonmetro - Urban population of 20,000 or more, adjacent to a metro area"
27069,Kittson County,4207,9,"Nonmetro - Urban population of fewer than 5,000, not adjacent to a metro area"
27071,Koochiching County,12062,7,"Nonmetro - Urban population of 5,000 to 20,000, not adjacent to a metro area"
27073,Lac qui Parle County,6719,9,"Nonmetro - Urban population of fewer than 5,000, not adjacent to a metro area"
27075,Lake County,10905,8,"Nonmetro - Urban population of fewer than 5,000, adjacent to a metro area"
27077,Lake of the Woods County,3763,9,"Nonmetro - Urban population of fewer than 5,000, not adjacent to a metro area"
27079,Le Sueur County,28674,1,Metro - Counties in metro areas of 1 million population or more
27081,Lincoln County,5640,9,"Nonmetro - Urban population of fewer than 5,000, not adjacent to a metro area"
27083,Lyon County,25269,7,"Nonmetro - Urban population of 5,000 to 20,000, not adjacent to a metro area"
27085,McLeod County,36771,4,"Nonmetro - Urban population of 20,000 or more, adjacent to a metro area"
27087,Mahnomen County,5411,8,"Nonmetro - Urban population of fewer than 5,000, adjacent to a metro area"
27089,Marshall County,9040,8,"Nonmetro - Urban population of fewer than 5,000, adjacent to a metro area"
27091,Martin County,20025,6,"Nonmetro - Urban population of 5,000 to 20,000, adjacent to a metro area"
27093,Meeker County,23400,6,"Nonmetro - Urban population of 5,000 to 20,000, adjacent to a metro area"
27095,Mille Lacs County,26459,1,Metro - Counties in metro areas of 1 million population or more
27097,Morrison County,34010,6,"Nonmetro - Urban population of 5,000 to 20,000, adjacent to a metro area"
27099,Mower County,40029,4,"Nonmetro - Urban population of 20,000 or more, adjacent to a metro area"
27101,Murray County,8179,9,"Nonmetro - Urban population of fewer than 5,000, not adjacent to a metro area"
27103,Nicollet County,34454,3,"Metro - Counties in metro areas of fewer than 250,000 population"
27105,Nobles County,22290,7,"Nonmetro - Urban population of 5,000 to 20,000, not adjacent to a metro area"
27107,Norman County,6441,8,"Nonmetro - Urban population of fewer than 5,000, adjacent to a metro area"
27109,Olmsted County,162847,3,"Metro - Counties in metro areas of fewer than 250,000 population"
27111,Otter Tail County,60081,6,"Nonmetro - Urban population of 5,000 to 20,000, adjacent to a metro area"
27113,Pennington County,13992,6,"Nonmetro - Urban population of 5,000 to 20,000, adjacent to a metro area"
27115,Pine County,28876,8,"Nonmetro - Urban population of fewer than 5,000, adjacent to a metro area"
27117,Pipestone County,9424,8,"Nonmetro - Urban population of fewer than 5,000, adjacent to a metro area"
27119,Polk County,31192,3,"Metro - Counties in metro areas of fewer than 250,000 population"
27121,Pope County,11308,8,"Nonmetro - Urban population of fewer than 5,000, adjacent to a metro area"
27123,Ramsey County,552352,1,Metro - Counties in metro areas of 1 million population or more
27125,Red Lake County,3935,8,"Nonmetro - Urban population of fewer than 5,000, adjacent to a metro area"
27127,Redwood County,15425,9,"Nonmetro - Urban population of fewer than 5,000, not adjacent to a metro area"
27129,Renville County,14723,9,"Nonmetro - Urban population of fewer than 5,000, not adjacent to a metro area"
27131,Rice County,67097,4,"Nonmetro - Urban population of 20,000 or more, adjacent to a metro area"
27133,Rock County,9704,2,"Metro - Counties in metro areas of 250,000 to 1 million population"
27135,Roseau County,15331,9,"Nonmetro - Urban population of fewer than 5,000, not adjacent to a metro area"
27137,St. Louis County,200231,2,"Metro - Counties in metro areas of 250,000 to 1 million population"
27139,Scott County,150928,1,Metro - Counties in metro areas of 1 million population or more
27141,Sherburne County,97183,1,Metro - Counties in metro areas of 1 million population or more
27143,Sibley County,14836,8,"Nonmetro - Urban population of fewer than 5,000, adjacent to a metro area"
27145,Stearns County,158292,3,"Metro - Counties in metro areas of fewer than 250,000 population"
27147,Steele County,37406,5,"Nonmetro - Urban population of 20,000 or more, not adjacent to a metro area"
27149,Stevens County,9671,7,"Nonmetro - Urban population of 5,000 to 20,000, not adjacent to a metro area"
27151,Swift County,9838,9,"Nonmetro - Urban population of fewer than 5,000, not adjacent to a metro area"
27153,Todd County,25262,8,"Nonmetro - Urban population of fewer than 5,000, adjacent to a metro area"
27155,Traverse County,3360,9,"Nonmetro - Urban population of fewer than 5,000, not adjacent to a metro area"
27157,Wabasha County,21387,3,"Metro - Counties in metro areas of fewer than 250,000 population"
27159,Wadena County,14065,9,"Nonmetro - Urban population of fewer than 5,000, not adjacent to a metro area"
27161,Waseca County,18968,6,"Nonmetro - Urban population of 5,000 to 20,000, adjacent to a metro area"
27163,Washington County,267568,1,Metro - Counties in metro areas of 1 million population or more
27165,Watonwan County,11253,8,"Nonmetro - Urban population of fewer than 5,000, adjacent to a metro area"
27167,Wilkin County,6506,8,"Nonmetro - Urban population of fewer than 5,000, adjacent to a metro area"
27169,Winona County,49671,4,"Nonmetro - Urban population of 20,000 or more, adjacent to a metro area"
27171,Wright County,141337,1,Metro - Counties in metro areas of 1 million population or more
27173,Yellow Medicine County,9528,9,"Nonmetro - Urban population of fewer than 5,000, not adjacent to a metro area"
28001,Adams County,29538,7,"Nonmetro - Urban population of 5,000 to 20,000, not adjacent to a metro area"
28003,Alcorn County,34740,7,"Nonmetro - Urban population of 5,000 to 20,000, not adjacent to a metro area"
28005,Amite County,12720,8,"Nonmetro - Urban population of fewer than 5,000, adjacent to a metro area"
28007,Attala County,17889,6,"Nonmetro - Urban population of 5,000 to 20,000, adjacent to a metro area"
28009,Benton County,7646,1,Metro - Counties in metro areas of 1 million population or more
28011,Bolivar County,30985,7,"Nonmetro - Urban population of 5,000 to 20,000, not adjacent to a metro area"
28013,Calhoun County,13266,9,"Nonmetro - Urban population of fewer than 5,000, not adjacent to a metro area"
28015,Carroll County,9998,8,"Nonmetro - Urban population of fewer than 5,000, adjacent to a metro area"
28017,Chickasaw County,17106,9,"Nonmetro - Urban population of fewer than 5,000, not adjacent to a metro area"
28019,Choctaw County,8246,9,"Nonmetro - Urban population of fewer than 5,000, not adjacent to a metro area"
28021,Claiborne County,9135,8,"Nonmetro - Urban population of fewer than 5,000, adjacent to a metro area"
28023,Clarke County,15615,9,"Nonmetro - Urban population of fewer than 5,000, not adjacent to a metro area"
28025,Clay County,18636,7,"Nonmetro - Urban population of 5,000 to 20,000, not adjacent to a metro area"
28027,Coahoma County,21390,6,"Nonmetro - Urban population of 5,000 to 20,000, adjacent to a metro area"
28029,Copiah County,28368,2,"Metro - Counties in metro areas of 250,000 to 1 million population"
28031,Covington County,18340,8,"Nonmetro - Urban population of fewer than 5,000, adjacent to a metro area"
28033,DeSoto County,185314,1,Metro - Counties in metro areas of 1 million population or more
28035,Forrest County,78158,3,"Metro - Counties in metro areas of fewer than 250,000 population"
28037,Franklin County,7675,9,"Nonmetro - Urban population of fewer than 5,000, not adjacent to a metro area"
28039,George County,24350,8,"Nonmetro - Urban population of fewer than 5,000, adjacent to a metro area"
28041,Greene County,13530,8,"Nonmetro - Urban population of fewer than 5,000, adjacent to a metro area"
28043,Grenada County,21629,7,"Nonmetro - Urban population of 5,000 to 20,000, not adjacent to a metro area"
28045,Hancock County,46053,2,"Metro - Counties in metro areas of 250,000 to 1 million population"
28047,Harrison County,208621,2,"Metro - Counties in metro areas of 250,000 to 1 million population"
28049,Hinds County,227742,2,"Metro - Counties in metro areas of 250,000 to 1 million population"
28051,Holmes County,17000,2,"Metro - Counties in metro areas of 250,000 to 1 million population"
28053,Humphreys County,7785,8,"Nonmetro - Urban population of fewer than 5,000, adjacent to a metro area"
28055,Issaquena County,1338,9,"Nonmetro - Urban population of fewer than 5,000, not adjacent to a metro area"
28057,Itawamba County,23863,9,"Nonmetro - Urban population of fewer than 5,000, not adjacent to a metro area"
28059,Jackson County,143252,2,"Metro - Counties in metro areas of 250,000 to 1 million population"
28061,Jasper County,16367,8,"Nonmetro - Urban population of fewer than 5,000, adjacent to a metro area"
28063,Jefferson County,7260,9,"Nonmetro - Urban population of fewer than 5,000, not adjacent to a metro area"
28065,Jefferson Davis County,11321,8,"Nonmetro - Urban population of fewer than 5,000, adjacent to a metro area"
28067,Jones County,67246,4,"Nonmetro - Urban population of 20,000 or more, adjacent to a metro area"
28069,Kemper County,8988,9,"Nonmetro - Urban population of fewer than 5,000, not adjacent to a metro area"
28071,Lafayette County,55813,4,"Nonmetro - Urban population of 20,000 or more, adjacent to a metro area"
28073,Lamar County,64222,3,"Metro - Counties in metro areas of fewer than 250,000 population"
28075,Lauderdale County,72984,5,"Nonmetro - Urban population of 20,000 or more, not adjacent to a metro area"
28077,Lawrence County,12016,8,"Nonmetro - Urban population of fewer than 5,000, adjacent to a metro area"
28079,Leake County,21275,8,"Nonmetro - Urban population of fewer than 5,000, adjacent to a metro area"
28081,Lee County,83343,5,"Nonmetro - Urban population of 20,000 or more, not adjacent to a metro area"
28083,Leflore County,28339,6,"Nonmetro - Urban population of 5,000 to 20,000, adjacent to a metro area"
28085,Lincoln County,34907,6,"Nonmetro - Urban population of 5,000 to 20,000, adjacent to a metro area"
28087,Lowndes County,58879,5,"Nonmetro - Urban population of 20,000 or more, not adjacent to a metro area"
28089,Madison County,109145,2,"Metro - Counties in metro areas of 250,000 to 1 million population"
28091,Marion County,24441,6,"Nonmetro - Urban population of 5,000 to 20,000, adjacent to a metro area"
28093,Marshall County,33752,1,Metro - Counties in metro areas of 1 million population or more
28095,Monroe County,34180,7,"Nonmetro - Urban population of 5,000 to 20,000, not adjacent to a metro area"
28097,Montgomery County,9822,9,"Nonmetro - Urban population of fewer than 5,000, not adjacent to a metro area"
28099,Neshoba County,29087,7,"Nonmetro - Urban population of 5,000 to 20,000, not adjacent to a metro area"
28101,Newton County,21291,8,"Nonmetro - Urban population of fewer than 5,000, adjacent to a metro area"
28103,Noxubee County,10285,9,"Nonmetro - Urban population of fewer than 5,000, not adjacent to a metro area"
28105,Oktibbeha County,51788,5,"Nonmetro - Urban population of 20,000 or more, not adjacent to a metro area"
28107,Panola County,33208,6,"Nonmetro - Urban population of 5,000 to 20,000, adjacent to a metro area"
28109,Pearl River County,56145,6,"Nonmetro - Urban population of 5,000 to 20,000, adjacent to a metro area"
28111,Perry County,11511,3,"Metro - Counties in metro areas of fewer than 250,000 population"
28113,Pike County,40324,6,"Nonmetro - Urban population of 5,000 to 20,000, adjacent to a metro area"
28115,Pontotoc County,31184,9,"Nonmetro - Urban population of fewer than 5,000, not adjacent to a metro area"
28117,Prentiss County,25008,7,"Nonmetro - Urban population of 5,000 to 20,000, not adjacent to a metro area"
28119,Quitman County,6176,8,"Nonmetro - Urban population of fewer than 5,000, adjacent to a metro area"
28121,Rankin County,157031,2,"Metro - Counties in metro areas of 250,000 to 1 million population"
28123,Scott County,27990,2,"Metro - Counties in metro areas of 250,000 to 1 million population"
28125,Sharkey County,3800,8,"Nonmetro - Urban population of fewer than 5,000, adjacent to a metro area"
28127,Simpson County,25949,2,"Metro - Counties in metro areas of 250,000 to 1 million population"
28129,Smith County,14209,8,"Nonmetro - Urban population of fewer than 5,000, adjacent to a metro area"
28131,Stone County,18333,2,"Metro - Counties in metro areas of 250,000 to 1 million population"
28133,Sunflower County,25971,7,"Nonmetro - Urban population of 5,000 to 20,000, not adjacent to a metro area"
28135,Tallahatchie County,12715,9,"Nonmetro - Urban population of fewer than 5,000, not adjacent to a metro area"
28137,Tate County,28064,1,Metro - Counties in metro areas of 1 million population or more
28139,Tippah County,21815,8,"Nonmetro - Urban population of fewer than 5,000, adjacent to a metro area"
28141,Tishomingo County,18850,8,"Nonmetro - Urban population of fewer than 5,000, adjacent to a metro area"
28143,Tunica County,9782,1,Metro - Counties in metro areas of 1 million population or more
28145,Union County,27777,7,"Nonmetro - Urban population of 5,000 to 20,000, not adjacent to a metro area"
28147,Walthall County,13884,9,"Nonmetro - Urban population of fewer than 5,000, not adjacent to a metro area"
28149,Warren County,44722,4,"Nonmetro - Urban population of 20,000 or more, adjacent to a metro area"
28151,Washington County,44922,5,"Nonmetro - Urban population of 20,000 or more, not adjacent to a metro area"
28153,Wayne County,19779,9,"Nonmetro - Urban population of fewer than 5,000, not adjacent to a metro area"
28155,Webster County,9926,9,"Nonmetro - Urban population of fewer than 5,000, not adjacent to a metro area"
28157,Wilkinson County,8587,8,"Nonmetro - Urban population of fewer than 5,000, adjacent to a metro area"
28159,Winston County,17714,9,"Nonmetro - Urban population of fewer than 5,000, not adjacent to a metro area"
28161,Yalobusha County,12481,9,"Nonmetro - Urban population of fewer than 5,000, not adjacent to a metro area"
28163,Yazoo County,26743,2,"Metro - Counties in metro areas of 250,000 to 1 million population"
29001,Adair County,25314,7,"Nonmetro - Urban population of 5,000 to 20,000, not adjacent to a metro area"
29003,Andrew County,18135,3,"Metro - Counties in metro areas of fewer than 250,000 population"
29005,Atchison County,5305,9,"Nonmetro - Urban population of fewer than 5,000, not adjacent to a metro area"
29007,Audrain County,24962,6,"Nonmetro - Urban population of 5,000 to 20,000, adjacent to a metro area"
29009,Barry County,34534,6,"Nonmetro - Urban population of 5,000 to 20,000, adjacent to a metro area"
29011,Barton County,11637,8,"Nonmetro - Urban population of fewer than 5,000, adjacent to a metro area"
29013,Bates County,16042,1,Metro - Counties in metro areas of 1 million population or more
29015,Benton County,19394,9,"Nonmetro - Urban population of fewer than 5,000, not adjacent to a metro area"
29017,Bollinger County,10567,3,"Metro - Counties in metro areas of fewer than 250,000 population"
29019,Boone County,183610,3,"Metro - Counties in metro areas of fewer than 250,000 population"
29021,Buchanan County,84793,3,"Metro - Counties in metro areas of fewer than 250,000 population"
29023,Butler County,42130,5,"Nonmetro - Urban population of 20,000 or more, not adjacent to a metro area"
29025,Caldwell County,8815,1,Metro - Counties in metro areas of 1 million population or more
29027,Callaway County,44283,3,"Metro - Counties in metro areas of fewer than 250,000 population"
29029,Camden County,42745,7,"Nonmetro - Urban population of 5,000 to 20,000, not adjacent to a metro area"
29031,Cape Girardeau County,81710,3,"Metro - Counties in metro areas of fewer than 250,000 population"
29033,Carroll County,8495,8,"Nonmetro - Urban population of fewer than 5,000, adjacent to a metro area"
29035,Carter County,5202,9,"Nonmetro - Urban population of fewer than 5,000, not adjacent to a metro area"
29037,Cass County,107824,1,Metro - Counties in metro areas of 1 million population or more
29039,Cedar County,14188,8,"Nonmetro - Urban population of fewer than 5,000, adjacent to a metro area"
29041,Chariton County,7408,8,"Nonmetro - Urban population of fewer than 5,000, adjacent to a metro area"
29043,Christian County,88842,2,"Metro - Counties in metro areas of 250,000 to 1 million population"
29045,Clark County,6634,9,"Nonmetro - Urban population of fewer than 5,000, not adjacent to a metro area"
29047,Clay County,253335,1,Metro - Counties in metro areas of 1 million population or more
29049,Clinton County,21184,1,Metro - Counties in metro areas of 1 million population or more
29051,Cole County,77279,3,"Metro - Counties in metro areas of fewer than 250,000 population"
29053,Cooper County,17103,3,"Metro - Counties in metro areas of fewer than 250,000 population"
29055,Crawford County,23056,8,"Nonmetro - Urban population of fewer than 5,000, adjacent to a metro area"
29057,Dade County,7569,8,"Nonmetro - Urban population of fewer than 5,000, adjacent to a metro area"
29059,Dallas County,17071,2,"Metro - Counties in metro areas of 250,000 to 1 million population"
29061,Daviess County,8430,8,"Nonmetro - Urban population of fewer than 5,000, adjacent to a metro area"
29063,DeKalb County,11029,3,"Metro - Counties in metro areas of fewer than 250,000 population"
29065,Dent County,14421,9,"Nonmetro - Urban population of fewer than 5,000, not adjacent to a metro area"
29067,Douglas County,11578,8,"Nonmetro - Urban population of fewer than 5,000, adjacent to a metro area"
29069,Dunklin County,28283,7,"Nonmetro - Urban population of 5,000 to 20,000, not adjacent to a metro area"
29071,Franklin County,104682,1,Metro - Counties in metro areas of 1 million population or more
29073,Gasconade County,14794,8,"Nonmetro - Urban population of fewer than 5,000, adjacent to a metro area"
29075,Gentry County,6162,8,"Nonmetro - Urban population of fewer than 5,000, adjacent to a metro area"
29077,Greene County,298915,2,"Metro - Counties in metro areas of 250,000 to 1 million population"
29079,Grundy County,9808,7,"Nonmetro - Urban population of 5,000 to 20,000, not adjacent to a metro area"
29081,Harrison County,8157,9,"Nonmetro - Urban population of fewer than 5,000, not adjacent to a metro area"
29083,Henry County,21946,6,"Nonmetro - Urban population of 5,000 to 20,000, adjacent to a metro area"
29085,Hickory County,8279,8,"Nonmetro - Urban population of fewer than 5,000, adjacent to a metro area"
29087,Holt County,4223,8,"Nonmetro - Urban population of fewer than 5,000, adjacent to a metro area"
29089,Howard County,10151,3,"Metro - Counties in metro areas of fewer than 250,000 population"
29091,Howell County,39750,7,"Nonmetro - Urban population of 5,000 to 20,000, not adjacent to a metro area"
29093,Iron County,9537,9,"Nonmetro - Urban population of fewer than 5,000, not adjacent to a metro area"
29095,Jackson County,717204,1,Metro - Counties in metro areas of 1 million population or more
29097,Jasper County,122761,3,"Metro - Counties in metro areas of fewer than 250,000 population"
29099,Jefferson County,226739,1,Metro - Counties in metro areas of 1 million population or more
29101,Johnson County,54013,4,"Nonmetro - Urban population of 20,000 or more, adjacent to a metro area"
29103,Knox County,3744,9,"Nonmetro - Urban population of fewer than 5,000, not adjacent to a metro area"
29105,Laclede County,36039,6,"Nonmetro - Urban population of 5,000 to 20,000, adjacent to a metro area"
29107,Lafayette County,32984,1,Metro - Counties in metro areas of 1 million population or more
29109,Lawrence County,38001,6,"Nonmetro - Urban population of 5,000 to 20,000, adjacent to a metro area"
29111,Lewis County,10032,9,"Nonmetro - Urban population of fewer than 5,000, not adjacent to a metro area"
29113,Lincoln County,59574,1,Metro - Counties in metro areas of 1 million population or more
29115,Linn County,11874,9,"Nonmetro - Urban population of fewer than 5,000, not adjacent to a metro area"
29117,Livingston County,14557,7,"Nonmetro - Urban population of 5,000 to 20,000, not adjacent to a metro area"
29119,McDonald County,23303,8,"Nonmetro - Urban population of fewer than 5,000, adjacent to a metro area"
29121,Macon County,15209,7,"Nonmetro - Urban population of 5,000 to 20,000, not adjacent to a metro area"
29123,Madison County,12626,9,"Nonmetro - Urban population of fewer than 5,000, not adjacent to a metro area"
29125,Maries County,8432,8,"Nonmetro - Urban population of fewer than 5,000, adjacent to a metro area"
29127,Marion County,28525,7,"Nonmetro - Urban population of 5,000 to 20,000, not adjacent to a metro area"
29129,Mercer County,3538,9,"Nonmetro - Urban population of fewer than 5,000, not adjacent to a metro area"
29131,Miller County,24722,6,"Nonmetro - Urban population of 5,000 to 20,000, adjacent to a metro area"
29133,Mississippi County,12577,8,"Nonmetro - Urban population of fewer than 5,000, adjacent to a metro area"
29135,Moniteau County,15473,3,"Metro - Counties in metro areas of fewer than 250,000 population"
29137,Monroe County,8666,9,"Nonmetro - Urban population of fewer than 5,000, not adjacent to a metro area"
29139,Montgomery County,11322,8,"Nonmetro - Urban population of fewer than 5,000, adjacent to a metro area"
29141,Morgan County,21006,8,"Nonmetro - Urban population of fewer than 5,000, adjacent to a metro area"
29143,New Madrid County,16434,9,"Nonmetro - Urban population of fewer than 5,000, not adjacent to a metro area"
29145,Newton County,58648,3,"Metro - Counties in metro areas of fewer than 250,000 population"
29147,Nodaway County,21241,6,"Nonmetro - Urban population of 5,000 to 20,000, adjacent to a metro area"
29149,Oregon County,8635,9,"Nonmetro - Urban population of fewer than 5,000, not adjacent to a metro area"
29151,Osage County,13274,3,"Metro - Counties in metro areas of fewer than 250,000 population"
29153,Ozark County,8553,9,"Nonmetro - Urban population of fewer than 5,000, not adjacent to a metro area"
29155,Pemiscot County,15661,7,"Nonmetro - Urban population of 5,000 to 20,000, not adjacent to a metro area"
29157,Perry County,18956,6,"Nonmetro - Urban population of 5,000 to 20,000, adjacent to a metro area"
29159,Pettis County,42980,5,"Nonmetro - Urban population of 20,000 or more, not adjacent to a metro area"
29161,Phelps County,44638,5,"Nonmetro - Urban population of 20,000 or more, not adjacent to a metro area"
29163,Pike County,17587,8,"Nonmetro - Urban population of fewer than 5,000, adjacent to a metro area"
29165,Platte County,106718,1,Metro - Counties in metro areas of 1 million population or more
29167,Polk County,31519,2,"Metro - Counties in metro areas of 250,000 to 1 million population"
29169,Pulaski County,53955,5,"Nonmetro - Urban population of 20,000 or more, not adjacent to a metro area"
29171,Putnam County,4681,9,"Nonmetro - Urban population of fewer than 5,000, not adjacent to a metro area"
29173,Ralls County,10355,9,"Nonmetro - Urban population of fewer than 5,000, not adjacent to a metro area"
29175,Randolph County,24716,6,"Nonmetro - Urban population of 5,000 to 20,000, adjacent to a metro area"
29177,Ray County,23158,1,Metro - Counties in metro areas of 1 million population or more
29179,Reynolds County,6096,9,"Nonmetro - Urban population of fewer than 5,000, not adjacent to a metro area"
29181,Ripley County,10679,9,"Nonmetro - Urban population of fewer than 5,000, not adjacent to a metro area"
29183,St. Charles County,405262,1,Metro - Counties in metro areas of 1 million population or more
29185,St. Clair County,9284,8,"Nonmetro - Urban population of fewer than 5,000, adjacent to a metro area"
29186,Ste. Genevieve County,18479,8,"Nonmetro - Urban population of fewer than 5,000, adjacent to a metro area"
29187,St. Francois County,66922,4,"Nonmetro - Urban population of 20,000 or more, adjacent to a metro area"
29189,St. Louis County,1004125,1,Metro - Counties in metro areas of 1 million population or more
29195,Saline County,23333,7,"Nonmetro - Urban population of 5,000 to 20,000, not adjacent to a metro area"
29197,Schuyler County,4032,9,"Nonmetro - Urban population of fewer than 5,000, not adjacent to a metro area"
29199,Scotland County,4716,9,"Nonmetro - Urban population of fewer than 5,000, not adjacent to a metro area"
29201,Scott County,38059,4,"Nonmetro - Urban population of 20,000 or more, adjacent to a metro area"
29203,Shannon County,7031,9,"Nonmetro - Urban population of fewer than 5,000, not adjacent to a metro area"
29205,Shelby County,6103,9,"Nonmetro - Urban population of fewer than 5,000, not adjacent to a metro area"
29207,Stoddard County,28672,6,"Nonmetro - Urban population of 5,000 to 20,000, adjacent to a metro area"
29209,Stone County,31076,6,"Nonmetro - Urban population of 5,000 to 20,000, adjacent to a metro area"
29211,Sullivan County,5999,9,"Nonmetro - Urban population of fewer than 5,000, not adjacent to a metro area"
29213,Taney County,56066,4,"Nonmetro - Urban population of 20,000 or more, adjacent to a metro area"
29215,Texas County,24487,9,"Nonmetro - Urban population of fewer than 5,000, not adjacent to a metro area"
29217,Vernon County,19707,6,"Nonmetro - Urban population of 5,000 to 20,000, adjacent to a metro area"
29219,Warren County,35532,1,Metro - Counties in metro areas of 1 million population or more
29221,Washington County,23514,8,"Nonmetro - Urban population of fewer than 5,000, adjacent to a metro area"
29223,Wayne County,10974,9,"Nonmetro - Urban population of fewer than 5,000, not adjacent to a metro area"
29225,Webster County,39085,2,"Metro - Counties in metro areas of 250,000 to 1 million population"
29227,Worth County,1973,9,"Nonmetro - Urban population of fewer than 5,000, not adjacent to a metro area"
29229,Wright County,18188,8,"Nonmetro - Urban population of fewer than 5,000, adjacent to a metro area"
29510,St. Louis city,301578,1,Metro - Counties in metro areas of 1 million population or more
30001,Beaverhead County,9371,9,"Nonmetro - Urban population of fewer than 5,000, not adjacent to a metro area"
30003,Big Horn County,13124,8,"Nonmetro - Urban population of fewer than 5,000, adjacent to a metro area"
30005,Blaine County,7044,9,"Nonmetro - Urban population of fewer than 5,000, not adjacent to a metro area"
30007,Broadwater County,6774,3,"Metro - Counties in metro areas of fewer than 250,000 population"
30009,Carbon County,10473,3,"Metro - Counties in metro areas of fewer than 250,000 population"
30011,Carter County,1415,9,"Nonmetro - Urban population of fewer than 5,000, not adjacent to a metro area"
30013,Cascade County,84414,3,"Metro - Counties in metro areas of fewer than 250,000 population"
30015,Chouteau County,5895,8,"Nonmetro - Urban population of fewer than 5,000, adjacent to a metro area"
30017,Custer County,11867,7,"Nonmetro - Urban population of 5,000 to 20,000, not adjacent to a metro area"
30019,Daniels County,1661,9,"Nonmetro - Urban population of fewer than 5,000, not adjacent to a metro area"
30021,Dawson County,8940,7,"Nonmetro - Urban population of 5,000 to 20,000, not adjacent to a metro area"
30023,Deer Lodge County,9421,7,"Nonmetro - Urban population of 5,000 to 20,000, not adjacent to a metro area"
30025,Fallon County,3049,9,"Nonmetro - Urban population of fewer than 5,000, not adjacent to a metro area"
30027,Fergus County,11446,7,"Nonmetro - Urban population of 5,000 to 20,000, not adjacent to a metro area"
30029,Flathead County,104357,5,"Nonmetro - Urban population of 20,000 or more, not adjacent to a metro area"
30031,Gallatin County,118960,3,"Metro - Counties in metro areas of fewer than 250,000 population"
30033,Garfield County,1173,9,"Nonmetro - Urban population of fewer than 5,000, not adjacent to a metro area"
30035,Glacier County,13778,9,"Nonmetro - Urban population of fewer than 5,000, not adjacent to a metro area"
30037,Golden Valley County,823,8,"Nonmetro - Urban population of fewer than 5,000, adjacent to a metro area"
30039,Granite County,3309,8,"Nonmetro - Urban population of fewer than 5,000, adjacent to a metro area"
30041,Hill County,16309,7,"Nonmetro - Urban population of 5,000 to 20,000, not adjacent to a metro area"
30043,Jefferson County,12085,3,"Metro - Counties in metro areas of fewer than 250,000 population"
30045,Judith Basin County,2023,8,"Nonmetro - Urban population of fewer than 5,000, adjacent to a metro area"
30047,Lake County,31134,6,"Nonmetro - Urban population of 5,000 to 20,000, adjacent to a metro area"
30049,Lewis and Clark County,70973,3,"Metro - Counties in metro areas of fewer than 250,000 population"
30051,Liberty County,1959,9,"Nonmetro - Urban population of fewer than 5,000, not adjacent to a metro area"
30053,Lincoln County,19677,9,"Nonmetro - Urban population of fewer than 5,000, not adjacent to a metro area"
30055,McCone County,1729,9,"Nonmetro - Urban population of fewer than 5,000, not adjacent to a metro area"
30057,Madison County,8623,8,"Nonmetro - Urban population of fewer than 5,000, adjacent to a metro area"
30059,Meagher County,1927,8,"Nonmetro - Urban population of fewer than 5,000, adjacent to a metro area"
30061,Mineral County,4535,3,"Metro - Counties in metro areas of fewer than 250,000 population"
30063,Missoula County,117922,3,"Metro - Counties in metro areas of fewer than 250,000 population"
30065,Musselshell County,4730,8,"Nonmetro - Urban population of fewer than 5,000, adjacent to a metro area"
30067,Park County,17191,6,"Nonmetro - Urban population of 5,000 to 20,000, adjacent to a metro area"
30069,Petroleum County,496,9,"Nonmetro - Urban population of fewer than 5,000, not adjacent to a metro area"
30071,Phillips County,4217,9,"Nonmetro - Urban population of fewer than 5,000, not adjacent to a metro area"
30073,Pondera County,5898,9,"Nonmetro - Urban population of fewer than 5,000, not adjacent to a metro area"
30075,Powder River County,1694,9,"Nonmetro - Urban population of fewer than 5,000, not adjacent to a metro area"
30077,Powell County,6946,8,"Nonmetro - Urban population of fewer than 5,000, adjacent to a metro area"
30079,Prairie County,1088,9,"Nonmetro - Urban population of fewer than 5,000, not adjacent to a metro area"
30081,Ravalli County,44174,6,"Nonmetro - Urban population of 5,000 to 20,000, adjacent to a metro area"
30083,Richland County,11491,7,"Nonmetro - Urban population of 5,000 to 20,000, not adjacent to a metro area"
30085,Roosevelt County,10794,9,"Nonmetro - Urban population of fewer than 5,000, not adjacent to a metro area"
30087,Rosebud County,8329,8,"Nonmetro - Urban population of fewer than 5,000, adjacent to a metro area"
30089,Sanders County,12400,8,"Nonmetro - Urban population of fewer than 5,000, adjacent to a metro area"
30091,Sheridan County,3539,9,"Nonmetro - Urban population of fewer than 5,000, not adjacent to a metro area"
30093,Silver Bow County,35133,5,"Nonmetro - Urban population of 20,000 or more, not adjacent to a metro area"
30095,Stillwater County,8963,3,"Metro - Counties in metro areas of fewer than 250,000 population"
30097,Sweet Grass County,3678,8,"Nonmetro - Urban population of fewer than 5,000, adjacent to a metro area"
30099,Teton County,6226,8,"Nonmetro - Urban population of fewer than 5,000, adjacent to a metro area"
30101,Toole County,4971,9,"Nonmetro - Urban population of fewer than 5,000, not adjacent to a metro area"
30103,Treasure County,762,8,"Nonmetro - Urban population of fewer than 5,000, adjacent to a metro area"
30105,Valley County,7578,9,"Nonmetro - Urban population of fewer than 5,000, not adjacent to a metro area"
30107,Wheatland County,2069,9,"Nonmetro - Urban population of fewer than 5,000, not adjacent to a metro area"
30109,Wibaux County,937,9,"Nonmetro - Urban population of fewer than 5,000, not adjacent to a metro area"
30111,Yellowstone County,164731,3,"Metro - Counties in metro areas of fewer than 250,000 population"
31001,Adams County,31205,4,"Nonmetro - Urban population of 20,000 or more, adjacent to a metro area"
31003,Antelope County,6295,9,"Nonmetro - Urban population of fewer than 5,000, not adjacent to a metro area"
31005,Arthur County,434,9,"Nonmetro - Urban population of fewer than 5,000, not adjacent to a metro area"
31007,Banner County,674,8,"Nonmetro - Urban population of fewer than 5,000, adjacent to a metro area"
31009,Blaine County,431,9,"Nonmetro - Urban population of fewer than 5,000, not adjacent to a metro area"
31011,Boone County,5379,9,"Nonmetro - Urban population of fewer than 5,000, not adjacent to a metro area"
31013,Box Butte County,10842,7,"Nonmetro - Urban population of 5,000 to 20,000, not adjacent to a metro area"
31015,Boyd County,1810,9,"Nonmetro - Urban population of fewer than 5,000, not adjacent to a metro area"
31017,Brown County,2903,9,"Nonmetro - Urban population of fewer than 5,000, not adjacent to a metro area"
31019,Buffalo County,50084,4,"Nonmetro - Urban population of 20,000 or more, adjacent to a metro area"
31021,Burt County,6722,8,"Nonmetro - Urban population of fewer than 5,000, adjacent to a metro area"
31023,Butler County,8369,8,"Nonmetro - Urban population of fewer than 5,000, adjacent to a metro area"
31025,Cass County,26598,2,"Metro - Counties in metro areas of 250,000 to 1 million population"
31027,Cedar County,8380,9,"Nonmetro - Urban population of fewer than 5,000, not adjacent to a metro area"
31029,Chase County,3893,9,"Nonmetro - Urban population of fewer than 5,000, not adjacent to a metro area"
31031,Cherry County,5455,9,"Nonmetro - Urban population of fewer than 5,000, not adjacent to a metro area"
31033,Cheyenne County,9468,7,"Nonmetro - Urban population of 5,000 to 20,000, not adjacent to a metro area"
31035,Clay County,6104,9,"Nonmetro - Urban population of fewer than 5,000, not adjacent to a metro area"
31037,Colfax County,10582,7,"Nonmetro - Urban population of 5,000 to 20,000, not adjacent to a metro area"
31039,Cuming County,9013,9,"Nonmetro - Urban population of fewer than 5,000, not adjacent to a metro area"
31041,Custer County,10545,9,"Nonmetro - Urban population of fewer than 5,000, not adjacent to a metro area"
31043,Dakota County,21582,3,"Metro - Counties in metro areas of fewer than 250,000 population"
31045,Dawes County,8199,9,"Nonmetro - Urban population of fewer than 5,000, not adjacent to a metro area"
31047,Dawson County,24111,7,"Nonmetro - Urban population of 5,000 to 20,000, not adjacent to a metro area"
31049,Deuel County,1838,9,"Nonmetro - Urban population of fewer than 5,000, not adjacent to a metro area"
31051,Dixon County,5606,8,"Nonmetro - Urban population of fewer than 5,000, adjacent to a metro area"
31053,Dodge County,37167,4,"Nonmetro - Urban population of 20,000 or more, adjacent to a metro area"
31055,Douglas County,584526,2,"Metro - Counties in metro areas of 250,000 to 1 million population"
31057,Dundy County,1654,9,"Nonmetro - Urban population of fewer than 5,000, not adjacent to a metro area"
31059,Fillmore County,5551,8,"Nonmetro - Urban population of fewer than 5,000, adjacent to a metro area"
31061,Franklin County,2889,9,"Nonmetro - Urban population of fewer than 5,000, not adjacent to a metro area"
31063,Frontier County,2519,9,"Nonmetro - Urban population of fewer than 5,000, not adjacent to a metro area"
31065,Furnas County,4636,9,"Nonmetro - Urban population of fewer than 5,000, not adjacent to a metro area"
31067,Gage County,21704,6,"Nonmetro - Urban population of 5,000 to 20,000, adjacent to a metro area"
31069,Garden County,1874,9,"Nonmetro - Urban population of fewer than 5,000, not adjacent to a metro area"
31071,Garfield County,1813,9,"Nonmetro - Urban population of fewer than 5,000, not adjacent to a metro area"
31073,Gosper County,1893,9,"Nonmetro - Urban population of fewer than 5,000, not adjacent to a metro area"
31075,Grant County,611,9,"Nonmetro - Urban population of fewer than 5,000, not adjacent to a metro area"
31077,Greeley County,2188,8,"Nonmetro - Urban population of fewer than 5,000, adjacent to a metro area"
31079,Hall County,62895,3,"Metro - Counties in metro areas of fewer than 250,000 population"
31081,Hamilton County,9429,8,"Nonmetro - Urban population of fewer than 5,000, adjacent to a metro area"
31083,Harlan County,3073,9,"Nonmetro - Urban population of fewer than 5,000, not adjacent to a metro area"
31085,Hayes County,856,9,"Nonmetro - Urban population of fewer than 5,000, not adjacent to a metro area"
31087,Hitchcock County,2616,9,"Nonmetro - Urban population of fewer than 5,000, not adjacent to a metro area"
31089,Holt County,10127,9,"Nonmetro - Urban population of fewer than 5,000, not adjacent to a metro area"
31091,Hooker County,711,9,"Nonmetro - Urban population of fewer than 5,000, not adjacent to a metro area"
31093,Howard County,6475,3,"Metro - Counties in metro areas of fewer than 250,000 population"
31095,Jefferson County,7240,9,"Nonmetro - Urban population of fewer than 5,000, not adjacent to a metro area"
31097,Johnson County,5290,8,"Nonmetro - Urban population of fewer than 5,000, adjacent to a metro area"
31099,Kearney County,6688,9,"Nonmetro - Urban population of fewer than 5,000, not adjacent to a metro area"
31101,Keith County,8335,9,"Nonmetro - Urban population of fewer than 5,000, not adjacent to a metro area"
31103,Keya Paha County,769,9,"Nonmetro - Urban population of fewer than 5,000, not adjacent to a metro area"
31105,Kimball County,3434,8,"Nonmetro - Urban population of fewer than 5,000, adjacent to a metro area"
31107,Knox County,8391,9,"Nonmetro - Urban population of fewer than 5,000, not adjacent to a metro area"
31109,Lancaster County,322608,2,"Metro - Counties in metro areas of 250,000 to 1 million population"
31111,Lincoln County,34676,5,"Nonmetro - Urban population of 20,000 or more, not adjacent to a metro area"
31113,Logan County,716,9,"Nonmetro - Urban population of fewer than 5,000, not adjacent to a metro area"
31115,Loup County,607,9,"Nonmetro - Urban population of fewer than 5,000, not adjacent to a metro area"
31117,McPherson County,399,9,"Nonmetro - Urban population of fewer than 5,000, not adjacent to a metro area"
31119,Madison County,35585,5,"Nonmetro - Urban population of 20,000 or more, not adjacent to a metro area"
31121,Merrick County,7668,3,"Metro - Counties in metro areas of fewer than 250,000 population"
31123,Morrill County,4555,9,"Nonmetro - Urban population of fewer than 5,000, not adjacent to a metro area"
31125,Nance County,3380,8,"Nonmetro - Urban population of fewer than 5,000, adjacent to a metro area"
31127,Nemaha County,7074,9,"Nonmetro - Urban population of fewer than 5,000, not adjacent to a metro area"
31129,Nuckolls County,4095,9,"Nonmetro - Urban population of fewer than 5,000, not adjacent to a metro area"
31131,Otoe County,15912,6,"Nonmetro - Urban population of 5,000 to 20,000, adjacent to a metro area"
31133,Pawnee County,2544,9,"Nonmetro - Urban population of fewer than 5,000, not adjacent to a metro area"
31135,Perkins County,2858,9,"Nonmetro - Urban population of fewer than 5,000, not adjacent to a metro area"
31137,Phelps County,8968,7,"Nonmetro - Urban population of 5,000 to 20,000, not adjacent to a metro area"
31139,Pierce County,7317,9,"Nonmetro - Urban population of fewer than 5,000, not adjacent to a metro area"
31141,Platte County,34296,5,"Nonmetro - Urban population of 20,000 or more, not adjacent to a metro area"
31143,Polk County,5214,8,"Nonmetro - Urban population of fewer than 5,000, adjacent to a metro area"
31145,Red Willow County,10702,7,"Nonmetro - Urban population of 5,000 to 20,000, not adjacent to a metro area"
31147,Richardson County,7871,9,"Nonmetro - Urban population of fewer than 5,000, not adjacent to a metro area"
31149,Rock County,1262,9,"Nonmetro - Urban population of fewer than 5,000, not adjacent to a metro area"
31151,Saline County,14292,6,"Nonmetro - Urban population of 5,000 to 20,000, adjacent to a metro area"
31153,Sarpy County,190604,2,"Metro - Counties in metro areas of 250,000 to 1 million population"
31155,Saunders County,22278,2,"Metro - Counties in metro areas of 250,000 to 1 million population"
31157,Scotts Bluff County,36084,5,"Nonmetro - Urban population of 20,000 or more, not adjacent to a metro area"
31159,Seward County,17609,2,"Metro - Counties in metro areas of 250,000 to 1 million population"
31161,Sheridan County,5127,9,"Nonmetro - Urban population of fewer than 5,000, not adjacent to a metro area"
31163,Sherman County,2959,8,"Nonmetro - Urban population of fewer than 5,000, adjacent to a metro area"
31165,Sioux County,1135,9,"Nonmetro - Urban population of fewer than 5,000, not adjacent to a metro area"
31167,Stanton County,5842,9,"Nonmetro - Urban population of fewer than 5,000, not adjacent to a metro area"
31169,Thayer County,5034,9,"Nonmetro - Urban population of fewer than 5,000, not adjacent to a metro area"
31171,Thomas County,669,9,"Nonmetro - Urban population of fewer than 5,000, not adjacent to a metro area"
31173,Thurston County,6773,8,"Nonmetro - Urban population of fewer than 5,000, adjacent to a metro area"
31175,Valley County,4059,9,"Nonmetro - Urban population of fewer than 5,000, not adjacent to a metro area"
31177,Washington County,20865,2,"Metro - Counties in metro areas of 250,000 to 1 million population"
31179,Wayne County,9697,7,"Nonmetro - Urban population of 5,000 to 20,000, not adjacent to a metro area"
31181,Webster County,3395,9,"Nonmetro - Urban population of fewer than 5,000, not adjacent to a metro area"
31183,Wheeler County,774,9,"Nonmetro - Urban population of fewer than 5,000, not adjacent to a metro area"
31185,York County,14125,6,"Nonmetro - Urban population of 5,000 to 20,000, adjacent to a metro area"
32001,Churchill County,25516,6,"Nonmetro - Urban population of 5,000 to 20,000, adjacent to a metro area"
32003,Clark County,2265461,1,Metro - Counties in metro areas of 1 million population or more
32005,Douglas County,49488,4,"Nonmetro - Urban population of 20,000 or more, adjacent to a metro area"
32007,Elko County,53702,5,"Nonmetro - Urban population of 20,000 or more, not adjacent to a metro area"
32009,Esmeralda County,729,9,"Nonmetro - Urban population of fewer than 5,000, not adjacent to a metro area"
32011,Eureka County,1855,9,"Nonmetro - Urban population of fewer than 5,000, not adjacent to a metro area"
32013,Humboldt County,17285,7,"Nonmetro - Urban population of 5,000 to 20,000, not adjacent to a metro area"
32015,Lander County,5734,9,"Nonmetro - Urban population of fewer than 5,000, not adjacent to a metro area"
32017,Lincoln County,4499,8,"Nonmetro - Urban population of fewer than 5,000, adjacent to a metro area"
32019,Lyon County,59235,2,"Metro - Counties in metro areas of 250,000 to 1 million population"
32021,Mineral County,4554,8,"Nonmetro - Urban population of fewer than 5,000, adjacent to a metro area"
32023,Nye County,51591,4,"Nonmetro - Urban population of 20,000 or more, adjacent to a metro area"
32027,Pershing County,6650,8,"Nonmetro - Urban population of fewer than 5,000, adjacent to a metro area"
32029,Storey County,4104,2,"Metro - Counties in metro areas of 250,000 to 1 million population"
32031,Washoe County,486492,2,"Metro - Counties in metro areas of 250,000 to 1 million population"
32033,White Pine County,9080,9,"Nonmetro - Urban population of fewer than 5,000, not adjacent to a metro area"
32510,Carson City,58639,3,"Metro - Counties in metro areas of fewer than 250,000 population"
33001,Belknap County,63705,4,"Nonmetro - Urban population of 20,000 or more, adjacent to a metro area"
33003,Carroll County,50107,6,"Nonmetro - Urban population of 5,000 to 20,000, adjacent to a metro area"
33005,Cheshire County,76458,4,"Nonmetro - Urban population of 20,000 or more, adjacent to a metro area"
33007,Coos County,31268,7,"Nonmetro - Urban population of 5,000 to 20,000, not adjacent to a metro area"
33009,Grafton County,91118,5,"Nonmetro - Urban population of 20,000 or more, not adjacent to a metro area"
33011,Hillsborough County,422937,2,"Metro - Counties in metro areas of 250,000 to 1 million population"
33013,Merrimack County,153808,4,"Nonmetro - Urban population of 20,000 or more, adjacent to a metro area"
33015,Rockingham County,314176,1,Metro - Counties in metro areas of 1 million population or more
33017,Strafford County,130889,1,Metro - Counties in metro areas of 1 million population or more
33019,Sullivan County,43063,7,"Nonmetro - Urban population of 5,000 to 20,000, not adjacent to a metro area"
34001,Atlantic County,274534,2,"Metro - Counties in metro areas of 250,000 to 1 million population"
34003,Bergen County,955732,1,Metro - Counties in metro areas of 1 million population or more
34005,Burlington County,461860,1,Metro - Counties in metro areas of 1 million population or more
34007,Camden County,523485,1,Metro - Counties in metro areas of 1 million population or more
34009,Cape May County,95263,2,"Metro - Counties in metro areas of 250,000 to 1 million population"
34011,Cumberland County,154152,3,"Metro - Counties in metro areas of fewer than 250,000 population"
34013,Essex County,863728,1,Metro - Counties in metro areas of 1 million population or more
34015,Gloucester County,302294,1,Metro - Counties in metro areas of 1 million population or more
34017,Hudson County,724854,1,Metro - Counties in metro areas of 1 million population or more
34019,Hunterdon County,128947,1,Metro - Counties in metro areas of 1 million population or more
34021,Mercer County,387340,2,"Metro - Counties in metro areas of 250,000 to 1 million population"
34023,Middlesex County,863162,1,Metro - Counties in metro areas of 1 million population or more
34025,Monmouth County,643615,1,Metro - Counties in metro areas of 1 million population or more
34027,Morris County,509285,1,Metro - Counties in metro areas of 1 million population or more
34029,Ocean County,637229,1,Metro - Counties in metro areas of 1 million population or more
34031,Passaic County,524118,1,Metro - Counties in metro areas of 1 million population or more
34033,Salem County,64837,1,Metro - Counties in metro areas of 1 million population or more
34035,Somerset County,345361,1,Metro - Counties in metro areas of 1 million population or more
34037,Sussex County,144221,1,Metro - Counties in metro areas of 1 million population or more
34039,Union County,575345,1,Metro - Counties in metro areas of 1 million population or more
34041,Warren County,109632,2,"Metro - Counties in metro areas of 250,000 to 1 million population"
35001,Bernalillo County,676444,2,"Metro - Counties in metro areas of 250,000 to 1 million population"
35003,Catron County,3579,9,"Nonmetro - Urban population of fewer than 5,000, not adjacent to a metro area"
35005,Chaves County,65157,5,"Nonmetro - Urban population of 20,000 or more, not adjacent to a metro area"
35006,Cibola County,27172,6,"Nonmetro - Urban population of 5,000 to 20,000, adjacent to a metro area"
35007,Colfax County,12387,7,"Nonmetro - Urban population of 5,000 to 20,000, not adjacent to a metro area"
35009,Curry County,48430,5,"Nonmetro - Urban population of 20,000 or more, not adjacent to a metro area"
35011,De Baca County,1698,9,"Nonmetro - Urban population of fewer than 5,000, not adjacent to a metro area"
35013,Doña Ana County,219561,3,"Metro - Counties in metro areas of fewer than 250,000 population"
35015,Eddy County,62314,5,"Nonmetro - Urban population of 20,000 or more, not adjacent to a metro area"
35017,Grant County,28185,7,"Nonmetro - Urban population of 5,000 to 20,000, not adjacent to a metro area"
35019,Guadalupe County,4452,9,"Nonmetro - Urban population of fewer than 5,000, not adjacent to a metro area"
35021,Harding County,657,9,"Nonmetro - Urban population of fewer than 5,000, not adjacent to a metro area"
35023,Hidalgo County,4178,9,"Nonmetro - Urban population of fewer than 5,000, not adjacent to a metro area"
35025,Lea County,74455,5,"Nonmetro - Urban population of 20,000 or more, not adjacent to a metro area"
35027,Lincoln County,20269,7,"Nonmetro - Urban population of 5,000 to 20,000, not adjacent to a metro area"
35028,Los Alamos County,19419,6,"Nonmetro - Urban population of 5,000 to 20,000, adjacent to a metro area"
35029,Luna County,25427,6,"Nonmetro - Urban population of 5,000 to 20,000, adjacent to a metro area"
35031,McKinley County,72902,5,"Nonmetro - Urban population of 20,000 or more, not adjacent to a metro area"
35033,Mora County,4189,8,"Nonmetro - Urban population of fewer than 5,000, adjacent to a metro area"
35035,Otero County,67839,4,"Nonmetro - Urban population of 20,000 or more, adjacent to a metro area"
35037,Quay County,8746,7,"Nonmetro - Urban population of 5,000 to 20,000, not adjacent to a metro area"
35039,Rio Arriba County,40363,6,"Nonmetro - Urban population of 5,000 to 20,000, adjacent to a metro area"
35041,Roosevelt County,19191,7,"Nonmetro - Urban population of 5,000 to 20,000, not adjacent to a metro area"
35043,Sandoval County,148834,2,"Metro - Counties in metro areas of 250,000 to 1 million population"
35045,San Juan County,121661,3,"Metro - Counties in metro areas of fewer than 250,000 population"
35047,San Miguel County,27201,6,"Nonmetro - Urban population of 5,000 to 20,000, adjacent to a metro area"
35049,Santa Fe County,154823,3,"Metro - Counties in metro areas of fewer than 250,000 population"
35051,Sierra County,11576,6,"Nonmetro - Urban population of 5,000 to 20,000, adjacent to a metro area"
35053,Socorro County,16595,6,"Nonmetro - Urban population of 5,000 to 20,000, adjacent to a metro area"
35055,Taos County,34489,7,"Nonmetro - Urban population of 5,000 to 20,000, not adjacent to a metro area"
35057,Torrance County,15045,2,"Metro - Counties in metro areas of 250,000 to 1 million population"
35059,Union County,4079,9,"Nonmetro - Urban population of fewer than 5,000, not adjacent to a metro area"
35061,Valencia County,76205,2,"Metro - Counties in metro areas of 250,000 to 1 million population"
36001,Albany County,314848,2,"Metro - Counties in metro areas of 250,000 to 1 million population"
36003,Allegany County,46456,7,"Nonmetro - Urban population of 5,000 to 20,000, not adjacent to a metro area"
36005,Bronx County,1472654,1,Metro - Counties in metro areas of 1 million population or more
36007,Broome County,198683,3,"Metro - Counties in metro areas of fewer than 250,000 population"
36009,Cattaraugus County,77042,4,"Nonmetro - Urban population of 20,000 or more, adjacent to a metro area"
36011,Cayuga County,76248,4,"Nonmetro - Urban population of 20,000 or more, adjacent to a metro area"
36013,Chautauqua County,127657,4,"Nonmetro - Urban population of 20,000 or more, adjacent to a metro area"
36015,Chemung County,84148,3,"Metro - Counties in metro areas of fewer than 250,000 population"
36017,Chenango County,47220,6,"Nonmetro - Urban population of 5,000 to 20,000, adjacent to a metro area"
36019,Clinton County,79843,4,"Nonmetro - Urban population of 20,000 or more, adjacent to a metro area"
36021,Columbia County,61570,6,"Nonmetro - Urban population of 5,000 to 20,000, adjacent to a metro area"
36023,Cortland County,46809,4,"Nonmetro - Urban population of 20,000 or more, adjacent to a metro area"
36025,Delaware County,44308,8,"Nonmetro - Urban population of fewer than 5,000, adjacent to a metro area"
36027,Dutchess County,295911,2,"Metro - Counties in metro areas of 250,000 to 1 million population"
36029,Erie County,954236,1,Metro - Counties in metro areas of 1 million population or more
36031,Essex County,37381,6,"Nonmetro - Urban population of 5,000 to 20,000, adjacent to a metro area"
36033,Franklin County,47555,7,"Nonmetro - Urban population of 5,000 to 20,000, not adjacent to a metro area"
36035,Fulton County,53324,4,"Nonmetro - Urban population of 20,000 or more, adjacent to a metro area"
36037,Genesee County,58388,4,"Nonmetro - Urban population of 20,000 or more, adjacent to a metro area"
36039,Greene County,47931,6,"Nonmetro - Urban population of 5,000 to 20,000, adjacent to a metro area"
36041,Hamilton County,5107,8,"Nonmetro - Urban population of fewer than 5,000, adjacent to a metro area"
36043,Herkimer County,60139,2,"Metro - Counties in metro areas of 250,000 to 1 million population"
36045,Jefferson County,116721,3,"Metro - Counties in metro areas of fewer than 250,000 population"
36047,Kings County,2736074,1,Metro - Counties in metro areas of 1 million population or more
36049,Lewis County,26582,8,"Nonmetro - Urban population of fewer than 5,000, adjacent to a metro area"
36051,Livingston County,61834,1,Metro - Counties in metro areas of 1 million population or more
36053,Madison County,68016,2,"Metro - Counties in metro areas of 250,000 to 1 million population"
36055,Monroe County,759443,1,Metro - Counties in metro areas of 1 million population or more
36057,Montgomery County,49532,4,"Nonmetro - Urban population of 20,000 or more, adjacent to a metro area"
36059,Nassau County,1395774,1,Metro - Counties in metro areas of 1 million population or more
36061,New York County,1694251,1,Metro - Counties in metro areas of 1 million population or more
36063,Niagara County,212666,1,Metro - Counties in metro areas of 1 million population or more
36065,Oneida County,232125,2,"Metro - Counties in metro areas of 250,000 to 1 million population"
36067,Onondaga County,476516,2,"Metro - Counties in metro areas of 250,000 to 1 million population"
36069,Ontario County,112458,1,Metro - Counties in metro areas of 1 million population or more
36071,Orange County,401310,2,"Metro - Counties in metro areas of 250,000 to 1 million population"
36073,Orleans County,40343,1,Metro - Counties in metro areas of 1 million population or more
36075,Oswego County,117525,2,"Metro - Counties in metro areas of 250,000 to 1 million population"
36077,Otsego County,58524,7,"Nonmetro - Urban population of 5,000 to 20,000, not adjacent to a metro area"
36079,Putnam County,97668,1,Metro - Counties in metro areas of 1 million population or more
36081,Queens County,2405464,1,Metro - Counties in metro areas of 1 million population or more
36083,Rensselaer County,161130,2,"Metro - Counties in metro areas of 250,000 to 1 million population"
36085,Richmond County,495747,1,Metro - Counties in metro areas of 1 million population or more
36087,Rockland County,338329,1,Metro - Counties in metro areas of 1 million population or more
36089,St. Lawrence County,108505,4,"Nonmetro - Urban population of 20,000 or more, adjacent to a metro area"
36091,Saratoga County,235509,2,"Metro - Counties in metro areas of 250,000 to 1 million population"
36093,Schenectady County,158061,2,"Metro - Counties in metro areas of 250,000 to 1 million population"
36095,Schoharie County,29714,2,"Metro - Counties in metro areas of 250,000 to 1 million population"
36097,Schuyler County,17898,8,"Nonmetro - Urban population of fewer than 5,000, adjacent to a metro area"
36099,Seneca County,33814,6,"Nonmetro - Urban population of 5,000 to 20,000, adjacent to a metro area"
36101,Steuben County,93584,4,"Nonmetro - Urban population of 20,000 or more, adjacent to a metro area"
36103,Suffolk County,1525920,1,Metro - Counties in metro areas of 1 million population or more
36105,Sullivan County,78624,6,"Nonmetro - Urban population of 5,000 to 20,000, adjacent to a metro area"
36107,Tioga County,48455,3,"Metro - Counties in metro areas of fewer than 250,000 population"
36109,Tompkins County,105740,3,"Metro - Counties in metro areas of fewer than 250,000 population"
36111,Ulster County,181851,3,"Metro - Counties in metro areas of fewer than 250,000 population"
36113,Warren County,65737,3,"Metro - Counties in metro areas of fewer than 250,000 population"
36115,Washington County,61302,3,"Metro - Counties in metro areas of fewer than 250,000 population"
36117,Wayne County,91283,1,Metro - Counties in metro areas of 1 million population or more
36119,Westchester County,1004457,1,Metro - Counties in metro areas of 1 million population or more
36121,Wyoming County,40531,8,"Nonmetro - Urban population of fewer than 5,000, adjacent to a metro area"
36123,Yates County,24774,6,"Nonmetro - Urban population of 5,000 to 20,000, adjacent to a metro area"
37001,Alamance County,171415,3,"Metro - Counties in metro areas of fewer than 250,000 population"
37003,Alexander County,36444,2,"Metro - Counties in metro areas of 250,000 to 1 million population"
37005,Alleghany County,10888,9,"Nonmetro - Urban population of fewer than 5,000, not adjacent to a metro area"
37007,Anson County,22055,1,Metro - Counties in metro areas of 1 million population or more
37009,Ashe County,26577,9,"Nonmetro - Urban population of fewer than 5,000, not adjacent to a metro area"
37011,Avery County,17806,9,"Nonmetro - Urban population of fewer than 5,000, not adjacent to a metro area"
37013,Beaufort County,44652,6,"Nonmetro - Urban population of 5,000 to 20,000, adjacent to a metro area"
37015,Bertie County,17934,9,"Nonmetro - Urban population of fewer than 5,000, not adjacent to a metro area"
37017,Bladen County,29606,8,"Nonmetro - Urban population of fewer than 5,000, adjacent to a metro area"
37019,Brunswick County,136693,2,"Metro - Counties in metro areas of 250,000 to 1 million population"
37021,Buncombe County,269452,2,"Metro - Counties in metro areas of 250,000 to 1 million population"
37023,Burke County,87570,2,"Metro - Counties in metro areas of 250,000 to 1 million population"
37025,Cabarrus County,225804,1,Metro - Counties in metro areas of 1 million population or more
37027,Caldwell County,80652,2,"Metro - Counties in metro areas of 250,000 to 1 million population"
37029,Camden County,10355,1,Metro - Counties in metro areas of 1 million population or more
37031,Carteret County,67686,4,"Nonmetro - Urban population of 20,000 or more, adjacent to a metro area"
37033,Caswell County,22736,8,"Nonmetro - Urban population of fewer than 5,000, adjacent to a metro area"
37035,Catawba County,160610,2,"Metro - Counties in metro areas of 250,000 to 1 million population"
37037,Chatham County,76285,2,"Metro - Counties in metro areas of 250,000 to 1 million population"
37039,Cherokee County,28774,9,"Nonmetro - Urban population of fewer than 5,000, not adjacent to a metro area"
37041,Chowan County,13708,8,"Nonmetro - Urban population of fewer than 5,000, adjacent to a metro area"
37043,Clay County,11089,9,"Nonmetro - Urban population of fewer than 5,000, not adjacent to a metro area"
37045,Cleveland County,99519,4,"Nonmetro - Urban population of 20,000 or more, adjacent to a metro area"
37047,Columbus County,50623,6,"Nonmetro - Urban population of 5,000 to 20,000, adjacent to a metro area"
37049,Craven County,100720,4,"Nonmetro - Urban population of 20,000 or more, adjacent to a metro area"
37051,Cumberland County,334728,2,"Metro - Counties in metro areas of 250,000 to 1 million population"
37053,Currituck County,28100,1,Metro - Counties in metro areas of 1 million population or more
37055,Dare County,36915,4,"Nonmetro - Urban population of 20,000 or more, adjacent to a metro area"
37057,Davidson County,168930,2,"Metro - Counties in metro areas of 250,000 to 1 million population"
37059,Davie County,42712,2,"Metro - Counties in metro areas of 250,000 to 1 million population"
37061,Duplin County,48715,8,"Nonmetro - Urban population of fewer than 5,000, adjacent to a metro area"
37063,Durham County,324833,2,"Metro - Counties in metro areas of 250,000 to 1 million population"
37065,Edgecombe County,48900,3,"Metro - Counties in metro areas of fewer than 250,000 population"
37067,Forsyth County,382590,2,"Metro - Counties in metro areas of 250,000 to 1 million population"
37069,Franklin County,68573,1,Metro - Counties in metro areas of 1 million population or more
37071,Gaston County,227943,1,Metro - Counties in metro areas of 1 million population or more
37073,Gates County,10478,1,Metro - Counties in metro areas of 1 million population or more
37075,Graham County,8030,9,"Nonmetro - Urban population of fewer than 5,000, not adjacent to a metro area"
37077,Granville County,60992,6,"Nonmetro - Urban population of 5,000 to 20,000, adjacent to a metro area"
37079,Greene County,20451,8,"Nonmetro - Urban population of fewer than 5,000, adjacent to a metro area"
37081,Guilford County,541299,2,"Metro - Counties in metro areas of 250,000 to 1 million population"
37083,Halifax County,48622,4,"Nonmetro - Urban population of 20,000 or more, adjacent to a metro area"
37085,Harnett County,133568,4,"Nonmetro - Urban population of 20,000 or more, adjacent to a metro area"
37087,Haywood County,62089,4,"Nonmetro - Urban population of 20,000 or more, adjacent to a metro area"
37089,Henderson County,116281,2,"Metro - Counties in metro areas of 250,000 to 1 million population"
37091,Hertford County,21552,8,"Nonmetro - Urban population of fewer than 5,000, adjacent to a metro area"
37093,Hoke County,52082,2,"Metro - Counties in metro areas of 250,000 to 1 million population"
37095,Hyde County,4589,9,"Nonmetro - Urban population of fewer than 5,000, not adjacent to a metro area"
37097,Iredell County,186693,1,Metro - Counties in metro areas of 1 million population or more
37099,Jackson County,43109,7,"Nonmetro - Urban population of 5,000 to 20,000, not adjacent to a metro area"
37101,Johnston County,215999,1,Metro - Counties in metro areas of 1 million population or more
37103,Jones County,9172,8,"Nonmetro - Urban population of fewer than 5,000, adjacent to a metro area"
37105,Lee County,63285,4,"Nonmetro - Urban population of 20,000 or more, adjacent to a metro area"
37107,Lenoir County,55122,4,"Nonmetro - Urban population of 20,000 or more, adjacent to a metro area"
37109,Lincoln County,86810,1,Metro - Counties in metro areas of 1 million population or more
37111,McDowell County,44578,6,"Nonmetro - Urban population of 5,000 to 20,000, adjacent to a metro area"
37113,Macon County,37014,7,"Nonmetro - Urban population of 5,000 to 20,000, not adjacent to a metro area"
37115,Madison County,21193,2,"Metro - Counties in metro areas of 250,000 to 1 million population"
37117,Martin County,22031,6,"Nonmetro - Urban population of 5,000 to 20,000, adjacent to a metro area"
37119,Mecklenburg County,1115482,1,Metro - Counties in metro areas of 1 million population or more
37121,Mitchell County,14903,8,"Nonmetro - Urban population of fewer than 5,000, adjacent to a metro area"
37123,Montgomery County,25751,8,"Nonmetro - Urban population of fewer than 5,000, adjacent to a metro area"
37125,Moore County,99727,3,"Metro - Counties in metro areas of fewer than 250,000 population"
37127,Nash County,94970,3,"Metro - Counties in metro areas of fewer than 250,000 population"
37129,New Hanover County,225702,2,"Metro - Counties in metro areas of 250,000 to 1 million population"
37131,Northampton County,17471,9,"Nonmetro - Urban population of fewer than 5,000, not adjacent to a metro area"
37133,Onslow County,204576,3,"Metro - Counties in metro areas of fewer than 250,000 population"
37135,Orange County,148696,2,"Metro - Counties in metro areas of 250,000 to 1 million population"
37137,Pamlico County,12276,9,"Nonmetro - Urban population of fewer than 5,000, not adjacent to a metro area"
37139,Pasquotank County,40568,4,"Nonmetro - Urban population of 20,000 or more, adjacent to a metro area"
37141,Pender County,60203,2,"Metro - Counties in metro areas of 250,000 to 1 million population"
37143,Perquimans County,13005,8,"Nonmetro - Urban population of fewer than 5,000, adjacent to a metro area"
37145,Person County,39097,2,"Metro - Counties in metro areas of 250,000 to 1 million population"
37147,Pitt County,170243,3,"Metro - Counties in metro areas of fewer than 250,000 population"
37149,Polk County,19328,8,"Nonmetro - Urban population of fewer than 5,000, adjacent to a metro area"
37151,Randolph County,144171,2,"Metro - Counties in metro areas of 250,000 to 1 million population"
37153,Richmond County,42946,4,"Nonmetro - Urban population of 20,000 or more, adjacent to a metro area"
37155,Robeson County,116530,4,"Nonmetro - Urban population of 20,000 or more, adjacent to a metro area"
37157,Rockingham County,91096,2,"Metro - Counties in metro areas of 250,000 to 1 million population"
37159,Rowan County,146875,1,Metro - Counties in metro areas of 1 million population or more
37161,Rutherford County,64444,4,"Nonmetro - Urban population of 20,000 or more, adjacent to a metro area"
37163,Sampson County,59036,6,"Nonmetro - Urban population of 5,000 to 20,000, adjacent to a metro area"
37165,Scotland County,34174,6,"Nonmetro - Urban population of 5,000 to 20,000, adjacent to a metro area"
37167,Stanly County,62504,6,"Nonmetro - Urban population of 5,000 to 20,000, adjacent to a metro area"
37169,Stokes County,44520,2,"Metro - Counties in metro areas of 250,000 to 1 million population"
37171,Surry County,71359,6,"Nonmetro - Urban population of 5,000 to 20,000, adjacent to a metro area"
37173,Swain County,14117,9,"Nonmetro - Urban population of fewer than 5,000, not adjacent to a metro area"
37175,Transylvania County,32986,6,"Nonmetro - Urban population of 5,000 to 20,000, adjacent to a metro area"
37177,Tyrrell County,3245,9,"Nonmetro - Urban population of fewer than 5,000, not adjacent to a metro area"
37179,Union County,238267,1,Metro - Counties in metro areas of 1 million population or more
37181,Vance County,42578,6,"Nonmetro - Urban population of 5,000 to 20,000, adjacent to a metro area"
37183,Wake County,1129410,1,Metro - Counties in metro areas of 1 million population or more
37185,Warren County,18642,8,"Nonmetro - Urban population of fewer than 5,000, adjacent to a metro area"
37187,Washington County,11003,9,"Nonmetro - Urban population of fewer than 5,000, not adjacent to a metro area"
37189,Watauga County,54086,5,"Nonmetro - Urban population of 20,000 or more, not adjacent to a metro area"
37191,Wayne County,117333,3,"Metro - Counties in metro areas of fewer than 250,000 population"
37193,Wilkes County,65969,6,"Nonmetro - Urban population of 5,000 to 20,000, adjacent to a metro area"
37195,Wilson County,78784,4,"Nonmetro - Urban population of 20,000 or more, adjacent to a metro area"
37197,Yadkin County,37214,2,"Metro - Counties in metro areas of 250,000 to 1 million population"
37199,Yancey County,18470,8,"Nonmetro - Urban population of fewer than 5,000, adjacent to a metro area"
38001,Adams County,2200,9,"Nonmetro - Urban population of fewer than 5,000, not adjacent to a metro area"
38003,Barnes County,10853,6,"Nonmetro - Urban population of 5,000 to 20,000, adjacent to a metro area"
38005,Benson County,5964,9,"Nonmetro - Urban population of fewer than 5,000, not adjacent to a metro area"
38007,Billings County,945,9,"Nonmetro - Urban population of fewer than 5,000, not adjacent to a metro area"
38009,Bottineau County,6379,8,"Nonmetro - Urban population of fewer than 5,000, adjacent to a metro area"
38011,Bowman County,2993,9,"Nonmetro - Urban population of fewer than 5,000, not adjacent to a metro area"
38013,Burke County,2201,8,"Nonmetro - Urban population of fewer than 5,000, adjacent to a metro area"
38015,Burleigh County,98458,3,"Metro - Counties in metro areas of fewer than 250,000 population"
38017,Cass County,184525,3,"Metro - Counties in metro areas of fewer than 250,000 population"
38019,Cavalier County,3704,9,"Nonmetro - Urban population of fewer than 5,000, not adjacent to a metro area"
38021,Dickey County,4999,9,"Nonmetro - Urban population of fewer than 5,000, not adjacent to a metro area"
38023,Divide County,2195,9,"Nonmetro - Urban population of fewer than 5,000, not adjacent to a metro area"
38025,Dunn County,4095,9,"Nonmetro - Urban population of fewer than 5,000, not adjacent to a metro area"
38027,Eddy County,2347,9,"Nonmetro - Urban population of fewer than 5,000, not adjacent to a metro area"
38029,Emmons County,3301,8,"Nonmetro - Urban population of fewer than 5,000, adjacent to a metro area"
38031,Foster County,3397,9,"Nonmetro - Urban population of fewer than 5,000, not adjacent to a metro area"
38033,Golden Valley County,1736,9,"Nonmetro - Urban population of fewer than 5,000, not adjacent to a metro area"
38035,Grand Forks County,73170,3,"Metro - Counties in metro areas of fewer than 250,000 population"
38037,Grant County,2301,8,"Nonmetro - Urban population of fewer than 5,000, adjacent to a metro area"
38039,Griggs County,2306,9,"Nonmetro - Urban population of fewer than 5,000, not adjacent to a metro area"
38041,Hettinger County,2489,9,"Nonmetro - Urban population of fewer than 5,000, not adjacent to a metro area"
38043,Kidder County,2394,8,"Nonmetro - Urban population of fewer than 5,000, adjacent to a metro area"
38045,LaMoure County,4093,9,"Nonmetro - Urban population of fewer than 5,000, not adjacent to a metro area"
38047,Logan County,1876,9,"Nonmetro - Urban population of fewer than 5,000, not adjacent to a metro area"
38049,McHenry County,5345,3,"Metro - Counties in metro areas of fewer than 250,000 population"
38051,McIntosh County,2530,9,"Nonmetro - Urban population of fewer than 5,000, not adjacent to a metro area"
38053,McKenzie County,14704,7,"Nonmetro - Urban population of 5,000 to 20,000, not adjacent to a metro area"
38055,McLean County,9771,8,"Nonmetro - Urban population of fewer than 5,000, adjacent to a metro area"
38057,Mercer County,8350,8,"Nonmetro - Urban population of fewer than 5,000, adjacent to a metro area"
38059,Morton County,33291,3,"Metro - Counties in metro areas of fewer than 250,000 population"
38061,Mountrail County,9809,8,"Nonmetro - Urban population of fewer than 5,000, adjacent to a metro area"
38063,Nelson County,3015,8,"Nonmetro - Urban population of fewer than 5,000, adjacent to a metro area"
38065,Oliver County,1877,3,"Metro - Counties in metro areas of fewer than 250,000 population"
38067,Pembina County,6844,9,"Nonmetro - Urban population of fewer than 5,000, not adjacent to a metro area"
38069,Pierce County,3990,9,"Nonmetro - Urban population of fewer than 5,000, not adjacent to a metro area"
38071,Ramsey County,11605,7,"Nonmetro - Urban population of 5,000 to 20,000, not adjacent to a metro area"
38073,Ransom County,5703,8,"Nonmetro - Urban population of fewer than 5,000, adjacent to a metro area"
38075,Renville County,2282,3,"Metro - Counties in metro areas of fewer than 250,000 population"
38077,Richland County,16529,6,"Nonmetro - Urban population of 5,000 to 20,000, adjacent to a metro area"
38079,Rolette County,12187,9,"Nonmetro - Urban population of fewer than 5,000, not adjacent to a metro area"
38081,Sargent County,3862,9,"Nonmetro - Urban population of fewer than 5,000, not adjacent to a metro area"
38083,Sheridan County,1265,8,"Nonmetro - Urban population of fewer than 5,000, adjacent to a metro area"
38085,Sioux County,3898,9,"Nonmetro - Urban population of fewer than 5,000, not adjacent to a metro area"
38087,Slope County,706,9,"Nonmetro - Urban population of fewer than 5,000, not adjacent to a metro area"
38089,Stark County,33646,5,"Nonmetro - Urban population of 20,000 or more, not adjacent to a metro area"
38091,Steele County,1798,8,"Nonmetro - Urban population of fewer than 5,000, adjacent to a metro area"
38093,Stutsman County,21593,7,"Nonmetro - Urban population of 5,000 to 20,000, not adjacent to a metro area"
38095,Towner County,2162,9,"Nonmetro - Urban population of fewer than 5,000, not adjacent to a metro area"
38097,Traill County,7997,8,"Nonmetro - Urban population of fewer than 5,000, adjacent to a metro area"
38099,Walsh County,10563,8,"Nonmetro - Urban population of fewer than 5,000, adjacent to a metro area"
38101,Ward County,69919,3,"Metro - Counties in metro areas of fewer than 250,000 population"
38103,Wells County,3982,9,"Nonmetro - Urban population of fewer than 5,000, not adjacent to a metro area"
38105,Williams County,40950,5,"Nonmetro - Urban population of 20,000 or more, not adjacent to a metro area"
39001,Adams County,27477,8,"Nonmetro - Urban population of fewer than 5,000, adjacent to a metro area"
39003,Allen County,102206,3,"Metro - Counties in metro areas of fewer than 250,000 population"
39005,Ashland County,52447,6,"Nonmetro - Urban population of 5,000 to 20,000, adjacent to a metro area"
39007,Ashtabula County,97574,1,Metro - Counties in metro areas of 1 million population or more
39009,Athens County,62431,4,"Nonmetro - Urban population of 20,000 or more, adjacent to a metro area"
39011,Auglaize County,46422,4,"Nonmetro - Urban population of 20,000 or more, adjacent to a metro area"
39013,Belmont County,66497,3,"Metro - Counties in metro areas of fewer than 250,000 population"
39015,Brown County,43676,1,Metro - Counties in metro areas of 1 million population or more
39017,Butler County,390357,1,Metro - Counties in metro areas of 1 million population or more
39019,Carroll County,26721,2,"Metro - Counties in metro areas of 250,000 to 1 million population"
39021,Champaign County,38714,6,"Nonmetro - Urban population of 5,000 to 20,000, adjacent to a metro area"
39023,Clark County,136001,3,"Metro - Counties in metro areas of fewer than 250,000 population"
39025,Clermont County,208601,1,Metro - Counties in metro areas of 1 million population or more
39027,Clinton County,42018,6,"Nonmetro - Urban population of 5,000 to 20,000, adjacent to a metro area"
39029,Columbiana County,101877,4,"Nonmetro - Urban population of 20,000 or more, adjacent to a metro area"
39031,Coshocton County,36612,7,"Nonmetro - Urban population of 5,000 to 20,000, not adjacent to a metro area"
39033,Crawford County,42025,4,"Nonmetro - Urban population of 20,000 or more, adjacent to a metro area"
39035,Cuyahoga County,1264817,1,Metro - Counties in metro areas of 1 million population or more
39037,Darke County,51881,6,"Nonmetro - Urban population of 5,000 to 20,000, adjacent to a metro area"
39039,Defiance County,38286,6,"Nonmetro - Urban population of 5,000 to 20,000, adjacent to a metro area"
39041,Delaware County,214124,1,Metro - Counties in metro areas of 1 million population or more
39043,Erie County,75622,3,"Metro - Counties in metro areas of fewer than 250,000 population"
39045,Fairfield County,158921,1,Metro - Counties in metro areas of 1 million population or more
39047,Fayette County,28951,6,"Nonmetro - Urban population of 5,000 to 20,000, adjacent to a metro area"
39049,Franklin County,1323807,1,Metro - Counties in metro areas of 1 million population or more
39051,Fulton County,42713,2,"Metro - Counties in metro areas of 250,000 to 1 million population"
39053,Gallia County,29220,6,"Nonmetro - Urban population of 5,000 to 20,000, adjacent to a metro area"
39055,Geauga County,95397,1,Metro - Counties in metro areas of 1 million population or more
39057,Greene County,167966,2,"Metro - Counties in metro areas of 250,000 to 1 million population"
39059,Guernsey County,38438,6,"Nonmetro - Urban population of 5,000 to 20,000, adjacent to a metro area"
39061,Hamilton County,830639,1,Metro - Counties in metro areas of 1 million population or more
39063,Hancock County,74920,4,"Nonmetro - Urban population of 20,000 or more, adjacent to a metro area"
39065,Hardin County,30696,6,"Nonmetro - Urban population of 5,000 to 20,000, adjacent to a metro area"
39067,Harrison County,14483,8,"Nonmetro - Urban population of fewer than 5,000, adjacent to a metro area"
39069,Henry County,27662,6,"Nonmetro - Urban population of 5,000 to 20,000, adjacent to a metro area"
39071,Highland County,43317,6,"Nonmetro - Urban population of 5,000 to 20,000, adjacent to a metro area"
39073,Hocking County,28050,1,Metro - Counties in metro areas of 1 million population or more
39075,Holmes County,44223,9,"Nonmetro - Urban population of fewer than 5,000, not adjacent to a metro area"
39077,Huron County,58565,4,"Nonmetro - Urban population of 20,000 or more, adjacent to a metro area"
39079,Jackson County,32653,7,"Nonmetro - Urban population of 5,000 to 20,000, not adjacent to a metro area"
39081,Jefferson County,65249,3,"Metro - Counties in metro areas of fewer than 250,000 population"
39083,Knox County,62721,6,"Nonmetro - Urban population of 5,000 to 20,000, adjacent to a metro area"
39085,Lake County,232603,1,Metro - Counties in metro areas of 1 million population or more
39087,Lawrence County,58240,2,"Metro - Counties in metro areas of 250,000 to 1 million population"
39089,Licking County,178519,1,Metro - Counties in metro areas of 1 million population or more
39091,Logan County,46150,4,"Nonmetro - Urban population of 20,000 or more, adjacent to a metro area"
39093,Lorain County,312964,1,Metro - Counties in metro areas of 1 million population or more
39095,Lucas County,431279,2,"Metro - Counties in metro areas of 250,000 to 1 million population"
39097,Madison County,43824,1,Metro - Counties in metro areas of 1 million population or more
39099,Mahoning County,228614,2,"Metro - Counties in metro areas of 250,000 to 1 million population"
39101,Marion County,65359,4,"Nonmetro - Urban population of 20,000 or more, adjacent to a metro area"
39103,Medina County,182470,1,Metro - Counties in metro areas of 1 million population or more
39105,Meigs County,22210,8,"Nonmetro - Urban population of fewer than 5,000, adjacent to a metro area"
39107,Mercer County,42528,7,"Nonmetro - Urban population of 5,000 to 20,000, not adjacent to a metro area"
39109,Miami County,108774,2,"Metro - Counties in metro areas of 250,000 to 1 million population"
39111,Monroe County,13385,8,"Nonmetro - Urban population of fewer than 5,000, adjacent to a metro area"
39113,Montgomery County,537309,2,"Metro - Counties in metro areas of 250,000 to 1 million population"
39115,Morgan County,13802,8,"Nonmetro - Urban population of fewer than 5,000, adjacent to a metro area"
39117,Morrow County,34950,1,Metro - Counties in metro areas of 1 million population or more
39119,Muskingum County,86410,4,"Nonmetro - Urban population of 20,000 or more, adjacent to a metro area"
39121,Noble County,14115,9,"Nonmetro - Urban population of fewer than 5,000, not adjacent to a metro area"
39123,Ottawa County,40364,3,"Metro - Counties in metro areas of fewer than 250,000 population"
39125,Paulding County,18806,8,"Nonmetro - Urban population of fewer than 5,000, adjacent to a metro area"
39127,Perry County,35408,1,Metro - Counties in metro areas of 1 million population or more
39129,Pickaway County,58539,1,Metro - Counties in metro areas of 1 million population or more
39131,Pike County,27088,9,"Nonmetro - Urban population of fewer than 5,000, not adjacent to a metro area"
39133,Portage County,161791,2,"Metro - Counties in metro areas of 250,000 to 1 million population"
39135,Preble County,40999,6,"Nonmetro - Urban population of 5,000 to 20,000, adjacent to a metro area"
39137,Putnam County,34451,6,"Nonmetro - Urban population of 5,000 to 20,000, adjacent to a metro area"
39139,Richland County,124936,3,"Metro - Counties in metro areas of fewer than 250,000 population"
39141,Ross County,77093,4,"Nonmetro - Urban population of 20,000 or more, adjacent to a metro area"
39143,Sandusky County,58896,4,"Nonmetro - Urban population of 20,000 or more, adjacent to a metro area"
39145,Scioto County,74008,4,"Nonmetro - Urban population of 20,000 or more, adjacent to a metro area"
39147,Seneca County,55069,4,"Nonmetro - Urban population of 20,000 or more, adjacent to a metro area"
39149,Shelby County,48230,4,"Nonmetro - Urban population of 20,000 or more, adjacent to a metro area"
39151,Stark County,374853,2,"Metro - Counties in metro areas of 250,000 to 1 million population"
39153,Summit County,540428,2,"Metro - Counties in metro areas of 250,000 to 1 million population"
39155,Trumbull County,201977,2,"Metro - Counties in metro areas of 250,000 to 1 million population"
39157,Tuscarawas County,93263,4,"Nonmetro - Urban population of 20,000 or more, adjacent to a metro area"
39159,Union County,62784,1,Metro - Counties in metro areas of 1 million population or more
39161,Van Wert County,28931,6,"Nonmetro - Urban population of 5,000 to 20,000, adjacent to a metro area"
39163,Vinton County,12800,8,"Nonmetro - Urban population of fewer than 5,000, adjacent to a metro area"
39165,Warren County,242337,1,Metro - Counties in metro areas of 1 million population or more
39167,Washington County,59771,4,"Nonmetro - Urban population of 20,000 or more, adjacent to a metro area"
39169,Wayne County,116894,4,"Nonmetro - Urban population of 20,000 or more, adjacent to a metro area"
39171,Williams County,37102,7,"Nonmetro - Urban population of 5,000 to 20,000, not adjacent to a metro area"
39173,Wood County,132248,2,"Metro - Counties in metro areas of 250,000 to 1 million population"
39175,Wyandot County,21900,7,"Nonmetro - Urban population of 5,000 to 20,000, not adjacent to a metro area"
40001,Adair County,19495,8,"Nonmetro - Urban population of fewer than 5,000, adjacent to a metro area"
40003,Alfalfa County,5699,8,"Nonmetro - Urban population of fewer than 5,000, adjacent to a metro area"
40005,Atoka County,14143,9,"Nonmetro - Urban population of fewer than 5,000, not adjacent to a metro area"
40007,Beaver County,5049,9,"Nonmetro - Urban population of fewer than 5,000, not adjacent to a metro area"
40009,Beckham County,22410,7,"Nonmetro - Urban population of 5,000 to 20,000, not adjacent to a metro area"
40011,Blaine County,8735,8,"Nonmetro - Urban population of fewer than 5,000, adjacent to a metro area"
40013,Bryan County,46067,6,"Nonmetro - Urban population of 5,000 to 20,000, adjacent to a metro area"
40015,Caddo County,26945,6,"Nonmetro - Urban population of 5,000 to 20,000, adjacent to a metro area"
40017,Canadian County,154405,1,Metro - Counties in metro areas of 1 million population or more
40019,Carter County,48003,5,"Nonmetro - Urban population of 20,000 or more, not adjacent to a metro area"
40021,Cherokee County,47078,6,"Nonmetro - Urban population of 5,000 to 20,000, adjacent to a metro area"
40023,Choctaw County,14204,9,"Nonmetro - Urban population of fewer than 5,000, not adjacent to a metro area"
40025,Cimarron County,2296,9,"Nonmetro - Urban population of fewer than 5,000, not adjacent to a metro area"
40027,Cleveland County,295528,1,Metro - Counties in metro areas of 1 million population or more
40029,Coal County,5266,9,"Nonmetro - Urban population of fewer than 5,000, not adjacent to a metro area"
40031,Comanche County,121125,3,"Metro - Counties in metro areas of fewer than 250,000 population"
40033,Cotton County,5527,3,"Metro - Counties in metro areas of fewer than 250,000 population"
40035,Craig County,14107,6,"Nonmetro - Urban population of 5,000 to 20,000, adjacent to a metro area"
40037,Creek County,71754,1,Metro - Counties in metro areas of 1 million population or more
40039,Custer County,28513,5,"Nonmetro - Urban population of 20,000 or more, not adjacent to a metro area"
40041,Delaware County,40397,6,"Nonmetro - Urban population of 5,000 to 20,000, adjacent to a metro area"
40043,Dewey County,4484,9,"Nonmetro - Urban population of fewer than 5,000, not adjacent to a metro area"
40045,Ellis County,3749,9,"Nonmetro - Urban population of fewer than 5,000, not adjacent to a metro area"
40047,Garfield County,62846,3,"Metro - Counties in metro areas of fewer than 250,000 population"
40049,Garvin County,25656,6,"Nonmetro - Urban population of 5,000 to 20,000, adjacent to a metro area"
40051,Grady County,54795,1,Metro - Counties in metro areas of 1 million population or more
40053,Grant County,4169,8,"Nonmetro - Urban population of fewer than 5,000, adjacent to a metro area"
40055,Greer County,5491,9,"Nonmetro - Urban population of fewer than 5,000, not adjacent to a metro area"
40057,Harmon County,2488,9,"Nonmetro - Urban population of fewer than 5,000, not adjacent to a metro area"
40059,Harper County,3272,9,"Nonmetro - Urban population of fewer than 5,000, not adjacent to a metro area"
40061,Haskell County,11561,8,"Nonmetro - Urban population of fewer than 5,000, adjacent to a metro area"
40063,Hughes County,13367,9,"Nonmetro - Urban population of fewer than 5,000, not adjacent to a metro area"
40065,Jackson County,24785,7,"Nonmetro - Urban population of 5,000 to 20,000, not adjacent to a metro area"
40067,Jefferson County,5337,8,"Nonmetro - Urban population of fewer than 5,000, adjacent to a metro area"
40069,Johnston County,10272,9,"Nonmetro - Urban population of fewer than 5,000, not adjacent to a metro area"
40071,Kay County,43700,4,"Nonmetro - Urban population of 20,000 or more, adjacent to a metro area"
40073,Kingfisher County,15184,8,"Nonmetro - Urban population of fewer than 5,000, adjacent to a metro area"
40075,Kiowa County,8509,8,"Nonmetro - Urban population of fewer than 5,000, adjacent to a metro area"
40077,Latimer County,9444,9,"Nonmetro - Urban population of fewer than 5,000, not adjacent to a metro area"
40079,Le Flore County,48129,6,"Nonmetro - Urban population of 5,000 to 20,000, adjacent to a metro area"
40081,Lincoln County,33458,1,Metro - Counties in metro areas of 1 million population or more
40083,Logan County,49555,1,Metro - Counties in metro areas of 1 million population or more
40085,Love County,10146,9,"Nonmetro - Urban population of fewer than 5,000, not adjacent to a metro area"
40087,McClain County,41662,1,Metro - Counties in metro areas of 1 million population or more
40089,McCurtain County,30814,7,"Nonmetro - Urban population of 5,000 to 20,000, not adjacent to a metro area"
40091,McIntosh County,18941,8,"Nonmetro - Urban population of fewer than 5,000, adjacent to a metro area"
40093,Major County,7782,8,"Nonmetro - Urban population of fewer than 5,000, adjacent to a metro area"
40095,Marshall County,15312,9,"Nonmetro - Urban population of fewer than 5,000, not adjacent to a metro area"
40097,Mayes County,39046,6,"Nonmetro - Urban population of 5,000 to 20,000, adjacent to a metro area"
40099,Murray County,13904,9,"Nonmetro - Urban population of fewer than 5,000, not adjacent to a metro area"
40101,Muskogee County,66339,4,"Nonmetro - Urban population of 20,000 or more, adjacent to a metro area"
40103,Noble County,10924,8,"Nonmetro - Urban population of fewer than 5,000, adjacent to a metro area"
40105,Nowata County,9320,8,"Nonmetro - Urban population of fewer than 5,000, adjacent to a metro area"
40107,Okfuskee County,11310,8,"Nonmetro - Urban population of fewer than 5,000, adjacent to a metro area"
40109,Oklahoma County,796292,1,Metro - Counties in metro areas of 1 million population or more
40111,Okmulgee County,36706,1,Metro - Counties in metro areas of 1 million population or more
40113,Osage County,45818,1,Metro - Counties in metro areas of 1 million population or more
40115,Ottawa County,30285,6,"Nonmetro - Urban population of 5,000 to 20,000, adjacent to a metro area"
40117,Pawnee County,15553,1,Metro - Counties in metro areas of 1 million population or more
40119,Payne County,81646,4,"Nonmetro - Urban population of 20,000 or more, adjacent to a metro area"
40121,Pittsburg County,43773,7,"Nonmetro - Urban population of 5,000 to 20,000, not adjacent to a metro area"
40123,Pontotoc County,38065,7,"Nonmetro - Urban population of 5,000 to 20,000, not adjacent to a metro area"
40125,Pottawatomie County,72454,4,"Nonmetro - Urban population of 20,000 or more, adjacent to a metro area"
40127,Pushmataha County,10812,9,"Nonmetro - Urban population of fewer than 5,000, not adjacent to a metro area"
40129,Roger Mills County,3442,9,"Nonmetro - Urban population of fewer than 5,000, not adjacent to a metro area"
40131,Rogers County,95240,1,Metro - Counties in metro areas of 1 million population or more
40133,Seminole County,23556,7,"Nonmetro - Urban population of 5,000 to 20,000, not adjacent to a metro area"
40135,Sequoyah County,39281,3,"Metro - Counties in metro areas of fewer than 250,000 population"
40137,Stephens County,42848,4,"Nonmetro - Urban population of 20,000 or more, adjacent to a metro area"
40139,Texas County,21384,7,"Nonmetro - Urban population of 5,000 to 20,000, not adjacent to a metro area"
40141,Tillman County,6968,8,"Nonmetro - Urban population of fewer than 5,000, adjacent to a metro area"
40143,Tulsa County,669279,1,Metro - Counties in metro areas of 1 million population or more
40145,Wagoner County,80981,1,Metro - Counties in metro areas of 1 million population or more
40147,Washington County,52455,4,"Nonmetro - Urban population of 20,000 or more, adjacent to a metro area"
40149,Washita County,10924,9,"Nonmetro - Urban population of fewer than 5,000, not adjacent to a metro area"
40151,Woods County,8624,7,"Nonmetro - Urban population of 5,000 to 20,000, not adjacent to a metro area"
40153,Woodward County,20470,7,"Nonmetro - Urban population of 5,000 to 20,000, not adjacent to a metro area"
41001,Baker County,16668,7,"Nonmetro - Urban population of 5,000 to 20,000, not adjacent to a metro area"
41003,Benton County,95184,3,"Metro - Counties in metro areas of fewer than 250,000 population"
41005,Clackamas County,421401,1,Metro - Counties in metro areas of 1 million population or more
41007,Clatsop County,41072,4,"Nonmetro - Urban population of 20,000 or more, adjacent to a metro area"
41009,Columbia County,52589,1,Metro - Counties in metro areas of 1 million population or more
41011,Coos County,64929,5,"Nonmetro - Urban population of 20,000 or more, not adjacent to a metro area"
41013,Crook County,24738,3,"Metro - Counties in metro areas of fewer than 250,000 population"
41015,Curry County,23446,7,"Nonmetro - Urban population of 5,000 to 20,000, not adjacent to a metro area"
41017,Deschutes County,198253,3,"Metro - Counties in metro areas of fewer than 250,000 population"
41019,Douglas County,111201,4,"Nonmetro - Urban population of 20,000 or more, adjacent to a metro area"
41021,Gilliam County,1995,9,"Nonmetro - Urban population of fewer than 5,000, not adjacent to a metro area"
41023,Grant County,7233,9,"Nonmetro - Urban population of fewer than 5,000, not adjacent to a metro area"
41025,Harney County,7495,9,"Nonmetro - Urban population of fewer than 5,000, not adjacent to a metro area"
41027,Hood River County,23977,6,"Nonmetro - Urban population of 5,000 to 20,000, adjacent to a metro area"
41029,Jackson County,223259,3,"Metro - Counties in metro areas of fewer than 250,000 population"
41031,Jefferson County,24502,3,"Metro - Counties in metro areas of fewer than 250,000 population"
41033,Josephine County,88090,3,"Metro - Counties in metro areas of fewer than 250,000 population"
41035,Klamath County,69413,5,"Nonmetro - Urban population of 20,000 or more, not adjacent to a metro area"
41037,Lake County,8160,9,"Nonmetro - Urban population of fewer than 5,000, not adjacent to a metro area"
41039,Lane County,382971,2,"Metro - Counties in metro areas of 250,000 to 1 million population"
41041,Lincoln County,50395,5,"Nonmetro - Urban population of 20,000 or more, not adjacent to a metro area"
41043,Linn County,128610,3,"Metro - Counties in metro areas of fewer than 250,000 population"
41045,Malheur County,31571,6,"Nonmetro - Urban population of 5,000 to 20,000, adjacent to a metro area"
41047,Marion County,345920,2,"Metro - Counties in metro areas of 250,000 to 1 million population"
41049,Morrow County,12186,8,"Nonmetro - Urban population of fewer than 5,000, adjacent to a metro area"
41051,Multnomah County,815428,1,Metro - Counties in metro areas of 1 million population or more
41053,Polk County,87433,2,"Metro - Counties in metro areas of 250,000 to 1 million population"
41055,Sherman County,1870,9,"Nonmetro - Urban population of fewer than 5,000, not adjacent to a metro area"
41057,Tillamook County,27390,7,"Nonmetro - Urban population of 5,000 to 20,000, not adjacent to a metro area"
41059,Umatilla County,80075,4,"Nonmetro - Urban population of 20,000 or more, adjacent to a metro area"
41061,Union County,26196,7,"Nonmetro - Urban population of 5,000 to 20,000, not adjacent to a metro area"
41063,Wallowa County,7391,9,"Nonmetro - Urban population of fewer than 5,000, not adjacent to a metro area"
41065,Wasco County,26670,7,"Nonmetro - Urban population of 5,000 to 20,000, not adjacent to a metro area"
41067,Washington County,600372,1,Metro - Counties in metro areas of 1 million population or more
41069,Wheeler County,1451,9,"Nonmetro - Urban population of fewer than 5,000, not adjacent to a metro area"
41071,Yamhill County,107722,1,Metro - Counties in metro areas of 1 million population or more
42001,Adams County,103852,3,"Metro - Counties in metro areas of fewer than 250,000 population"
42003,Allegheny County,1250578,1,Metro - Counties in metro areas of 1 million population or more
42005,Armstrong County,65558,1,Metro - Counties in metro areas of 1 million population or more
42007,Beaver County,168215,1,Metro - Counties in metro areas of 1 million population or more
42009,Bedford County,47577,8,"Nonmetro - Urban population of fewer than 5,000, adjacent to a metro area"
42011,Berks County,428849,2,"Metro - Counties in metro areas of 250,000 to 1 million population"
42013,Blair County,122822,3,"Metro - Counties in metro areas of fewer than 250,000 population"
42015,Bradford County,59967,6,"Nonmetro - Urban population of 5,000 to 20,000, adjacent to a metro area"
42017,Bucks County,646538,1,Metro - Counties in metro areas of 1 million population or more
42019,Butler County,193763,1,Metro - Counties in metro areas of 1 million population or more
42021,Cambria County,133472,3,"Metro - Counties in metro areas of fewer than 250,000 population"
42023,Cameron County,4547,9,"Nonmetro - Urban population of fewer than 5,000, not adjacent to a metro area"
42025,Carbon County,64749,2,"Metro - Counties in metro areas of 250,000 to 1 million population"
42027,Centre County,158172,3,"Metro - Counties in metro areas of fewer than 250,000 population"
42029,Chester County,534413,1,Metro - Counties in metro areas of 1 million population or more
42031,Clarion County,37241,6,"Nonmetro - Urban population of 5,000 to 20,000, adjacent to a metro area"
42033,Clearfield County,80562,4,"Nonmetro - Urban population of 20,000 or more, adjacent to a metro area"
42035,Clinton County,37450,6,"Nonmetro - Urban population of 5,000 to 20,000, adjacent to a metro area"
42037,Columbia County,64727,4,"Nonmetro - Urban population of 20,000 or more, adjacent to a metro area"
42039,Crawford County,83938,4,"Nonmetro - Urban population of 20,000 or more, adjacent to a metro area"
42041,Cumberland County,259469,2,"Metro - Counties in metro areas of 250,000 to 1 million population"
42043,Dauphin County,286401,2,"Metro - Counties in metro areas of 250,000 to 1 million population"
42045,Delaware County,576830,1,Metro - Counties in metro areas of 1 million population or more
42047,Elk County,30990,7,"Nonmetro - Urban population of 5,000 to 20,000, not adjacent to a metro area"
42049,Erie County,270876,2,"Metro - Counties in metro areas of 250,000 to 1 million population"
42051,Fayette County,128804,1,Metro - Counties in metro areas of 1 million population or more
42053,Forest County,6973,9,"Nonmetro - Urban population of fewer than 5,000, not adjacent to a metro area"
42055,Franklin County,155932,3,"Metro - Counties in metro areas of fewer than 250,000 population"
42057,Fulton County,14556,8,"Nonmetro - Urban population of fewer than 5,000, adjacent to a metro area"
42059,Greene County,35954,6,"Nonmetro - Urban population of 5,000 to 20,000, adjacent to a metro area"
42061,Huntingdon County,44092,6,"Nonmetro - Urban population of 5,000 to 20,000, adjacent to a metro area"
42063,Indiana County,83246,4,"Nonmetro - Urban population of 20,000 or more, adjacent to a metro area"
42065,Jefferson County,44492,7,"Nonmetro - Urban population of 5,000 to 20,000, not adjacent to a metro area"
42067,Juniata County,23509,8,"Nonmetro - Urban population of fewer than 5,000, adjacent to a metro area"
42069,Lackawanna County,215896,2,"Metro - Counties in metro areas of 250,000 to 1 million population"
42071,Lancaster County,552984,2,"Metro - Counties in metro areas of 250,000 to 1 million population"
42073,Lawrence County,86070,1,Metro - Counties in metro areas of 1 million population or more
42075,Lebanon County,143257,3,"Metro - Counties in metro areas of fewer than 250,000 population"
42077,Lehigh County,374557,2,"Metro - Counties in metro areas of 250,000 to 1 million population"
42079,Luzerne County,325594,2,"Metro - Counties in metro areas of 250,000 to 1 million population"
42081,Lycoming County,114188,3,"Metro - Counties in metro areas of fewer than 250,000 population"
42083,McKean County,40432,7,"Nonmetro - Urban population of 5,000 to 20,000, not adjacent to a metro area"
42085,Mercer County,110652,4,"Nonmetro - Urban population of 20,000 or more, adjacent to a metro area"
42087,Mifflin County,46143,4,"Nonmetro - Urban population of 20,000 or more, adjacent to a metro area"
42089,Monroe County,168327,4,"Nonmetro - Urban population of 20,000 or more, adjacent to a metro area"
42091,Montgomery County,856553,1,Metro - Counties in metro areas of 1 million population or more
42093,Montour County,18136,6,"Nonmetro - Urban population of 5,000 to 20,000, adjacent to a metro area"
42095,Northampton County,312951,2,"Metro - Counties in metro areas of 250,000 to 1 million population"
42097,Northumberland County,91647,4,"Nonmetro - Urban population of 20,000 or more, adjacent to a metro area"
42099,Perry County,45842,2,"Metro - Counties in metro areas of 250,000 to 1 million population"
42101,Philadelphia County,1603797,1,Metro - Counties in metro areas of 1 million population or more
42103,Pike County,58535,6,"Nonmetro - Urban population of 5,000 to 20,000, adjacent to a metro area"
42105,Potter County,16396,9,"Nonmetro - Urban population of fewer than 5,000, not adjacent to a metro area"
42107,Schuylkill County,143049,4,"Nonmetro - Urban population of 20,000 or more, adjacent to a metro area"
42109,Snyder County,39736,7,"Nonmetro - Urban population of 5,000 to 20,000, not adjacent to a metro area"
42111,Somerset County,74129,6,"Nonmetro - Urban population of 5,000 to 20,000, adjacent to a metro area"
42113,Sullivan County,5840,8,"Nonmetro - Urban population of fewer than 5,000, adjacent to a metro area"
42115,Susquehanna County,38434,8,"Nonmetro - Urban population of fewer than 5,000, adjacent to a metro area"
42117,Tioga County,41045,8,"Nonmetro - Urban population of fewer than 5,000, adjacent to a metro area"
42119,Union County,42681,6,"Nonmetro - Urban population of 5,000 to 20,000, adjacent to a metro area"
42121,Venango County,50454,4,"Nonmetro - Urban population of 20,000 or more, adjacent to a metro area"
42123,Warren County,38587,6,"Nonmetro - Urban population of 5,000 to 20,000, adjacent to a metro area"
42125,Washington County,209349,1,Metro - Counties in metro areas of 1 million population or more
42127,Wayne County,51155,6,"Nonmetro - Urban population of 5,000 to 20,000, adjacent to a metro area"
42129,Westmoreland County,354663,1,Metro - Counties in metro areas of 1 million population or more
42131,Wyoming County,26069,2,"Metro - Counties in metro areas of 250,000 to 1 million population"
42133,York County,456438,2,"Metro - Counties in metro areas of 250,000 to 1 million population"
44001,Bristol County,50793,1,Metro - Counties in metro areas of 1 million population or more
44003,Kent County,170363,1,Metro - Counties in metro areas of 1 million population or more
44005,Newport County,85643,1,Metro - Counties in metro areas of 1 million population or more
44007,Providence County,660741,1,Metro - Counties in metro areas of 1 million population or more
44009,Washington County,129839,1,Metro - Counties in metro areas of 1 million population or more
45001,Abbeville County,24295,6,"Nonmetro - Urban population of 5,000 to 20,000, adjacent to a metro area"
45003,Aiken County,168808,2,"Metro - Counties in metro areas of 250,000 to 1 million population"
45005,Allendale County,8039,8,"Nonmetro - Urban population of fewer than 5,000, adjacent to a metro area"
45007,Anderson County,203718,2,"Metro - Counties in metro areas of 250,000 to 1 million population"
45009,Bamberg County,13311,9,"Nonmetro - Urban population of fewer than 5,000, not adjacent to a metro area"
45011,Barnwell County,20589,8,"Nonmetro - Urban population of fewer than 5,000, adjacent to a metro area"
45013,Beaufort County,187117,3,"Metro - Counties in metro areas of fewer than 250,000 population"
45015,Berkeley County,229861,2,"Metro - Counties in metro areas of 250,000 to 1 million population"
45017,Calhoun County,14119,2,"Metro - Counties in metro areas of 250,000 to 1 million population"
45019,Charleston County,408235,2,"Metro - Counties in metro areas of 250,000 to 1 million population"
45021,Cherokee County,56216,6,"Nonmetro - Urban population of 5,000 to 20,000, adjacent to a metro area"
45023,Chester County,32294,1,Metro - Counties in metro areas of 1 million population or more
45025,Chesterfield County,43273,6,"Nonmetro - Urban population of 5,000 to 20,000, adjacent to a metro area"
45027,Clarendon County,31144,8,"Nonmetro - Urban population of fewer than 5,000, adjacent to a metro area"
45029,Colleton County,38604,6,"Nonmetro - Urban population of 5,000 to 20,000, adjacent to a metro area"
45031,Darlington County,62905,3,"Metro - Counties in metro areas of fewer than 250,000 population"
45033,Dillon County,28292,6,"Nonmetro - Urban population of 5,000 to 20,000, adjacent to a metro area"
45035,Dorchester County,161540,2,"Metro - Counties in metro areas of 250,000 to 1 million population"
45037,Edgefield County,25657,2,"Metro - Counties in metro areas of 250,000 to 1 million population"
45039,Fairfield County,20948,2,"Metro - Counties in metro areas of 250,000 to 1 million population"
45041,Florence County,137059,3,"Metro - Counties in metro areas of fewer than 250,000 population"
45043,Georgetown County,63404,4,"Nonmetro - Urban population of 20,000 or more, adjacent to a metro area"
45045,Greenville County,525534,2,"Metro - Counties in metro areas of 250,000 to 1 million population"
45047,Greenwood County,69351,4,"Nonmetro - Urban population of 20,000 or more, adjacent to a metro area"
45049,Hampton County,18561,8,"Nonmetro - Urban population of fewer than 5,000, adjacent to a metro area"
45051,Horry County,351029,2,"Metro - Counties in metro areas of 250,000 to 1 million population"
45053,Jasper County,28791,3,"Metro - Counties in metro areas of fewer than 250,000 population"
45055,Kershaw County,65403,2,"Metro - Counties in metro areas of 250,000 to 1 million population"
45057,Lancaster County,96016,1,Metro - Counties in metro areas of 1 million population or more
45059,Laurens County,67539,2,"Metro - Counties in metro areas of 250,000 to 1 million population"
45061,Lee County,16531,8,"Nonmetro - Urban population of fewer than 5,000, adjacent to a metro area"
45063,Lexington County,293991,2,"Metro - Counties in metro areas of 250,000 to 1 million population"
45065,McCormick County,9526,8,"Nonmetro - Urban population of fewer than 5,000, adjacent to a metro area"
45067,Marion County,29183,6,"Nonmetro - Urban population of 5,000 to 20,000, adjacent to a metro area"
45069,Marlboro County,26667,6,"Nonmetro - Urban population of 5,000 to 20,000, adjacent to a metro area"
45071,Newberry County,37719,6,"Nonmetro - Urban population of 5,000 to 20,000, adjacent to a metro area"
45073,Oconee County,78607,4,"Nonmetro - Urban population of 20,000 or more, adjacent to a metro area"
45075,Orangeburg County,84223,4,"Nonmetro - Urban population of 20,000 or more, adjacent to a metro area"
45077,Pickens County,131404,2,"Metro - Counties in metro areas of 250,000 to 1 million population"
45079,Richland County,416147,2,"Metro - Counties in metro areas of 250,000 to 1 million population"
45081,Saluda County,18862,2,"Metro - Counties in metro areas of 250,000 to 1 million population"
45083,Spartanburg County,327997,2,"Metro - Counties in metro areas of 250,000 to 1 million population"
45085,Sumter County,105556,3,"Metro - Counties in metro areas of fewer than 250,000 population"
45087,Union County,27244,2,"Metro - Counties in metro areas of 250,000 to 1 million population"
45089,Williamsburg County,31026,6,"Nonmetro - Urban population of 5,000 to 20,000, adjacent to a metro area"
45091,York County,282090,1,Metro - Counties in metro areas of 1 million population or more
46003,Aurora County,2747,9,"Nonmetro - Urban population of fewer than 5,000, not adjacent to a metro area"
46005,Beadle County,19149,7,"Nonmetro - Urban population of 5,000 to 20,000, not adjacent to a metro area"
46007,Bennett County,3381,9,"Nonmetro - Urban population of fewer than 5,000, not adjacent to a metro area"
46009,Bon Homme County,7003,9,"Nonmetro - Urban population of fewer than 5,000, not adjacent to a metro area"
46011,Brookings County,34375,5,"Nonmetro - Urban population of 20,000 or more, not adjacent to a metro area"
46013,Brown County,38301,5,"Nonmetro - Urban population of 20,000 or more, not adjacent to a metro area"
46015,Brule County,5247,9,"Nonmetro - Urban population of fewer than 5,000, not adjacent to a metro area"
46017,Buffalo County,1948,9,"Nonmetro - Urban population of fewer than 5,000, not adjacent to a metro area"
46019,Butte County,10243,7,"Nonmetro - Urban population of 5,000 to 20,000, not adjacent to a metro area"
46021,Campbell County,1377,9,"Nonmetro - Urban population of fewer than 5,000, not adjacent to a metro area"
46023,Charles Mix County,9373,9,"Nonmetro - Urban population of fewer than 5,000, not adjacent to a metro area"
46025,Clark County,3837,9,"Nonmetro - Urban population of fewer than 5,000, not adjacent to a metro area"
46027,Clay County,14967,6,"Nonmetro - Urban population of 5,000 to 20,000, adjacent to a metro area"
46029,Codington County,28325,5,"Nonmetro - Urban population of 20,000 or more, not adjacent to a metro area"
46031,Corson County,3902,9,"Nonmetro - Urban population of fewer than 5,000, not adjacent to a metro area"
46033,Custer County,8318,3,"Metro - Counties in metro areas of fewer than 250,000 population"
46035,Davison County,19956,7,"Nonmetro - Urban population of 5,000 to 20,000, not adjacent to a metro area"
46037,Day County,5449,9,"Nonmetro - Urban population of fewer than 5,000, not adjacent to a metro area"
46039,Deuel County,4295,9,"Nonmetro - Urban population of fewer than 5,000, not adjacent to a metro area"
46041,Dewey County,5239,9,"Nonmetro - Urban population of fewer than 5,000, not adjacent to a metro area"
46043,Douglas County,2835,9,"Nonmetro - Urban population of fewer than 5,000, not adjacent to a metro area"
46045,Edmunds County,3986,9,"Nonmetro - Urban population of fewer than 5,000, not adjacent to a metro area"
46047,Fall River County,6973,9,"Nonmetro - Urban population of fewer than 5,000, not adjacent to a metro area"
46049,Faulk County,2125,9,"Nonmetro - Urban population of fewer than 5,000, not adjacent to a metro area"
46051,Grant County,7556,9,"Nonmetro - Urban population of fewer than 5,000, not adjacent to a metro area"
46053,Gregory County,3994,9,"Nonmetro - Urban population of fewer than 5,000, not adjacent to a metro area"
46055,Haakon County,1872,9,"Nonmetro - Urban population of fewer than 5,000, not adjacent to a metro area"
46057,Hamlin County,6164,9,"Nonmetro - Urban population of fewer than 5,000, not adjacent to a metro area"
46059,Hand County,3145,9,"Nonmetro - Urban population of fewer than 5,000, not adjacent to a metro area"
46061,Hanson County,3461,8,"Nonmetro - Urban population of fewer than 5,000, adjacent to a metro area"
46063,Harding County,1311,9,"Nonmetro - Urban population of fewer than 5,000, not adjacent to a metro area"
46065,Hughes County,17765,7,"Nonmetro - Urban population of 5,000 to 20,000, not adjacent to a metro area"
46067,Hutchinson County,7427,8,"Nonmetro - Urban population of fewer than 5,000, adjacent to a metro area"
46069,Hyde County,1262,9,"Nonmetro - Urban population of fewer than 5,000, not adjacent to a metro area"
46071,Jackson County,2806,9,"Nonmetro - Urban population of fewer than 5,000, not adjacent to a metro area"
46073,Jerauld County,1663,9,"Nonmetro - Urban population of fewer than 5,000, not adjacent to a metro area"
46075,Jones County,917,9,"Nonmetro - Urban population of fewer than 5,000, not adjacent to a metro area"
46077,Kingsbury County,5187,9,"Nonmetro - Urban population of fewer than 5,000, not adjacent to a metro area"
46079,Lake County,11059,6,"Nonmetro - Urban population of 5,000 to 20,000, adjacent to a metro area"
46081,Lawrence County,25768,6,"Nonmetro - Urban population of 5,000 to 20,000, adjacent to a metro area"
46083,Lincoln County,65161,2,"Metro - Counties in metro areas of 250,000 to 1 million population"
46085,Lyman County,3718,9,"Nonmetro - Urban population of fewer than 5,000, not adjacent to a metro area"
46087,McCook County,5682,2,"Metro - Counties in metro areas of 250,000 to 1 million population"
46089,McPherson County,2411,9,"Nonmetro - Urban population of fewer than 5,000, not adjacent to a metro area"
46091,Marshall County,4306,9,"Nonmetro - Urban population of fewer than 5,000, not adjacent to a metro area"
46093,Meade County,29852,3,"Metro - Counties in metro areas of fewer than 250,000 population"
46095,Mellette County,1918,9,"Nonmetro - Urban population of fewer than 5,000, not adjacent to a metro area"
46097,Miner County,2298,8,"Nonmetro - Urban population of fewer than 5,000, adjacent to a metro area"
46099,Minnehaha County,197214,2,"Metro - Counties in metro areas of 250,000 to 1 million population"
46101,Moody County,6336,8,"Nonmetro - Urban population of fewer than 5,000, adjacent to a metro area"
46102,Oglala Lakota County,13672,9,"Nonmetro - Urban population of fewer than 5,000, not adjacent to a metro area"
46103,Pennington County,109222,3,"Metro - Counties in metro areas of fewer than 250,000 population"
46105,Perkins County,2835,9,"Nonmetro - Urban population of fewer than 5,000, not adjacent to a metro area"
46107,Potter County,2472,9,"Nonmetro - Urban population of fewer than 5,000, not adjacent to a metro area"
46109,Roberts County,10280,9,"Nonmetro - Urban population of fewer than 5,000, not adjacent to a metro area"
46111,Sanborn County,2330,9,"Nonmetro - Urban population of fewer than 5,000, not adjacent to a metro area"
46115,Spink County,6361,9,"Nonmetro - Urban population of fewer than 5,000, not adjacent to a metro area"
46117,Stanley County,2980,9,"Nonmetro - Urban population of fewer than 5,000, not adjacent to a metro area"
46119,Sully County,1446,9,"Nonmetro - Urban population of fewer than 5,000, not adjacent to a metro area"
46121,Todd County,9319,9,"Nonmetro - Urban population of fewer than 5,000, not adjacent to a metro area"
46123,Tripp County,5624,9,"Nonmetro - Urban population of fewer than 5,000, not adjacent to a metro area"
46125,Turner County,8673,2,"Metro - Counties in metro areas of 250,000 to 1 million population"
46127,Union County,16811,3,"Metro - Counties in metro areas of fewer than 250,000 population"
46129,Walworth County,5315,9,"Nonmetro - Urban population of fewer than 5,000, not adjacent to a metro area"
46135,Yankton County,23310,7,"Nonmetro - Urban population of 5,000 to 20,000, not adjacent to a metro area"
46137,Ziebach County,2413,9,"Nonmetro - Urban population of fewer than 5,000, not adjacent to a metro area"
47001,Anderson County,77123,2,"Metro - Counties in metro areas of 250,000 to 1 million population"
47003,Bedford County,50237,4,"Nonmetro - Urban population of 20,000 or more, adjacent to a metro area"
47005,Benton County,15864,9,"Nonmetro - Urban population of fewer than 5,000, not adjacent to a metro area"
47007,Bledsoe County,14913,8,"Nonmetro - Urban population of fewer than 5,000, adjacent to a metro area"
47009,Blount County,135280,2,"Metro - Counties in metro areas of 250,000 to 1 million population"
47011,Bradley County,108620,3,"Metro - Counties in metro areas of fewer than 250,000 population"
47013,Campbell County,39272,2,"Metro - Counties in metro areas of 250,000 to 1 million population"
47015,Cannon County,14506,1,Metro - Counties in metro areas of 1 million population or more
47017,Carroll County,28440,6,"Nonmetro - Urban population of 5,000 to 20,000, adjacent to a metro area"
47019,Carter County,56356,3,"Metro - Counties in metro areas of fewer than 250,000 population"
47021,Cheatham County,41072,1,Metro - Counties in metro areas of 1 million population or more
47023,Chester County,17341,3,"Metro - Counties in metro areas of fewer than 250,000 population"
47025,Claiborne County,32043,6,"Nonmetro - Urban population of 5,000 to 20,000, adjacent to a metro area"
47027,Clay County,7581,8,"Nonmetro - Urban population of fewer than 5,000, adjacent to a metro area"
47029,Cocke County,35999,6,"Nonmetro - Urban population of 5,000 to 20,000, adjacent to a metro area"
47031,Coffee County,57889,4,"Nonmetro - Urban population of 20,000 or more, adjacent to a metro area"
47033,Crockett County,13911,3,"Metro - Counties in metro areas of fewer than 250,000 population"
47035,Cumberland County,61145,4,"Nonmetro - Urban population of 20,000 or more, adjacent to a metro area"
47037,Davidson County,715884,1,Metro - Counties in metro areas of 1 million population or more
47039,Decatur County,11435,9,"Nonmetro - Urban population of fewer than 5,000, not adjacent to a metro area"
47041,DeKalb County,20080,8,"Nonmetro - Urban population of fewer than 5,000, adjacent to a metro area"
47043,Dickson County,54315,1,Metro - Counties in metro areas of 1 million population or more
47045,Dyer County,36801,6,"Nonmetro - Urban population of 5,000 to 20,000, adjacent to a metro area"
47047,Fayette County,41990,1,Metro - Counties in metro areas of 1 million population or more
47049,Fentress County,18489,8,"Nonmetro - Urban population of fewer than 5,000, adjacent to a metro area"
47051,Franklin County,42774,7,"Nonmetro - Urban population of 5,000 to 20,000, not adjacent to a metro area"
47053,Gibson County,50429,3,"Metro - Counties in metro areas of fewer than 250,000 population"
47055,Giles County,30346,6,"Nonmetro - Urban population of 5,000 to 20,000, adjacent to a metro area"
47057,Grainger County,23527,2,"Metro - Counties in metro areas of 250,000 to 1 million population"
47059,Greene County,70152,4,"Nonmetro - Urban population of 20,000 or more, adjacent to a metro area"
47061,Grundy County,13529,8,"Nonmetro - Urban population of fewer than 5,000, adjacent to a metro area"
47063,Hamblen County,64499,3,"Metro - Counties in metro areas of fewer than 250,000 population"
47065,Hamilton County,366207,2,"Metro - Counties in metro areas of 250,000 to 1 million population"
47067,Hancock County,6662,8,"Nonmetro - Urban population of fewer than 5,000, adjacent to a metro area"
47069,Hardeman County,25462,6,"Nonmetro - Urban population of 5,000 to 20,000, adjacent to a metro area"
47071,Hardin County,26831,6,"Nonmetro - Urban population of 5,000 to 20,000, adjacent to a metro area"
47073,Hawkins County,56721,2,"Metro - Counties in metro areas of 250,000 to 1 million population"
47075,Haywood County,17864,6,"Nonmetro - Urban population of 5,000 to 20,000, adjacent to a metro area"
47077,Henderson County,27842,6,"Nonmetro - Urban population of 5,000 to 20,000, adjacent to a metro area"
47079,Henry County,32199,7,"Nonmetro - Urban population of 5,000 to 20,000, not adjacent to a metro area"
47081,Hickman County,24925,1,Metro - Counties in metro areas of 1 million population or more
47083,Houston County,8283,8,"Nonmetro - Urban population of fewer than 5,000, adjacent to a metro area"
47085,Humphreys County,18990,8,"Nonmetro - Urban population of fewer than 5,000, adjacent to a metro area"
47087,Jackson County,11617,8,"Nonmetro - Urban population of fewer than 5,000, adjacent to a metro area"
47089,Jefferson County,54683,3,"Metro - Counties in metro areas of fewer than 250,000 population"
47091,Johnson County,17948,8,"Nonmetro - Urban population of fewer than 5,000, adjacent to a metro area"
47093,Knox County,478971,2,"Metro - Counties in metro areas of 250,000 to 1 million population"
47095,Lake County,7005,9,"Nonmetro - Urban population of fewer than 5,000, not adjacent to a metro area"
47097,Lauderdale County,25143,6,"Nonmetro - Urban population of 5,000 to 20,000, adjacent to a metro area"
47099,Lawrence County,44159,6,"Nonmetro - Urban population of 5,000 to 20,000, adjacent to a metro area"
47101,Lewis County,12582,8,"Nonmetro - Urban population of fewer than 5,000, adjacent to a metro area"
47103,Lincoln County,35319,6,"Nonmetro - Urban population of 5,000 to 20,000, adjacent to a metro area"
47105,Loudon County,54886,2,"Metro - Counties in metro areas of 250,000 to 1 million population"
47107,McMinn County,53276,4,"Nonmetro - Urban population of 20,000 or more, adjacent to a metro area"
47109,McNairy County,25866,8,"Nonmetro - Urban population of fewer than 5,000, adjacent to a metro area"
47111,Macon County,25216,1,Metro - Counties in metro areas of 1 million population or more
47113,Madison County,98823,3,"Metro - Counties in metro areas of fewer than 250,000 population"
47115,Marion County,28837,2,"Metro - Counties in metro areas of 250,000 to 1 million population"
47117,Marshall County,34318,6,"Nonmetro - Urban population of 5,000 to 20,000, adjacent to a metro area"
47119,Maury County,100974,1,Metro - Counties in metro areas of 1 million population or more
47121,Meigs County,12758,8,"Nonmetro - Urban population of fewer than 5,000, adjacent to a metro area"
47123,Monroe County,46250,6,"Nonmetro - Urban population of 5,000 to 20,000, adjacent to a metro area"
47125,Montgomery County,220069,2,"Metro - Counties in metro areas of 250,000 to 1 million population"
47127,Moore County,6461,9,"Nonmetro - Urban population of fewer than 5,000, not adjacent to a metro area"
47129,Morgan County,21035,2,"Metro - Counties in metro areas of 250,000 to 1 million population"
47131,Obion County,30787,7,"Nonmetro - Urban population of 5,000 to 20,000, not adjacent to a metro area"
47133,Overton County,22511,9,"Nonmetro - Urban population of fewer than 5,000, not adjacent to a metro area"
47135,Perry County,8366,9,"Nonmetro - Urban population of fewer than 5,000, not adjacent to a metro area"
47137,Pickett County,5001,9,"Nonmetro - Urban population of fewer than 5,000, not adjacent to a metro area"
47139,Polk County,17544,3,"Metro - Counties in metro areas of fewer than 250,000 population"
47141,Putnam County,79854,4,"Nonmetro - Urban population of 20,000 or more, adjacent to a metro area"
47143,Rhea County,32870,6,"Nonmetro - Urban population of 5,000 to 20,000, adjacent to a metro area"
47145,Roane County,53404,2,"Metro - Counties in metro areas of 250,000 to 1 million population"
47147,Robertson County,72803,1,Metro - Counties in metro areas of 1 million population or more
47149,Rutherford County,341486,1,Metro - Counties in metro areas of 1 million population or more
47151,Scott County,21850,8,"Nonmetro - Urban population of fewer than 5,000, adjacent to a metro area"
47153,Sequatchie County,15826,2,"Metro - Counties in metro areas of 250,000 to 1 million population"
47155,Sevier County,98380,4,"Nonmetro - Urban population of 20,000 or more, adjacent to a metro area"
47157,Shelby County,929744,1,Metro - Counties in metro areas of 1 million population or more
47159,Smith County,19904,1,Metro - Counties in metro areas of 1 million population or more
47161,Stewart County,13657,2,"Metro - Counties in metro areas of 250,000 to 1 million population"
47163,Sullivan County,158163,2,"Metro - Counties in metro areas of 250,000 to 1 million population"
47165,Sumner County,196281,1,Metro - Counties in metro areas of 1 million population or more
47167,Tipton County,60970,1,Metro - Counties in metro areas of 1 million population or more
47169,Trousdale County,11615,1,Metro - Counties in metro areas of 1 million population or more
47171,Unicoi County,17928,3,"Metro - Counties in metro areas of fewer than 250,000 population"
47173,Union County,19802,2,"Metro - Counties in metro areas of 250,000 to 1 million population"
47175,Van Buren County,6168,9,"Nonmetro - Urban population of fewer than 5,000, not adjacent to a metro area"
47177,Warren County,40953,6,"Nonmetro - Urban population of 5,000 to 20,000, adjacent to a metro area"
47179,Washington County,133001,3,"Metro - Counties in metro areas of fewer than 250,000 population"
47181,Wayne County,16232,8,"Nonmetro - Urban population of fewer than 5,000, adjacent to a metro area"
47183,Weakley County,32902,6,"Nonmetro - Urban population of 5,000 to 20,000, adjacent to a metro area"
47185,White County,27351,7,"Nonmetro - Urban population of 5,000 to 20,000, not adjacent to a metro area"
47187,Williamson County,247726,1,Metro - Counties in metro areas of 1 million population or more
47189,Wilson County,147737,1,Metro - Counties in metro areas of 1 million population or more
48001,Anderson County,57922,7,"Nonmetro - Urban population of 5,000 to 20,000, not adjacent to a metro area"
48003,Andrews County,18610,6,"Nonmetro - Urban population of 5,000 to 20,000, adjacent to a metro area"
48005,Angelina County,86395,5,"Nonmetro - Urban population of 20,000 or more, not adjacent to a metro area"
48007,Aransas County,23830,2,"Metro - Counties in metro areas of 250,000 to 1 million population"
48009,Archer County,8560,3,"Metro - Counties in metro areas of fewer than 250,000 population"
48011,Armstrong County,1848,2,"Metro - Counties in metro areas of 250,000 to 1 million population"
48013,Atascosa County,48981,1,Metro - Counties in metro areas of 1 million population or more
48015,Austin County,30167,1,Metro - Counties in metro areas of 1 million population or more
48017,Bailey County,6904,6,"Nonmetro - Urban population of 5,000 to 20,000, adjacent to a metro area"
48019,Bandera County,20851,1,Metro - Counties in metro areas of 1 million population or more
48021,Bastrop County,97216,1,Metro - Counties in metro areas of 1 million population or more
48023,Baylor County,3465,9,"Nonmetro - Urban population of fewer than 5,000, not adjacent to a metro area"
48025,Bee County,31047,6,"Nonmetro - Urban population of 5,000 to 20,000, adjacent to a metro area"
48027,Bell County,370647,2,"Metro - Counties in metro areas of 250,000 to 1 million population"
48029,Bexar County,2009324,1,Metro - Counties in metro areas of 1 million population or more
48031,Blanco County,11374,8,"Nonmetro - Urban population of fewer than 5,000, adjacent to a metro area"
48033,Borden County,631,9,"Nonmetro - Urban population of fewer than 5,000, not adjacent to a metro area"
48035,Bosque County,18235,2,"Metro - Counties in metro areas of 250,000 to 1 million population"
48037,Bowie County,92893,3,"Metro - Counties in metro areas of fewer than 250,000 population"
48039,Brazoria County,372031,1,Metro - Counties in metro areas of 1 million population or more
48041,Brazos County,233849,2,"Metro - Counties in metro areas of 250,000 to 1 million population"
48043,Brewster County,9546,7,"Nonmetro - Urban population of 5,000 to 20,000, not adjacent to a metro area"
48045,Briscoe County,1435,8,"Nonmetro - Urban population of fewer than 5,000, adjacent to a metro area"
48047,Brooks County,7076,9,"Nonmetro - Urban population of fewer than 5,000, not adjacent to a metro area"
48049,Brown County,38095,5,"Nonmetro - Urban population of 20,000 or more, not adjacent to a metro area"
48051,Burleson County,17642,2,"Metro - Counties in metro areas of 250,000 to 1 million population"
48053,Burnet County,49130,6,"Nonmetro - Urban population of 5,000 to 20,000, adjacent to a metro area"
48055,Caldwell County,45883,1,Metro - Counties in metro areas of 1 million population or more
48057,Calhoun County,20106,6,"Nonmetro - Urban population of 5,000 to 20,000, adjacent to a metro area"
48059,Callahan County,13708,3,"Metro - Counties in metro areas of fewer than 250,000 population"
48061,Cameron County,421017,2,"Metro - Counties in metro areas of 250,000 to 1 million population"
48063,Camp County,12464,8,"Nonmetro - Urban population of fewer than 5,000, adjacent to a metro area"
48065,Carson County,5807,2,"Metro - Counties in metro areas of 250,000 to 1 million population"
48067,Cass County,28454,6,"Nonmetro - Urban population of 5,000 to 20,000, adjacent to a metro area"
48069,Castro County,7371,9,"Nonmetro - Urban population of fewer than 5,000, not adjacent to a metro area"
48071,Chambers County,46571,1,Metro - Counties in metro areas of 1 million population or more
48073,Cherokee County,50412,6,"Nonmetro - Urban population of 5,000 to 20,000, adjacent to a metro area"
48075,Childress County,6664,9,"Nonmetro - Urban population of fewer than 5,000, not adjacent to a metro area"
48077,Clay County,10218,3,"Metro - Counties in metro areas of fewer than 250,000 population"
48079,Cochran County,2547,2,"Metro - Counties in metro areas of 250,000 to 1 million population"
48081,Coke County,3285,8,"Nonmetro - Urban population of fewer than 5,000, adjacent to a metro area"
48083,Coleman County,7684,8,"Nonmetro - Urban population of fewer than 5,000, adjacent to a metro area"
48085,Collin County,1064465,1,Metro - Counties in metro areas of 1 million population or more
48087,Collingsworth County,2652,9,"Nonmetro - Urban population of fewer than 5,000, not adjacent to a metro area"
48089,Colorado County,20557,8,"Nonmetro - Urban population of fewer than 5,000, adjacent to a metro area"
48091,Comal County,161501,1,Metro - Counties in metro areas of 1 million population or more
48093,Comanche County,13594,9,"Nonmetro - Urban population of fewer than 5,000, not adjacent to a metro area"
48095,Concho County,3303,8,"Nonmetro - Urban population of fewer than 5,000, adjacent to a metro area"
48097,Cooke County,41668,6,"Nonmetro - Urban population of 5,000 to 20,000, adjacent to a metro area"
48099,Coryell County,83093,2,"Metro - Counties in metro areas of 250,000 to 1 million population"
48101,Cottle County,1380,9,"Nonmetro - Urban population of fewer than 5,000, not adjacent to a metro area"
48103,Crane County,4675,8,"Nonmetro - Urban population of fewer than 5,000, adjacent to a metro area"
48105,Crockett County,3098,8,"Nonmetro - Urban population of fewer than 5,000, adjacent to a metro area"
48107,Crosby County,5133,2,"Metro - Counties in metro areas of 250,000 to 1 million population"
48109,Culberson County,2188,9,"Nonmetro - Urban population of fewer than 5,000, not adjacent to a metro area"
48111,Dallam County,7115,7,"Nonmetro - Urban population of 5,000 to 20,000, not adjacent to a metro area"
48113,Dallas County,2613539,1,Metro - Counties in metro areas of 1 million population or more
48115,Dawson County,12456,6,"Nonmetro - Urban population of 5,000 to 20,000, adjacent to a metro area"
48117,Deaf Smith County,18583,6,"Nonmetro - Urban population of 5,000 to 20,000, adjacent to a metro area"
48119,Delta County,5230,8,"Nonmetro - Urban population of fewer than 5,000, adjacent to a metro area"
48121,Denton County,906422,1,Metro - Counties in metro areas of 1 million population or more
48123,DeWitt County,19824,6,"Nonmetro - Urban population of 5,000 to 20,000, adjacent to a metro area"
48125,Dickens County,1770,8,"Nonmetro - Urban population of fewer than 5,000, adjacent to a metro area"
48127,Dimmit County,8615,7,"Nonmetro - Urban population of 5,000 to 20,000, not adjacent to a metro area"
48129,Donley County,3258,8,"Nonmetro - Urban population of fewer than 5,000, adjacent to a metro area"
48131,Duval County,9831,9,"Nonmetro - Urban population of fewer than 5,000, not adjacent to a metro area"
48133,Eastland County,17725,8,"Nonmetro - Urban population of fewer than 5,000, adjacent to a metro area"
48135,Ector County,165171,3,"Metro - Counties in metro areas of fewer than 250,000 population"
48137,Edwards County,1422,9,"Nonmetro - Urban population of fewer than 5,000, not adjacent to a metro area"
48139,Ellis County,192455,1,Metro - Counties in metro areas of 1 million population or more
48141,El Paso County,865657,2,"Metro - Counties in metro areas of 250,000 to 1 million population"
48143,Erath County,42545,5,"Nonmetro - Urban population of 20,000 or more, not adjacent to a metro area"
48145,Falls County,16968,2,"Metro - Counties in metro areas of 250,000 to 1 million population"
48147,Fannin County,35662,6,"Nonmetro - Urban population of 5,000 to 20,000, adjacent to a metro area"
48149,Fayette County,24435,6,"Nonmetro - Urban population of 5,000 to 20,000, adjacent to a metro area"
48151,Fisher County,3672,8,"Nonmetro - Urban population of fewer than 5,000, adjacent to a metro area"
48153,Floyd County,5402,8,"Nonmetro - Urban population of fewer than 5,000, adjacent to a metro area"
48155,Foard County,1095,9,"Nonmetro - Urban population of fewer than 5,000, not adjacent to a metro area"
48157,Fort Bend County,822779,1,Metro - Counties in metro areas of 1 million population or more
48159,Franklin County,10359,9,"Nonmetro - Urban population of fewer than 5,000, not adjacent to a metro area"
48161,Freestone County,19435,9,"Nonmetro - Urban population of fewer than 5,000, not adjacent to a metro area"
48163,Frio County,18385,6,"Nonmetro - Urban population of 5,000 to 20,000, adjacent to a metro area"
48165,Gaines County,21598,6,"Nonmetro - Urban population of 5,000 to 20,000, adjacent to a metro area"
48167,Galveston County,350682,1,Metro - Counties in metro areas of 1 million population or more
48169,Garza County,5816,2,"Metro - Counties in metro areas of 250,000 to 1 million population"
48171,Gillespie County,26725,7,"Nonmetro - Urban population of 5,000 to 20,000, not adjacent to a metro area"
48173,Glasscock County,1116,8,"Nonmetro - Urban population of fewer than 5,000, adjacent to a metro area"
48175,Goliad County,7012,3,"Metro - Counties in metro areas of fewer than 250,000 population"
48177,Gonzales County,19653,6,"Nonmetro - Urban population of 5,000 to 20,000, adjacent to a metro area"
48179,Gray County,21227,6,"Nonmetro - Urban population of 5,000 to 20,000, adjacent to a metro area"
48181,Grayson County,135543,3,"Metro - Counties in metro areas of fewer than 250,000 population"
48183,Gregg County,124239,2,"Metro - Counties in metro areas of 250,000 to 1 million population"
48185,Grimes County,29268,6,"Nonmetro - Urban population of 5,000 to 20,000, adjacent to a metro area"
48187,Guadalupe County,172706,1,Metro - Counties in metro areas of 1 million population or more
48189,Hale County,32522,4,"Nonmetro - Urban population of 20,000 or more, adjacent to a metro area"
48191,Hall County,2825,9,"Nonmetro - Urban population of fewer than 5,000, not adjacent to a metro area"
48193,Hamilton County,8222,8,"Nonmetro - Urban population of fewer than 5,000, adjacent to a metro area"
48195,Hansford County,5285,9,"Nonmetro - Urban population of fewer than 5,000, not adjacent to a metro area"
48197,Hardeman County,3549,9,"Nonmetro - Urban population of fewer than 5,000, not adjacent to a metro area"
48199,Hardin County,56231,2,"Metro - Counties in metro areas of 250,000 to 1 million population"
48201,Harris County,4731145,1,Metro - Counties in metro areas of 1 million population or more
48203,Harrison County,68839,2,"Metro - Counties in metro areas of 250,000 to 1 million population"
48205,Hartley County,5382,9,"Nonmetro - Urban population of fewer than 5,000, not adjacent to a metro area"
48207,Haskell County,5416,8,"Nonmetro - Urban population of fewer than 5,000, adjacent to a metro area"
48209,Hays County,241067,1,Metro - Counties in metro areas of 1 million population or more
48211,Hemphill County,3382,9,"Nonmetro - Urban population of fewer than 5,000, not adjacent to a metro area"
48213,Henderson County,82150,4,"Nonmetro - Urban population of 20,000 or more, adjacent to a metro area"
48215,Hidalgo County,870781,2,"Metro - Counties in metro areas of 250,000 to 1 million population"
48217,Hill County,35874,6,"Nonmetro - Urban population of 5,000 to 20,000, adjacent to a metro area"
48219,Hockley County,21537,2,"Metro - Counties in metro areas of 250,000 to 1 million population"
48221,Hood County,61598,4,"Nonmetro - Urban population of 20,000 or more, adjacent to a metro area"
48223,Hopkins County,36787,6,"Nonmetro - Urban population of 5,000 to 20,000, adjacent to a metro area"
48225,Houston County,22066,7,"Nonmetro - Urban population of 5,000 to 20,000, not adjacent to a metro area"
48227,Howard County,34860,4,"Nonmetro - Urban population of 20,000 or more, adjacent to a metro area"
48229,Hudspeth County,3202,2,"Metro - Counties in metro areas of 250,000 to 1 million population"
48231,Hunt County,99956,1,Metro - Counties in metro areas of 1 million population or more
48233,Hutchinson County,20617,6,"Nonmetro - Urban population of 5,000 to 20,000, adjacent to a metro area"
48235,Irion County,1513,3,"Metro - Counties in metro areas of fewer than 250,000 population"
48237,Jack County,8472,8,"Nonmetro - Urban population of fewer than 5,000, adjacent to a metro area"
48239,Jackson County,14988,6,"Nonmetro - Urban population of 5,000 to 20,000, adjacent to a metro area"
48241,Jasper County,32980,6,"Nonmetro - Urban population of 5,000 to 20,000, adjacent to a metro area"
48243,Jeff Davis County,1996,9,"Nonmetro - Urban population of fewer than 5,000, not adjacent to a metro area"
48245,Jefferson County,256526,2,"Metro - Counties in metro areas of 250,000 to 1 million population"
48247,Jim Hogg County,4838,8,"Nonmetro - Urban population of fewer than 5,000, adjacent to a metro area"
48249,Jim Wells County,38891,6,"Nonmetro - Urban population of 5,000 to 20,000, adjacent to a metro area"
48251,Johnson County,179927,1,Metro - Counties in metro areas of 1 million population or more
48253,Jones County,19663,3,"Metro - Counties in metro areas of fewer than 250,000 population"
48255,Karnes County,14710,8,"Nonmetro - Urban population of fewer than 5,000, adjacent to a metro area"
48257,Kaufman County,145310,1,Metro - Counties in metro areas of 1 million population or more
48259,Kendall County,44279,1,Metro - Counties in metro areas of 1 million population or more
48261,Kenedy County,350,9,"Nonmetro - Urban population of fewer than 5,000, not adjacent to a metro area"
48263,Kent County,753,9,"Nonmetro - Urban population of fewer than 5,000, not adjacent to a metro area"
48265,Kerr County,52598,4,"Nonmetro - Urban population of 20,000 or more, adjacent to a metro area"
48267,Kimble County,4286,9,"Nonmetro - Urban population of fewer than 5,000, not adjacent to a metro area"
48269,King County,265,9,"Nonmetro - Urban population of fewer than 5,000, not adjacent to a metro area"
48271,Kinney County,3129,9,"Nonmetro - Urban population of fewer than 5,000, not adjacent to a metro area"
48273,Kleberg County,31040,4,"Nonmetro - Urban population of 20,000 or more, adjacent to a metro area"
48275,Knox County,3353,9,"Nonmetro - Urban population of fewer than 5,000, not adjacent to a metro area"
48277,Lamar County,50088,5,"Nonmetro - Urban population of 20,000 or more, not adjacent to a metro area"
48279,Lamb County,13045,6,"Nonmetro - Urban population of 5,000 to 20,000, adjacent to a metro area"
48281,Lampasas County,21627,2,"Metro - Counties in metro areas of 250,000 to 1 million population"
48283,La Salle County,6664,8,"Nonmetro - Urban population of fewer than 5,000, adjacent to a metro area"
48285,Lavaca County,20337,8,"Nonmetro - Urban population of fewer than 5,000, adjacent to a metro area"
48287,Lee County,17478,8,"Nonmetro - Urban population of fewer than 5,000, adjacent to a metro area"
48289,Leon County,15719,8,"Nonmetro - Urban population of fewer than 5,000, adjacent to a metro area"
48291,Liberty County,91628,1,Metro - Counties in metro areas of 1 million population or more
48293,Limestone County,22146,6,"Nonmetro - Urban population of 5,000 to 20,000, adjacent to a metro area"
48295,Lipscomb County,3059,9,"Nonmetro - Urban population of fewer than 5,000, not adjacent to a metro area"
48297,Live Oak County,11335,8,"Nonmetro - Urban population of fewer than 5,000, adjacent to a metro area"
48299,Llano County,21243,7,"Nonmetro - Urban population of 5,000 to 20,000, not adjacent to a metro area"
48301,Loving County,64,9,"Nonmetro - Urban population of fewer than 5,000, not adjacent to a metro area"
48303,Lubbock County,310639,2,"Metro - Counties in metro areas of 250,000 to 1 million population"
48305,Lynn County,5596,2,"Metro - Counties in metro areas of 250,000 to 1 million population"
48307,McCulloch County,7630,9,"Nonmetro - Urban population of fewer than 5,000, not adjacent to a metro area"
48309,McLennan County,260579,2,"Metro - Counties in metro areas of 250,000 to 1 million population"
48311,McMullen County,600,8,"Nonmetro - Urban population of fewer than 5,000, adjacent to a metro area"
48313,Madison County,13455,8,"Nonmetro - Urban population of fewer than 5,000, adjacent to a metro area"
48315,Marion County,9725,8,"Nonmetro - Urban population of fewer than 5,000, adjacent to a metro area"
48317,Martin County,5237,3,"Metro - Counties in metro areas of fewer than 250,000 population"
48319,Mason County,3953,9,"Nonmetro - Urban population of fewer than 5,000, not adjacent to a metro area"
48321,Matagorda County,36255,6,"Nonmetro - Urban population of 5,000 to 20,000, adjacent to a metro area"
48323,Maverick County,57887,3,"Metro - Counties in metro areas of fewer than 250,000 population"
48325,Medina County,50748,1,Metro - Counties in metro areas of 1 million population or more
48327,Menard County,1962,9,"Nonmetro - Urban population of fewer than 5,000, not adjacent to a metro area"
48329,Midland County,169983,3,"Metro - Counties in metro areas of fewer than 250,000 population"
48331,Milam County,24754,6,"Nonmetro - Urban population of 5,000 to 20,000, adjacent to a metro area"
48333,Mills County,4456,9,"Nonmetro - Urban population of fewer than 5,000, not adjacent to a metro area"
48335,Mitchell County,8990,7,"Nonmetro - Urban population of 5,000 to 20,000, not adjacent to a metro area"
48337,Montague County,19965,6,"Nonmetro - Urban population of 5,000 to 20,000, adjacent to a metro area"
48339,Montgomery County,620443,1,Metro - Counties in metro areas of 1 million population or more
48341,Moore County,21358,7,"Nonmetro - Urban population of 5,000 to 20,000, not adjacent to a metro area"
48343,Morris County,11973,8,"Nonmetro - Urban population of fewer than 5,000, adjacent to a metro area"
48345,Motley County,1063,8,"Nonmetro - Urban population of fewer than 5,000, adjacent to a metro area"
48347,Nacogdoches County,64653,5,"Nonmetro - Urban population of 20,000 or more, not adjacent to a metro area"
48349,Navarro County,52624,4,"Nonmetro - Urban population of 20,000 or more, adjacent to a metro area"
48351,Newton County,12217,8,"Nonmetro - Urban population of fewer than 5,000, adjacent to a metro area"
48353,Nolan County,14738,6,"Nonmetro - Urban population of 5,000 to 20,000, adjacent to a metro area"
48355,Nueces County,353178,2,"Metro - Counties in metro areas of 250,000 to 1 million population"
48357,Ochiltree County,10015,7,"Nonmetro - Urban population of 5,000 to 20,000, not adjacent to a metro area"
48359,Oldham County,1758,2,"Metro - Counties in metro areas of 250,000 to 1 million population"
48361,Orange County,84808,2,"Metro - Counties in metro areas of 250,000 to 1 million population"
48363,Palo Pinto County,28409,6,"Nonmetro - Urban population of 5,000 to 20,000, adjacent to a metro area"
48365,Panola County,22491,6,"Nonmetro - Urban population of 5,000 to 20,000, adjacent to a metro area"
48367,Parker County,148222,1,Metro - Counties in metro areas of 1 million population or more
48369,Parmer County,9869,9,"Nonmetro - Urban population of fewer than 5,000, not adjacent to a metro area"
48371,Pecos County,15193,7,"Nonmetro - Urban population of 5,000 to 20,000, not adjacent to a metro area"
48373,Polk County,50123,6,"Nonmetro - Urban population of 5,000 to 20,000, adjacent to a metro area"
48375,Potter County,118525,2,"Metro - Counties in metro areas of 250,000 to 1 million population"
48377,Presidio County,6131,9,"Nonmetro - Urban population of fewer than 5,000, not adjacent to a metro area"
48379,Rains County,12164,8,"Nonmetro - Urban population of fewer than 5,000, adjacent to a metro area"
48381,Randall County,140753,2,"Metro - Counties in metro areas of 250,000 to 1 million population"
48383,Reagan County,3385,8,"Nonmetro - Urban population of fewer than 5,000, adjacent to a metro area"
48385,Real County,2758,9,"Nonmetro - Urban population of fewer than 5,000, not adjacent to a metro area"
48387,Red River County,11587,8,"Nonmetro - Urban population of fewer than 5,000, adjacent to a metro area"
48389,Reeves County,14748,7,"Nonmetro - Urban population of 5,000 to 20,000, not adjacent to a metro area"
48391,Refugio County,6741,8,"Nonmetro - Urban population of fewer than 5,000, adjacent to a metro area"
48393,Roberts County,827,9,"Nonmetro - Urban population of fewer than 5,000, not adjacent to a metro area"
48395,Robertson County,16757,2,"Metro - Counties in metro areas of 250,000 to 1 million population"
48397,Rockwall County,107819,1,Metro - Counties in metro areas of 1 million population or more
48399,Runnels County,9900,8,"Nonmetro - Urban population of fewer than 5,000, adjacent to a metro area"
48401,Rusk County,52214,2,"Metro - Counties in metro areas of 250,000 to 1 million population"
48403,Sabine County,9894,9,"Nonmetro - Urban population of fewer than 5,000, not adjacent to a metro area"
48405,San Augustine County,7918,9,"Nonmetro - Urban population of fewer than 5,000, not adjacent to a metro area"
48407,San Jacinto County,27402,1,Metro - Counties in metro areas of 1 million population or more
48409,San Patricio County,68755,2,"Metro - Counties in metro areas of 250,000 to 1 million population"
48411,San Saba County,5730,9,"Nonmetro - Urban population of fewer than 5,000, not adjacent to a metro area"
48413,Schleicher County,2451,8,"Nonmetro - Urban population of fewer than 5,000, adjacent to a metro area"
48415,Scurry County,16932,7,"Nonmetro - Urban population of 5,000 to 20,000, not adjacent to a metro area"
48417,Shackelford County,3105,8,"Nonmetro - Urban population of fewer than 5,000, adjacent to a metro area"
48419,Shelby County,24022,7,"Nonmetro - Urban population of 5,000 to 20,000, not adjacent to a metro area"
48421,Sherman County,2782,9,"Nonmetro - Urban population of fewer than 5,000, not adjacent to a metro area"
48423,Smith County,233479,3,"Metro - Counties in metro areas of fewer than 250,000 population"
48425,Somervell County,9205,8,"Nonmetro - Urban population of fewer than 5,000, adjacent to a metro area"
48427,Starr County,65920,4,"Nonmetro - Urban population of 20,000 or more, adjacent to a metro area"
48429,Stephens County,9101,7,"Nonmetro - Urban population of 5,000 to 20,000, not adjacent to a metro area"
48431,Sterling County,1372,8,"Nonmetro - Urban population of fewer than 5,000, adjacent to a metro area"
48433,Stonewall County,1245,9,"Nonmetro - Urban population of fewer than 5,000, not adjacent to a metro area"
48435,Sutton County,3372,9,"Nonmetro - Urban population of fewer than 5,000, not adjacent to a metro area"
48437,Swisher County,6971,8,"Nonmetro - Urban population of fewer than 5,000, adjacent to a metro area"
48439,Tarrant County,2110640,1,Metro - Counties in metro areas of 1 million population or more
48441,Taylor County,143208,3,"Metro - Counties in metro areas of fewer than 250,000 population"
48443,Terrell County,760,9,"Nonmetro - Urban population of fewer than 5,000, not adjacent to a metro area"
48445,Terry County,11831,6,"Nonmetro - Urban population of 5,000 to 20,000, adjacent to a metro area"
48447,Throckmorton County,1440,9,"Nonmetro - Urban population of fewer than 5,000, not adjacent to a metro area"
48449,Titus County,31247,7,"Nonmetro - Urban population of 5,000 to 20,000, not adjacent to a metro area"
48451,Tom Green County,120003,3,"Metro - Counties in metro areas of fewer than 250,000 population"
48453,Travis County,1290188,1,Metro - Counties in metro areas of 1 million population or more
48455,Trinity County,13602,8,"Nonmetro - Urban population of fewer than 5,000, adjacent to a metro area"
48457,Tyler County,19798,8,"Nonmetro - Urban population of fewer than 5,000, adjacent to a metro area"
48459,Upshur County,40892,2,"Metro - Counties in metro areas of 250,000 to 1 million population"
48461,Upton County,3308,8,"Nonmetro - Urban population of fewer than 5,000, adjacent to a metro area"
48463,Uvalde County,24564,6,"Nonmetro - Urban population of 5,000 to 20,000, adjacent to a metro area"
48465,Val Verde County,47586,5,"Nonmetro - Urban population of 20,000 or more, not adjacent to a metro area"
48467,Van Zandt County,59541,8,"Nonmetro - Urban population of fewer than 5,000, adjacent to a metro area"
48469,Victoria County,91319,3,"Metro - Counties in metro areas of fewer than 250,000 population"
48471,Walker County,76400,4,"Nonmetro - Urban population of 20,000 or more, adjacent to a metro area"
48473,Waller County,56794,1,Metro - Counties in metro areas of 1 million population or more
48475,Ward County,11644,6,"Nonmetro - Urban population of 5,000 to 20,000, adjacent to a metro area"
48477,Washington County,35805,6,"Nonmetro - Urban population of 5,000 to 20,000, adjacent to a metro area"
48479,Webb County,267114,2,"Metro - Counties in metro areas of 250,000 to 1 million population"
48481,Wharton County,41570,4,"Nonmetro - Urban population of 20,000 or more, adjacent to a metro area"
48483,Wheeler County,4990,9,"Nonmetro - Urban population of fewer than 5,000, not adjacent to a metro area"
48485,Wichita County,129350,3,"Metro - Counties in metro areas of fewer than 250,000 population"
48487,Wilbarger County,12887,6,"Nonmetro - Urban population of 5,000 to 20,000, adjacent to a metro area"
48489,Willacy County,20164,6,"Nonmetro - Urban population of 5,000 to 20,000, adjacent to a metro area"
48491,Williamson County,609017,1,Metro - Counties in metro areas of 1 million population or more
48493,Wilson County,49753,1,Metro - Counties in metro areas of 1 million population or more
48495,Winkler County,7791,6,"Nonmetro - Urban population of 5,000 to 20,000, adjacent to a metro area"
48497,Wise County,68632,1,Metro - Counties in metro areas of 1 million population or more
48499,Wood County,44843,6,"Nonmetro - Urban population of 5,000 to 20,000, adjacent to a metro area"
48501,Yoakum County,7694,9,"Nonmetro - Urban population of fewer than 5,000, not adjacent to a metro area"
48503,Young County,17867,7,"Nonmetro - Urban population of 5,000 to 20,000, not adjacent to a metro area"
48505,Zapata County,13889,6,"Nonmetro - Urban population of 5,000 to 20,000, adjacent to a metro area"
48507,Zavala County,9670,7,"Nonmetro - Urban population of 5,000 to 20,000, not adjacent to a metro area"
49001,Beaver County,7072,9,"Nonmetro - Urban population of fewer than 5,000, not adjacent to a metro area"
49003,Box Elder County,57666,4,"Nonmetro - Urban population of 20,000 or more, adjacent to a metro area"
49005,Cache County,133154,3,"Metro - Counties in metro areas of fewer than 250,000 population"
49007,Carbon County,20412,7,"Nonmetro - Urban population of 5,000 to 20,000, not adjacent to a metro area"
49009,Daggett County,935,9,"Nonmetro - Urban population of fewer than 5,000, not adjacent to a metro area"
49011,Davis County,362679,2,"Metro - Counties in metro areas of 250,000 to 1 million population"
49013,Duchesne County,19596,7,"Nonmetro - Urban population of 5,000 to 20,000, not adjacent to a metro area"
49015,Emery County,9825,9,"Nonmetro - Urban population of fewer than 5,000, not adjacent to a metro area"
49017,Garfield County,5083,9,"Nonmetro - Urban population of fewer than 5,000, not adjacent to a metro area"
49019,Grand County,9669,7,"Nonmetro - Urban population of 5,000 to 20,000, not adjacent to a metro area"
49021,Iron County,57289,4,"Nonmetro - Urban population of 20,000 or more, adjacent to a metro area"
49023,Juab County,11786,2,"Metro - Counties in metro areas of 250,000 to 1 million population"
49025,Kane County,7667,8,"Nonmetro - Urban population of fewer than 5,000, adjacent to a metro area"
49027,Millard County,12975,9,"Nonmetro - Urban population of fewer than 5,000, not adjacent to a metro area"
49029,Morgan County,12295,2,"Metro - Counties in metro areas of 250,000 to 1 million population"
49031,Piute County,1438,9,"Nonmetro - Urban population of fewer than 5,000, not adjacent to a metro area"
49033,Rich County,2510,8,"Nonmetro - Urban population of fewer than 5,000, adjacent to a metro area"
49035,Salt Lake County,1185238,1,Metro - Counties in metro areas of 1 million population or more
49037,San Juan County,14518,9,"Nonmetro - Urban population of fewer than 5,000, not adjacent to a metro area"
49039,Sanpete County,28437,6,"Nonmetro - Urban population of 5,000 to 20,000, adjacent to a metro area"
49041,Sevier County,21522,7,"Nonmetro - Urban population of 5,000 to 20,000, not adjacent to a metro area"
49043,Summit County,42357,4,"Nonmetro - Urban population of 20,000 or more, adjacent to a metro area"
49045,Tooele County,72698,1,Metro - Counties in metro areas of 1 million population or more
49047,Uintah County,35620,7,"Nonmetro - Urban population of 5,000 to 20,000, not adjacent to a metro area"
49049,Utah County,659399,2,"Metro - Counties in metro areas of 250,000 to 1 million population"
49051,Wasatch County,34788,4,"Nonmetro - Urban population of 20,000 or more, adjacent to a metro area"
49053,Washington County,180279,3,"Metro - Counties in metro areas of fewer than 250,000 population"
49055,Wayne County,2486,9,"Nonmetro - Urban population of fewer than 5,000, not adjacent to a metro area"
49057,Weber County,262223,2,"Metro - Counties in metro areas of 250,000 to 1 million population"
50001,Addison County,37363,6,"Nonmetro - Urban population of 5,000 to 20,000, adjacent to a metro area"
50003,Bennington County,37347,6,"Nonmetro - Urban population of 5,000 to 20,000, adjacent to a metro area"
50005,Caledonia County,30233,9,"Nonmetro - Urban population of fewer than 5,000, not adjacent to a metro area"
50007,Chittenden County,168323,3,"Metro - Counties in metro areas of fewer than 250,000 population"
50009,Essex County,5920,9,"Nonmetro - Urban population of fewer than 5,000, not adjacent to a metro area"
50011,Franklin County,49946,3,"Metro - Counties in metro areas of fewer than 250,000 population"
50013,Grand Isle County,7293,3,"Metro - Counties in metro areas of fewer than 250,000 population"
50015,Lamoille County,25945,8,"Nonmetro - Urban population of fewer than 5,000, adjacent to a metro area"
50017,Orange County,29277,9,"Nonmetro - Urban population of fewer than 5,000, not adjacent to a metro area"
50019,Orleans County,27393,9,"Nonmetro - Urban population of fewer than 5,000, not adjacent to a metro area"
50021,Rutland County,60572,7,"Nonmetro - Urban population of 5,000 to 20,000, not adjacent to a metro area"
50023,Washington County,59807,4,"Nonmetro - Urban population of 20,000 or more, adjacent to a metro area"
50025,Windham County,45905,7,"Nonmetro - Urban population of 5,000 to 20,000, not adjacent to a metro area"
50027,Windsor County,57753,7,"Nonmetro - Urban population of 5,000 to 20,000, not adjacent to a metro area"
51001,Accomack County,33413,9,"Nonmetro - Urban population of fewer than 5,000, not adjacent to a metro area"
51003,Albemarle County,112395,3,"Metro - Counties in metro areas of fewer than 250,000 population"
51005,Alleghany County,15223,6,"Nonmetro - Urban population of 5,000 to 20,000, adjacent to a metro area"
51007,Amelia County,13265,1,Metro - Counties in metro areas of 1 million population or more
51009,Amherst County,31307,2,"Metro - Counties in metro areas of 250,000 to 1 million population"
51011,Appomattox County,16119,2,"Metro - Counties in metro areas of 250,000 to 1 million population"
51013,Arlington County,238643,1,Metro - Counties in metro areas of 1 million population or more
51015,Augusta County,77487,3,"Metro - Counties in metro areas of fewer than 250,000 population"
51017,Bath County,4209,9,"Nonmetro - Urban population of fewer than 5,000, not adjacent to a metro area"
51019,Bedford County,79462,2,"Metro - Counties in metro areas of 250,000 to 1 million population"
51021,Bland County,6270,8,"Nonmetro - Urban population of fewer than 5,000, adjacent to a metro area"
51023,Botetourt County,33596,2,"Metro - Counties in metro areas of 250,000 to 1 million population"
51025,Brunswick County,15849,8,"Nonmetro - Urban population of fewer than 5,000, adjacent to a metro area"
51027,Buchanan County,20355,9,"Nonmetro - Urban population of fewer than 5,000, not adjacent to a metro area"
51029,Buckingham County,16824,8,"Nonmetro - Urban population of fewer than 5,000, adjacent to a metro area"
51031,Campbell County,55696,2,"Metro - Counties in metro areas of 250,000 to 1 million population"
51033,Caroline County,30887,8,"Nonmetro - Urban population of fewer than 5,000, adjacent to a metro area"
51035,Carroll County,29155,6,"Nonmetro - Urban population of 5,000 to 20,000, adjacent to a metro area"
51036,Charles City County,6773,1,Metro - Counties in metro areas of 1 million population or more
51037,Charlotte County,11529,8,"Nonmetro - Urban population of fewer than 5,000, adjacent to a metro area"
51041,Chesterfield County,364548,1,Metro - Counties in metro areas of 1 million population or more
51043,Clarke County,14783,1,Metro - Counties in metro areas of 1 million population or more
51045,Craig County,4892,2,"Metro - Counties in metro areas of 250,000 to 1 million population"
51047,Culpeper County,52552,1,Metro - Counties in metro areas of 1 million population or more
51049,Cumberland County,9675,8,"Nonmetro - Urban population of fewer than 5,000, adjacent to a metro area"
51051,Dickenson County,14124,9,"Nonmetro - Urban population of fewer than 5,000, not adjacent to a metro area"
51053,Dinwiddie County,27947,1,Metro - Counties in metro areas of 1 million population or more
51057,Essex County,10599,8,"Nonmetro - Urban population of fewer than 5,000, adjacent to a metro area"
51059,Fairfax County,1150309,1,Metro - Counties in metro areas of 1 million population or more
51061,Fauquier County,72972,1,Metro - Counties in metro areas of 1 million population or more
51063,Floyd County,15476,3,"Metro - Counties in metro areas of fewer than 250,000 population"
51065,Fluvanna County,27249,3,"Metro - Counties in metro areas of fewer than 250,000 population"
51067,Franklin County,54477,2,"Metro - Counties in metro areas of 250,000 to 1 million population"
51069,Frederick County,91419,3,"Metro - Counties in metro areas of fewer than 250,000 population"
51071,Giles County,16787,3,"Metro - Counties in metro areas of fewer than 250,000 population"
51073,Gloucester County,38711,1,Metro - Counties in metro areas of 1 million population or more
51075,Goochland County,24727,1,Metro - Counties in metro areas of 1 million population or more
51077,Grayson County,15333,9,"Nonmetro - Urban population of fewer than 5,000, not adjacent to a metro area"
51079,Greene County,20552,3,"Metro - Counties in metro areas of fewer than 250,000 population"
51081,Greensville County,11391,6,"Nonmetro - Urban population of 5,000 to 20,000, adjacent to a metro area"
51083,Halifax County,34022,6,"Nonmetro - Urban population of 5,000 to 20,000, adjacent to a metro area"
51085,Hanover County,109979,1,Metro - Counties in metro areas of 1 million population or more
51087,Henrico County,334389,1,Metro - Counties in metro areas of 1 million population or more
51089,Henry County,50948,4,"Nonmetro - Urban population of 20,000 or more, adjacent to a metro area"
51091,Highland County,2232,8,"Nonmetro - Urban population of fewer than 5,000, adjacent to a metro area"
51093,Isle of Wight County,38606,1,Metro - Counties in metro areas of 1 million population or more
51095,James City County,78254,1,Metro - Counties in metro areas of 1 million population or more
51097,King and Queen County,6608,1,Metro - Counties in metro areas of 1 million population or more
51099,King George County,26723,8,"Nonmetro - Urban population of fewer than 5,000, adjacent to a metro area"
51101,King William County,17810,1,Metro - Counties in metro areas of 1 million population or more
51103,Lancaster County,10919,9,"Nonmetro - Urban population of fewer than 5,000, not adjacent to a metro area"
51105,Lee County,22173,8,"Nonmetro - Urban population of fewer than 5,000, adjacent to a metro area"
51107,Loudoun County,420959,1,Metro - Counties in metro areas of 1 million population or more
51109,Louisa County,37596,8,"Nonmetro - Urban population of fewer than 5,000, adjacent to a metro area"
51111,Lunenburg County,11936,9,"Nonmetro - Urban population of fewer than 5,000, not adjacent to a metro area"
51113,Madison County,13837,8,"Nonmetro - Urban population of fewer than 5,000, adjacent to a metro area"
51115,Mathews County,8533,1,Metro - Counties in metro areas of 1 million population or more
51117,Mecklenburg County,30319,7,"Nonmetro - Urban population of 5,000 to 20,000, not adjacent to a metro area"
51119,Middlesex County,10625,8,"Nonmetro - Urban population of fewer than 5,000, adjacent to a metro area"
51121,Montgomery County,99721,3,"Metro - Counties in metro areas of fewer than 250,000 population"
51125,Nelson County,14775,3,"Metro - Counties in metro areas of fewer than 250,000 population"
51127,New Kent County,22945,1,Metro - Counties in metro areas of 1 million population or more
51131,Northampton County,12282,8,"Nonmetro - Urban population of fewer than 5,000, adjacent to a metro area"
51133,Northumberland County,11839,9,"Nonmetro - Urban population of fewer than 5,000, not adjacent to a metro area"
51135,Nottoway County,15642,8,"Nonmetro - Urban population of fewer than 5,000, adjacent to a metro area"
51137,Orange County,36254,6,"Nonmetro - Urban population of 5,000 to 20,000, adjacent to a metro area"
51139,Page County,23709,8,"Nonmetro - Urban population of fewer than 5,000, adjacent to a metro area"
51141,Patrick County,17608,8,"Nonmetro - Urban population of fewer than 5,000, adjacent to a metro area"
51143,Pittsylvania County,60501,4,"Nonmetro - Urban population of 20,000 or more, adjacent to a metro area"
51145,Powhatan County,30333,1,Metro - Counties in metro areas of 1 million population or more
51147,Prince Edward County,21849,6,"Nonmetro - Urban population of 5,000 to 20,000, adjacent to a metro area"
51149,Prince George County,43010,1,Metro - Counties in metro areas of 1 million population or more
51153,Prince William County,482204,1,Metro - Counties in metro areas of 1 million population or more
51155,Pulaski County,33800,3,"Metro - Counties in metro areas of fewer than 250,000 population"
51157,Rappahannock County,7348,1,Metro - Counties in metro areas of 1 million population or more
51159,Richmond County,8923,9,"Nonmetro - Urban population of fewer than 5,000, not adjacent to a metro area"
51161,Roanoke County,96929,2,"Metro - Counties in metro areas of 250,000 to 1 million population"
51163,Rockbridge County,22650,6,"Nonmetro - Urban population of 5,000 to 20,000, adjacent to a metro area"
51165,Rockingham County,83757,3,"Metro - Counties in metro areas of fewer than 250,000 population"
51167,Russell County,25781,8,"Nonmetro - Urban population of fewer than 5,000, adjacent to a metro area"
51169,Scott County,21576,2,"Metro - Counties in metro areas of 250,000 to 1 million population"
51171,Shenandoah County,44186,6,"Nonmetro - Urban population of 5,000 to 20,000, adjacent to a metro area"
51173,Smyth County,29800,7,"Nonmetro - Urban population of 5,000 to 20,000, not adjacent to a metro area"
51175,Southampton County,17996,6,"Nonmetro - Urban population of 5,000 to 20,000, adjacent to a metro area"
51177,Spotsylvania County,140032,1,Metro - Counties in metro areas of 1 million population or more
51179,Stafford County,156927,1,Metro - Counties in metro areas of 1 million population or more
51181,Surry County,6561,1,Metro - Counties in metro areas of 1 million population or more
51183,Sussex County,10829,1,Metro - Counties in metro areas of 1 million population or more
51185,Tazewell County,40429,7,"Nonmetro - Urban population of 5,000 to 20,000, not adjacent to a metro area"
51187,Warren County,40727,1,Metro - Counties in metro areas of 1 million population or more
51191,Washington County,53935,2,"Metro - Counties in metro areas of 250,000 to 1 million population"
51193,Westmoreland County,18477,8,"Nonmetro - Urban population of fewer than 5,000, adjacent to a metro area"
51195,Wise County,36130,7,"Nonmetro - Urban population of 5,000 to 20,000, not adjacent to a metro area"
51197,Wythe County,28290,6,"Nonmetro - Urban population of 5,000 to 20,000, adjacent to a metro area"
51199,York County,70045,1,Metro - Counties in metro areas of 1 million population or more
51510,Alexandria city,159467,1,Metro - Counties in metro areas of 1 million population or more
51520,Bristol city,17219,2,"Metro - Counties in metro areas of 250,000 to 1 million population"
51530,Buena Vista city,6641,6,"Nonmetro - Urban population of 5,000 to 20,000, adjacent to a metro area"
51540,Charlottesville city,46553,3,"Metro - Counties in metro areas of fewer than 250,000 population"
51550,Chesapeake city,249422,1,Metro - Counties in metro areas of 1 million population or more
51570,Colonial Heights city,18170,1,Metro - Counties in metro areas of 1 million population or more
51580,Covington city,5737,6,"Nonmetro - Urban population of 5,000 to 20,000, adjacent to a metro area"
51590,Danville city,42590,4,"Nonmetro - Urban population of 20,000 or more, adjacent to a metro area"
51595,Emporia city,5766,6,"Nonmetro - Urban population of 5,000 to 20,000, adjacent to a metro area"
51600,Fairfax city,24146,1,Metro - Counties in metro areas of 1 million population or more
51610,Falls Church city,14658,1,Metro - Counties in metro areas of 1 million population or more
51620,Franklin city,8180,6,"Nonmetro - Urban population of 5,000 to 20,000, adjacent to a metro area"
51630,Fredericksburg city,27982,1,Metro - Counties in metro areas of 1 million population or more
51640,Galax city,6720,6,"Nonmetro - Urban population of 5,000 to 20,000, adjacent to a metro area"
51650,Hampton city,137148,1,Metro - Counties in metro areas of 1 million population or more
51660,Harrisonburg city,51814,3,"Metro - Counties in metro areas of fewer than 250,000 population"
51670,Hopewell city,23033,1,Metro - Counties in metro areas of 1 million population or more
51678,Lexington city,7320,6,"Nonmetro - Urban population of 5,000 to 20,000, adjacent to a metro area"
51680,Lynchburg city,79009,2,"Metro - Counties in metro areas of 250,000 to 1 million population"
51683,Manassas city,42772,1,Metro - Counties in metro areas of 1 million population or more
51685,Manassas Park city,17219,1,Metro - Counties in metro areas of 1 million population or more
51690,Martinsville city,13485,4,"Nonmetro - Urban population of 20,000 or more, adjacent to a metro area"
51700,Newport News city,186247,1,Metro - Counties in metro areas of 1 million population or more
51710,Norfolk city,238005,1,Metro - Counties in metro areas of 1 million population or more
51720,Norton city,3687,7,"Nonmetro - Urban population of 5,000 to 20,000, not adjacent to a metro area"
51730,Petersburg city,33458,1,Metro - Counties in metro areas of 1 million population or more
51735,Poquoson city,12460,1,Metro - Counties in metro areas of 1 million population or more
51740,Portsmouth city,97915,1,Metro - Counties in metro areas of 1 million population or more
51750,Radford city,16070,3,"Metro - Counties in metro areas of fewer than 250,000 population"
51760,Richmond city,226610,1,Metro - Counties in metro areas of 1 million population or more
51770,Roanoke city,100011,2,"Metro - Counties in metro areas of 250,000 to 1 million population"
51775,Salem city,25346,2,"Metro - Counties in metro areas of 250,000 to 1 million population"
51790,Staunton city,25750,3,"Metro - Counties in metro areas of fewer than 250,000 population"
51800,Suffolk city,94324,1,Metro - Counties in metro areas of 1 million population or more
51810,Virginia Beach city,459470,1,Metro - Counties in metro areas of 1 million population or more
51820,Waynesboro city,22196,3,"Metro - Counties in metro areas of fewer than 250,000 population"
51830,Williamsburg city,15425,1,Metro - Counties in metro areas of 1 million population or more
51840,Winchester city,28120,3,"Metro - Counties in metro areas of fewer than 250,000 population"
53001,Adams County,20613,6,"Nonmetro - Urban population of 5,000 to 20,000, adjacent to a metro area"
53003,Asotin County,22285,3,"Metro - Counties in metro areas of fewer than 250,000 population"
53005,Benton County,206873,2,"Metro - Counties in metro areas of 250,000 to 1 million population"
53007,Chelan County,79074,3,"Metro - Counties in metro areas of fewer than 250,000 population"
53009,Clallam County,77155,5,"Nonmetro - Urban population of 20,000 or more, not adjacent to a metro area"
53011,Clark County,503311,1,Metro - Counties in metro areas of 1 million population or more
53013,Columbia County,3952,8,"Nonmetro - Urban population of fewer than 5,000, adjacent to a metro area"
53015,Cowlitz County,110730,3,"Metro - Counties in metro areas of fewer than 250,000 population"
53017,Douglas County,42938,3,"Metro - Counties in metro areas of fewer than 250,000 population"
53019,Ferry County,7178,8,"Nonmetro - Urban population of fewer than 5,000, adjacent to a metro area"
53021,Franklin County,96749,2,"Metro - Counties in metro areas of 250,000 to 1 million population"
53023,Garfield County,2286,8,"Nonmetro - Urban population of fewer than 5,000, adjacent to a metro area"
53025,Grant County,99123,5,"Nonmetro - Urban population of 20,000 or more, not adjacent to a metro area"
53027,Grays Harbor County,75636,4,"Nonmetro - Urban population of 20,000 or more, adjacent to a metro area"
53029,Island County,86857,4,"Nonmetro - Urban population of 20,000 or more, adjacent to a metro area"
53031,Jefferson County,32977,6,"Nonmetro - Urban population of 5,000 to 20,000, adjacent to a metro area"
53033,King County,2269675,1,Metro - Counties in metro areas of 1 million population or more
53035,Kitsap County,275611,2,"Metro - Counties in metro areas of 250,000 to 1 million population"
53037,Kittitas County,44337,4,"Nonmetro - Urban population of 20,000 or more, adjacent to a metro area"
53039,Klickitat County,22735,9,"Nonmetro - Urban population of fewer than 5,000, not adjacent to a metro area"
53041,Lewis County,82149,4,"Nonmetro - Urban population of 20,000 or more, adjacent to a metro area"
53043,Lincoln County,10876,8,"Nonmetro - Urban population of fewer than 5,000, adjacent to a metro area"
53045,Mason County,65726,4,"Nonmetro - Urban population of 20,000 or more, adjacent to a metro area"
53047,Okanogan County,42104,6,"Nonmetro - Urban population of 5,000 to 20,000, adjacent to a metro area"
53049,Pacific County,23365,7,"Nonmetro - Urban population of 5,000 to 20,000, not adjacent to a metro area"
53051,Pend Oreille County,13401,8,"Nonmetro - Urban population of fewer than 5,000, adjacent to a metro area"
53053,Pierce County,921130,1,Metro - Counties in metro areas of 1 million population or more
53055,San Juan County,17788,9,"Nonmetro - Urban population of fewer than 5,000, not adjacent to a metro area"
53057,Skagit County,129523,3,"Metro - Counties in metro areas of fewer than 250,000 population"
53059,Skamania County,12036,1,Metro - Counties in metro areas of 1 million population or more
53061,Snohomish County,827957,1,Metro - Counties in metro areas of 1 million population or more
53063,Spokane County,539339,2,"Metro - Counties in metro areas of 250,000 to 1 million population"
53065,Stevens County,46445,2,"Metro - Counties in metro areas of 250,000 to 1 million population"
53067,Thurston County,294793,2,"Metro - Counties in metro areas of 250,000 to 1 million population"
53069,Wahkiakum County,4422,8,"Nonmetro - Urban population of fewer than 5,000, adjacent to a metro area"
53071,Walla Walla County,62584,3,"Metro - Counties in metro areas of fewer than 250,000 population"
53073,Whatcom County,226847,3,"Metro - Counties in metro areas of fewer than 250,000 population"
53075,Whitman County,47973,4,"Nonmetro - Urban population of 20,000 or more, adjacent to a metro area"
53077,Yakima County,256728,2,"Metro - Counties in metro areas of 250,000 to 1 million population"
54001,Barbour County,15465,9,"Nonmetro - Urban population of fewer than 5,000, not adjacent to a metro area"
54003,Berkeley County,122076,2,"Metro - Counties in metro areas of 250,000 to 1 million population"
54005,Boone County,21809,3,"Metro - Counties in metro areas of fewer than 250,000 population"
54007,Braxton County,12447,8,"Nonmetro - Urban population of fewer than 5,000, adjacent to a metro area"
54009,Brooke County,22559,3,"Metro - Counties in metro areas of fewer than 250,000 population"
54011,Cabell County,94350,2,"Metro - Counties in metro areas of 250,000 to 1 million population"
54013,Calhoun County,6229,8,"Nonmetro - Urban population of fewer than 5,000, adjacent to a metro area"
54015,Clay County,8051,3,"Metro - Counties in metro areas of fewer than 250,000 population"
54017,Doddridge County,7808,9,"Nonmetro - Urban population of fewer than 5,000, not adjacent to a metro area"
54019,Fayette County,40488,3,"Metro - Counties in metro areas of fewer than 250,000 population"
54021,Gilmer County,7408,9,"Nonmetro - Urban population of fewer than 5,000, not adjacent to a metro area"
54023,Grant County,10976,9,"Nonmetro - Urban population of fewer than 5,000, not adjacent to a metro area"
54025,Greenbrier County,32977,6,"Nonmetro - Urban population of 5,000 to 20,000, adjacent to a metro area"
54027,Hampshire County,23093,3,"Metro - Counties in metro areas of fewer than 250,000 population"
54029,Hancock County,29095,3,"Metro - Counties in metro areas of fewer than 250,000 population"
54031,Hardy County,14299,8,"Nonmetro - Urban population of fewer than 5,000, adjacent to a metro area"
54033,Harrison County,65921,5,"Nonmetro - Urban population of 20,000 or more, not adjacent to a metro area"
54035,Jackson County,27791,8,"Nonmetro - Urban population of fewer than 5,000, adjacent to a metro area"
54037,Jefferson County,57701,1,Metro - Counties in metro areas of 1 million population or more
54039,Kanawha County,180745,3,"Metro - Counties in metro areas of fewer than 250,000 population"
54041,Lewis County,17033,9,"Nonmetro - Urban population of fewer than 5,000, not adjacent to a metro area"
54043,Lincoln County,20463,8,"Nonmetro - Urban population of fewer than 5,000, adjacent to a metro area"
54045,Logan County,32567,6,"Nonmetro - Urban population of 5,000 to 20,000, adjacent to a metro area"
54047,McDowell County,19111,9,"Nonmetro - Urban population of fewer than 5,000, not adjacent to a metro area"
54049,Marion County,56205,4,"Nonmetro - Urban population of 20,000 or more, adjacent to a metro area"
54051,Marshall County,30591,3,"Metro - Counties in metro areas of fewer than 250,000 population"
54053,Mason County,25453,6,"Nonmetro - Urban population of 5,000 to 20,000, adjacent to a metro area"
54055,Mercer County,59664,4,"Nonmetro - Urban population of 20,000 or more, adjacent to a metro area"
54057,Mineral County,26938,7,"Nonmetro - Urban population of 5,000 to 20,000, not adjacent to a metro area"
54059,Mingo County,23568,8,"Nonmetro - Urban population of fewer than 5,000, adjacent to a metro area"
54061,Monongalia County,105822,3,"Metro - Counties in metro areas of fewer than 250,000 population"
54063,Monroe County,12376,8,"Nonmetro - Urban population of fewer than 5,000, adjacent to a metro area"
54065,Morgan County,17063,2,"Metro - Counties in metro areas of 250,000 to 1 million population"
54067,Nicholas County,24604,8,"Nonmetro - Urban population of fewer than 5,000, adjacent to a metro area"
54069,Ohio County,42425,3,"Metro - Counties in metro areas of fewer than 250,000 population"
54071,Pendleton County,6143,8,"Nonmetro - Urban population of fewer than 5,000, adjacent to a metro area"
54073,Pleasants County,7653,8,"Nonmetro - Urban population of fewer than 5,000, adjacent to a metro area"
54075,Pocahontas County,7869,9,"Nonmetro - Urban population of fewer than 5,000, not adjacent to a metro area"
54077,Preston County,34216,3,"Metro - Counties in metro areas of fewer than 250,000 population"
54079,Putnam County,57440,2,"Metro - Counties in metro areas of 250,000 to 1 million population"
54081,Raleigh County,74591,3,"Metro - Counties in metro areas of fewer than 250,000 population"
54083,Randolph County,27932,7,"Nonmetro - Urban population of 5,000 to 20,000, not adjacent to a metro area"
54085,Ritchie County,8444,8,"Nonmetro - Urban population of fewer than 5,000, adjacent to a metro area"
54087,Roane County,14028,8,"Nonmetro - Urban population of fewer than 5,000, adjacent to a metro area"
54089,Summers County,11959,8,"Nonmetro - Urban population of fewer than 5,000, adjacent to a metro area"
54091,Taylor County,16705,6,"Nonmetro - Urban population of 5,000 to 20,000, adjacent to a metro area"
54093,Tucker County,6762,9,"Nonmetro - Urban population of fewer than 5,000, not adjacent to a metro area"
54095,Tyler County,8313,9,"Nonmetro - Urban population of fewer than 5,000, not adjacent to a metro area"
54097,Upshur County,23816,7,"Nonmetro - Urban population of 5,000 to 20,000, not adjacent to a metro area"
54099,Wayne County,38982,2,"Metro - Counties in metro areas of 250,000 to 1 million population"
54101,Webster County,8378,9,"Nonmetro - Urban population of fewer than 5,000, not adjacent to a metro area"
54103,Wetzel County,14442,7,"Nonmetro - Urban population of 5,000 to 20,000, not adjacent to a metro area"
54105,Wirt County,5194,3,"Metro - Counties in metro areas of fewer than 250,000 population"
54107,Wood County,84296,3,"Metro - Counties in metro areas of fewer than 250,000 population"
54109,Wyoming County,21382,8,"Nonmetro - Urban population of fewer than 5,000, adjacent to a metro area"
55001,Adams County,20654,8,"Nonmetro - Urban population of fewer than 5,000, adjacent to a metro area"
55003,Ashland County,16027,7,"Nonmetro - Urban population of 5,000 to 20,000, not adjacent to a metro area"
55005,Barron County,46711,6,"Nonmetro - Urban population of 5,000 to 20,000, adjacent to a metro area"
55007,Bayfield County,16220,8,"Nonmetro - Urban population of fewer than 5,000, adjacent to a metro area"
55009,Brown County,268740,2,"Metro - Counties in metro areas of 250,000 to 1 million population"
55011,Buffalo County,13317,8,"Nonmetro - Urban population of fewer than 5,000, adjacent to a metro area"
55013,Burnett County,16526,8,"Nonmetro - Urban population of fewer than 5,000, adjacent to a metro area"
55015,Calumet County,52442,3,"Metro - Counties in metro areas of fewer than 250,000 population"
55017,Chippewa County,66297,3,"Metro - Counties in metro areas of fewer than 250,000 population"
55019,Clark County,34659,8,"Nonmetro - Urban population of fewer than 5,000, adjacent to a metro area"
55021,Columbia County,58490,2,"Metro - Counties in metro areas of 250,000 to 1 million population"
55023,Crawford County,16113,6,"Nonmetro - Urban population of 5,000 to 20,000, adjacent to a metro area"
55025,Dane County,561504,2,"Metro - Counties in metro areas of 250,000 to 1 million population"
55027,Dodge County,89396,4,"Nonmetro - Urban population of 20,000 or more, adjacent to a metro area"
55029,Door County,30066,6,"Nonmetro - Urban population of 5,000 to 20,000, adjacent to a metro area"
55031,Douglas County,44295,2,"Metro - Counties in metro areas of 250,000 to 1 million population"
55033,Dunn County,45440,6,"Nonmetro - Urban population of 5,000 to 20,000, adjacent to a metro area"
55035,Eau Claire County,105710,3,"Metro - Counties in metro areas of fewer than 250,000 population"
55037,Florence County,4558,9,"Nonmetro - Urban population of fewer than 5,000, not adjacent to a metro area"
55039,Fond du Lac County,104154,3,"Metro - Counties in metro areas of fewer than 250,000 population"
55041,Forest County,9179,9,"Nonmetro - Urban population of fewer than 5,000, not adjacent to a metro area"
55043,Grant County,51938,6,"Nonmetro - Urban population of 5,000 to 20,000, adjacent to a metro area"
55045,Green County,37093,2,"Metro - Counties in metro areas of 250,000 to 1 million population"
55047,Green Lake County,19018,6,"Nonmetro - Urban population of 5,000 to 20,000, adjacent to a metro area"
55049,Iowa County,23709,2,"Metro - Counties in metro areas of 250,000 to 1 million population"
55051,Iron County,6137,9,"Nonmetro - Urban population of fewer than 5,000, not adjacent to a metro area"
55053,Jackson County,21145,8,"Nonmetro - Urban population of fewer than 5,000, adjacent to a metro area"
55055,Jefferson County,84900,4,"Nonmetro - Urban population of 20,000 or more, adjacent to a metro area"
55057,Juneau County,26718,8,"Nonmetro - Urban population of fewer than 5,000, adjacent to a metro area"
55059,Kenosha County,169151,3,"Metro - Counties in metro areas of fewer than 250,000 population"
55061,Kewaunee County,20563,2,"Metro - Counties in metro areas of 250,000 to 1 million population"
55063,La Crosse County,120784,3,"Metro - Counties in metro areas of fewer than 250,000 population"
55065,Lafayette County,16611,8,"Nonmetro - Urban population of fewer than 5,000, adjacent to a metro area"
55067,Langlade County,19491,6,"Nonmetro - Urban population of 5,000 to 20,000, adjacent to a metro area"
55069,Lincoln County,28415,6,"Nonmetro - Urban population of 5,000 to 20,000, adjacent to a metro area"
55071,Manitowoc County,81359,4,"Nonmetro - Urban population of 20,000 or more, adjacent to a metro area"
55073,Marathon County,138013,3,"Metro - Counties in metro areas of fewer than 250,000 population"
55075,Marinette County,41872,6,"Nonmetro - Urban population of 5,000 to 20,000, adjacent to a metro area"
55077,Marquette County,15592,8,"Nonmetro - Urban population of fewer than 5,000, adjacent to a metro area"
55078,Menominee County,4255,9,"Nonmetro - Urban population of fewer than 5,000, not adjacent to a metro area"
55079,Milwaukee County,939489,1,Metro - Counties in metro areas of 1 million population or more
55081,Monroe County,46274,4,"Nonmetro - Urban population of 20,000 or more, adjacent to a metro area"
55083,Oconto County,38965,2,"Metro - Counties in metro areas of 250,000 to 1 million population"
55085,Oneida County,37845,7,"Nonmetro - Urban population of 5,000 to 20,000, not adjacent to a metro area"
55087,Outagamie County,190705,3,"Metro - Counties in metro areas of fewer than 250,000 population"
55089,Ozaukee County,91503,1,Metro - Counties in metro areas of 1 million population or more
55091,Pepin County,7318,8,"Nonmetro - Urban population of fewer than 5,000, adjacent to a metro area"
55093,Pierce County,42212,1,Metro - Counties in metro areas of 1 million population or more
55095,Polk County,44977,8,"Nonmetro - Urban population of fewer than 5,000, adjacent to a metro area"
55097,Portage County,70377,4,"Nonmetro - Urban population of 20,000 or more, adjacent to a metro area"
55099,Price County,14054,9,"Nonmetro - Urban population of fewer than 5,000, not adjacent to a metro area"
55101,Racine County,197727,3,"Metro - Counties in metro areas of fewer than 250,000 population"
55103,Richland County,17304,8,"Nonmetro - Urban population of fewer than 5,000, adjacent to a metro area"
55105,Rock County,163687,3,"Metro - Counties in metro areas of fewer than 250,000 population"
55107,Rusk County,14188,8,"Nonmetro - Urban population of fewer than 5,000, adjacent to a metro area"
55109,St. Croix County,93536,1,Metro - Counties in metro areas of 1 million population or more
55111,Sauk County,65763,4,"Nonmetro - Urban population of 20,000 or more, adjacent to a metro area"
55113,Sawyer County,18074,9,"Nonmetro - Urban population of fewer than 5,000, not adjacent to a metro area"
55115,Shawano County,40881,6,"Nonmetro - Urban population of 5,000 to 20,000, adjacent to a metro area"
55117,Sheboygan County,118034,3,"Metro - Counties in metro areas of fewer than 250,000 population"
55119,Taylor County,19913,8,"Nonmetro - Urban population of fewer than 5,000, adjacent to a metro area"
55121,Trempealeau County,30760,8,"Nonmetro - Urban population of fewer than 5,000, adjacent to a metro area"
55123,Vernon County,30714,3,"Metro - Counties in metro areas of fewer than 250,000 population"
55125,Vilas County,23047,9,"Nonmetro - Urban population of fewer than 5,000, not adjacent to a metro area"
55127,Walworth County,106478,4,"Nonmetro - Urban population of 20,000 or more, adjacent to a metro area"
55129,Washburn County,16623,8,"Nonmetro - Urban population of fewer than 5,000, adjacent to a metro area"
55131,Washington County,136761,1,Metro - Counties in metro areas of 1 million population or more
55133,Waukesha County,406978,1,Metro - Counties in metro areas of 1 million population or more
55135,Waupaca County,51812,6,"Nonmetro - Urban population of 5,000 to 20,000, adjacent to a metro area"
55137,Waushara County,24520,8,"Nonmetro - Urban population of fewer than 5,000, adjacent to a metro area"
55139,Winnebago County,171730,3,"Metro - Counties in metro areas of fewer than 250,000 population"
55141,Wood County,74207,4,"Nonmetro - Urban population of 20,000 or more, adjacent to a metro area"
56001,Albany County,37066,4,"Nonmetro - Urban population of 20,000 or more, adjacent to a metro area"
56003,Big Horn County,11521,9,"Nonmetro - Urban population of fewer than 5,000, not adjacent to a metro area"
56005,Campbell County,47026,5,"Nonmetro - Urban population of 20,000 or more, not adjacent to a metro area"
56007,Carbon County,14537,7,"Nonmetro - Urban population of 5,000 to 20,000, not adjacent to a metro area"
56009,Converse County,13751,6,"Nonmetro - Urban population of 5,000 to 20,000, adjacent to a metro area"
56011,Crook County,7181,9,"Nonmetro - Urban population of fewer than 5,000, not adjacent to a metro area"
56013,Fremont County,39234,7,"Nonmetro - Urban population of 5,000 to 20,000, not adjacent to a metro area"
56015,Goshen County,12498,7,"Nonmetro - Urban population of 5,000 to 20,000, not adjacent to a metro area"
56017,Hot Springs County,4621,9,"Nonmetro - Urban population of fewer than 5,000, not adjacent to a metro area"
56019,Johnson County,8447,9,"Nonmetro - Urban population of fewer than 5,000, not adjacent to a metro area"
56021,Laramie County,100512,3,"Metro - Counties in metro areas of fewer than 250,000 population"
56023,Lincoln County,19581,9,"Nonmetro - Urban population of fewer than 5,000, not adjacent to a metro area"
56025,Natrona County,79955,3,"Metro - Counties in metro areas of fewer than 250,000 population"
56027,Niobrara County,2467,9,"Nonmetro - Urban population of fewer than 5,000, not adjacent to a metro area"
56029,Park County,29624,7,"Nonmetro - Urban population of 5,000 to 20,000, not adjacent to a metro area"
56031,Platte County,8605,8,"Nonmetro - Urban population of fewer than 5,000, adjacent to a metro area"
56033,Sheridan County,30921,7,"Nonmetro - Urban population of 5,000 to 20,000, not adjacent to a metro area"
56035,Sublette County,8728,9,"Nonmetro - Urban population of fewer than 5,000, not adjacent to a metro area"
56037,Sweetwater County,42272,5,"Nonmetro - Urban population of 20,000 or more, not adjacent to a metro area"
56039,Teton County,23331,7,"Nonmetro - Urban population of 5,000 to 20,000, not adjacent to a metro area"
56041,Uinta County,20450,7,"Nonmetro - Urban population of 5,000 to 20,000, not adjacent to a metro area"
56043,Washakie County,7685,9,"Nonmetro - Urban population of fewer than 5,000, not adjacent to a metro area"
56045,Weston County,6838,9,"Nonmetro - Urban population of fewer than 5,000, not adjacent to a metro area"
60010,Eastern District,17059,7,"Nonmetro - Urban population of 5,000 to 20,000, not adjacent to a metro area"
60020,Manu'a District,832,9,"Nonmetro - Urban population of fewer than 5,000, not adjacent to a metro area"
60030,Rose Island,0,NA,Not Applicable
60040,Swains Island,0,NA,Not Applicable
60050,Western District,31819,5,"Nonmetro - Urban population of 20,000 or more, not adjacent to a metro area"
66010,Guam,153836,5,"Nonmetro - Urban population of 20,000 or more, not adjacent to a metro area"
69085,Northern Islands Municipality,7,9,"Nonmetro - Urban population of fewer than 5,000, not adjacent to a metro area"
69100,Rota Municipality,1893,9,"Nonmetro - Urban population of fewer than 5,000, not adjacent to a metro area"
69110,Saipan Municipality,43385,5,"Nonmetro - Urban population of 20,000 or more, not adjacent to a metro area"
69120,Tinian Municipality,2044,9,"Nonmetro - Urban population of fewer than 5,000, not adjacent to a metro area"
72001,Adjuntas Municipio,18020,6,"Nonmetro - Urban population of 5,000 to 20,000, adjacent to a metro area"
72003,Aguada Municipio,38136,2,"Metro - Counties in metro areas of 250,000 to 1 million population"
72005,Aguadilla Municipio,55101,2,"Metro - Counties in metro areas of 250,000 to 1 million population"
72007,Aguas Buenas Municipio,24223,1,Metro - Counties in metro areas of 1 million population or more
72009,Aibonito Municipio,24637,1,Metro - Counties in metro areas of 1 million population or more
72011,Añasco Municipio,25596,2,"Metro - Counties in metro areas of 250,000 to 1 million population"
72013,Arecibo Municipio,87754,3,"Metro - Counties in metro areas of fewer than 250,000 population"
72015,Arroyo Municipio,15843,3,"Metro - Counties in metro areas of fewer than 250,000 population"
72017,Barceloneta Municipio,22657,1,Metro - Counties in metro areas of 1 million population or more
72019,Barranquitas Municipio,28983,1,Metro - Counties in metro areas of 1 million population or more
72021,Bayamón Municipio,185187,1,Metro - Counties in metro areas of 1 million population or more
72023,Cabo Rojo Municipio,47158,3,"Metro - Counties in metro areas of fewer than 250,000 population"
72025,Caguas Municipio,127244,1,Metro - Counties in metro areas of 1 million population or more
72027,Camuy Municipio,32827,3,"Metro - Counties in metro areas of fewer than 250,000 population"
72029,Canóvanas Municipio,42337,1,Metro - Counties in metro areas of 1 million population or more
72031,Carolina Municipio,154815,1,Metro - Counties in metro areas of 1 million population or more
72033,Cataño Municipio,23155,1,Metro - Counties in metro areas of 1 million population or more
72035,Cayey Municipio,41652,1,Metro - Counties in metro areas of 1 million population or more
72037,Ceiba Municipio,11307,1,Metro - Counties in metro areas of 1 million population or more
72039,Ciales Municipio,16984,1,Metro - Counties in metro areas of 1 million population or more
72041,Cidra Municipio,39970,1,Metro - Counties in metro areas of 1 million population or more
72043,Coamo Municipio,34668,4,"Nonmetro - Urban population of 20,000 or more, adjacent to a metro area"
72045,Comerío Municipio,18883,1,Metro - Counties in metro areas of 1 million population or more
72047,Corozal Municipio,34571,1,Metro - Counties in metro areas of 1 million population or more
72049,Culebra Municipio,1792,9,"Nonmetro - Urban population of fewer than 5,000, not adjacent to a metro area"
72051,Dorado Municipio,35879,1,Metro - Counties in metro areas of 1 million population or more
72053,Fajardo Municipio,32124,1,Metro - Counties in metro areas of 1 million population or more
72054,Florida Municipio,11692,1,Metro - Counties in metro areas of 1 million population or more
72055,Guánica Municipio,13787,6,"Nonmetro - Urban population of 5,000 to 20,000, adjacent to a metro area"
72057,Guayama Municipio,36614,3,"Metro - Counties in metro areas of fewer than 250,000 population"
72059,Guayanilla Municipio,17784,2,"Metro - Counties in metro areas of 250,000 to 1 million population"
72061,Guaynabo Municipio,89780,1,Metro - Counties in metro areas of 1 million population or more
72063,Gurabo Municipio,40622,1,Metro - Counties in metro areas of 1 million population or more
72065,Hatillo Municipio,38486,3,"Metro - Counties in metro areas of fewer than 250,000 population"
72067,Hormigueros Municipio,15654,3,"Metro - Counties in metro areas of fewer than 250,000 population"
72069,Humacao Municipio,50896,1,Metro - Counties in metro areas of 1 million population or more
72071,Isabela Municipio,42943,2,"Metro - Counties in metro areas of 250,000 to 1 million population"
72073,Jayuya Municipio,14779,6,"Nonmetro - Urban population of 5,000 to 20,000, adjacent to a metro area"
72075,Juana Díaz Municipio,46538,2,"Metro - Counties in metro areas of 250,000 to 1 million population"
72077,Juncos Municipio,37012,1,Metro - Counties in metro areas of 1 million population or more
72079,Lajas Municipio,23334,3,"Metro - Counties in metro areas of fewer than 250,000 population"
72081,Lares Municipio,28105,4,"Nonmetro - Urban population of 20,000 or more, adjacent to a metro area"
72083,Las Marías Municipio,8874,8,"Nonmetro - Urban population of fewer than 5,000, adjacent to a metro area"
72085,Las Piedras Municipio,35180,1,Metro - Counties in metro areas of 1 million population or more
72087,Loíza Municipio,23693,1,Metro - Counties in metro areas of 1 million population or more
72089,Luquillo Municipio,17781,1,Metro - Counties in metro areas of 1 million population or more
72091,Manatí Municipio,39492,1,Metro - Counties in metro areas of 1 million population or more
72093,Maricao Municipio,4755,8,"Nonmetro - Urban population of fewer than 5,000, adjacent to a metro area"
72095,Maunabo Municipio,10589,1,Metro - Counties in metro areas of 1 million population or more
72097,Mayagüez Municipio,73077,3,"Metro - Counties in metro areas of fewer than 250,000 population"
72099,Moca Municipio,37460,2,"Metro - Counties in metro areas of 250,000 to 1 million population"
72101,Morovis Municipio,28727,1,Metro - Counties in metro areas of 1 million population or more
72103,Naguabo Municipio,23386,1,Metro - Counties in metro areas of 1 million population or more
72105,Naranjito Municipio,29241,1,Metro - Counties in metro areas of 1 million population or more
72107,Orocovis Municipio,21434,1,Metro - Counties in metro areas of 1 million population or more
72109,Patillas Municipio,15985,3,"Metro - Counties in metro areas of fewer than 250,000 population"
72111,Peñuelas Municipio,20399,2,"Metro - Counties in metro areas of 250,000 to 1 million population"
72113,Ponce Municipio,137491,2,"Metro - Counties in metro areas of 250,000 to 1 million population"
72115,Quebradillas Municipio,23638,3,"Metro - Counties in metro areas of fewer than 250,000 population"
72117,Rincón Municipio,15187,2,"Metro - Counties in metro areas of 250,000 to 1 million population"
72119,Río Grande Municipio,47060,1,Metro - Counties in metro areas of 1 million population or more
72121,Sabana Grande Municipio,22729,3,"Metro - Counties in metro areas of fewer than 250,000 population"
72123,Salinas Municipio,25789,4,"Nonmetro - Urban population of 20,000 or more, adjacent to a metro area"
72125,San Germán Municipio,31879,3,"Metro - Counties in metro areas of fewer than 250,000 population"
72127,San Juan Municipio,342259,1,Metro - Counties in metro areas of 1 million population or more
72129,San Lorenzo Municipio,37693,1,Metro - Counties in metro areas of 1 million population or more
72131,San Sebastián Municipio,39345,2,"Metro - Counties in metro areas of 250,000 to 1 million population"
72133,Santa Isabel Municipio,20281,6,"Nonmetro - Urban population of 5,000 to 20,000, adjacent to a metro area"
72135,Toa Alta Municipio,66852,1,Metro - Counties in metro areas of 1 million population or more
72137,Toa Baja Municipio,75293,1,Metro - Counties in metro areas of 1 million population or more
72139,Trujillo Alto Municipio,67740,1,Metro - Counties in metro areas of 1 million population or more
72141,Utuado Municipio,28287,6,"Nonmetro - Urban population of 5,000 to 20,000, adjacent to a metro area"
72143,Vega Alta Municipio,35395,1,Metro - Counties in metro areas of 1 million population or more
72145,Vega Baja Municipio,54414,1,Metro - Counties in metro areas of 1 million population or more
72147,Vieques Municipio,8249,6,"Nonmetro - Urban population of 5,000 to 20,000, adjacent to a metro area"
72149,Villalba Municipio,22093,2,"Metro - Counties in metro areas of 250,000 to 1 million population"
72151,Yabucoa Municipio,30426,1,Metro - Counties in metro areas of 1 million population or more
72153,Yauco Municipio,34172,2,"Metro - Counties in metro areas of 250,000 to 1 million population"
78010,St. Croix Island,41004,5,"Nonmetro - Urban population of 20,000 or more, not adjacent to a metro area"
78020,St. John Island,3881,9,"Nonmetro - Urban population of fewer than 5,000, not adjacent to a metro area"
78030,St. Thomas Island,42261,5,"Nonmetro - Urban population of 20,000 or more, not adjacent to a metro area"
